{
    "loss_actor": 0.11520944535732269,
    "loss_value": 13.255677223205566,
    "step": 99,
    "avg_reward": 0.3190677346040805,
    "max_reward": 10.0,
    "sum_reward": 9.888889094193777,
    "avg_collection_time": 353.44444783528644,
    "episode_duration": 33.333333333333336,
    "completion_time": 500.0,
    "all_collected": 0.0,
    "num_collected": 3.6666666666666665,
    "end_cause_NONE": 0,
    "end_cause_TIMEOUT": 0,
    "end_cause_ALL_COLLECTED": 0,
    "end_cause_STALLED": 3
}
