step	avg_collection_time
0	330.9259481837607
1	330.46555247890296
2	331.17569221866097
3	332.0658942256871
4	332.7840202487245
5	335.4279441248257
6	372.4898073186528
7	393.24441687344915
8	408.83413256151744
9	419.8308125363795
10	427.9626639318297
11	434.03179350875223
12	439.0271297089041
