step	avg_reward
0	0.4106983608669705
1	0.4465469489117715
2	0.43927308433076256
3	0.43720170357766663
4	0.42690180434661656
5	0.40512512185749816
6	0.07177667568384674
7	-0.11562010115882994
8	-0.2540782920644451
9	-0.3511420684032862
10	-0.422792161109178
11	-0.4769828032762401
12	-0.5213664067934637
