step	episode_duration
0	34.92307692307692
1	34.45147679324894
2	34.86609686609687
3	34.530655391120504
4	34.69897959183673
5	34.15899581589958
6	29.630051813471503
7	27.043010752688172
8	25.159261790840738
9	23.81722933643772
10	22.818550430816018
11	22.056552962298024
12	21.44480257856567
