step	loss_policy
0	-3.0543537586927414
1	-2.921369880437851
2	nan
3	nan
4	nan
5	nan
6	nan
7	nan
8	nan
9	nan
10	nan
11	nan
12	nan
