step	loss_value
0	3.3669280111789703
1	3.2181871831417084
2	nan
3	nan
4	nan
5	nan
6	nan
7	nan
8	nan
9	nan
10	nan
11	nan
12	nan
