step	max_reward
0	13.018518170739851
1	12.807665088508703
2	12.99857515079683
3	13.014270355031051
4	12.975765098519878
5	12.580543762802911
6	9.365975691246863
7	7.555762234948902
8	6.222317073089329
9	5.2984574387875645
10	4.6203749985847145
11	4.105849734328594
12	3.682312596526288
