step	num_collected
0	4.273504273504273
1	4.2784810126582276
2	4.267806267806268
3	4.241014799154334
4	4.226190476190476
5	4.157601115760111
6	3.216580310880829
7	2.688999172870141
8	2.293233082706767
9	2.0139697322467986
10	1.8073998986315256
11	1.6530520646319569
12	1.5261885576148269
