step	sum_reward
0	17.710115351228634
1	18.402251038370252
2	17.994065504807693
3	17.73044449078356
4	17.4122733810321
5	16.895513771301864
6	8.961830700493847
7	4.503928765864092
8	1.196456857030716
9	-1.1330521642398501
10	-2.8612520862701154
11	-4.165282929179057
12	-5.231365981551546
