matchup,game,competitor,run_id,preset,repetition,seat,points,pudding,outcome,opponents
1,1,fixed_2p/repetition_1,211a23690c7249b59eee5027400e397e,fixed_2p,1,0,56,3,loss,variable_2_4/repetition_1
1,1,variable_2_4/repetition_1,bf23b43ba2e94b7d994bbae85dbabef5,variable_2_4,1,1,60,4,win,fixed_2p/repetition_1
1,2,fixed_2p/repetition_1,211a23690c7249b59eee5027400e397e,fixed_2p,1,0,49,3,loss,variable_2_4/repetition_1
1,2,variable_2_4/repetition_1,bf23b43ba2e94b7d994bbae85dbabef5,variable_2_4,1,1,55,2,win,fixed_2p/repetition_1
1,3,fixed_2p/repetition_1,211a23690c7249b59eee5027400e397e,fixed_2p,1,0,57,5,win,variable_2_4/repetition_1
1,3,variable_2_4/repetition_1,bf23b43ba2e94b7d994bbae85dbabef5,variable_2_4,1,1,50,3,loss,fixed_2p/repetition_1
1,4,variable_2_4/repetition_1,bf23b43ba2e94b7d994bbae85dbabef5,variable_2_4,1,0,54,2,loss,fixed_2p/repetition_1
1,4,fixed_2p/repetition_1,211a23690c7249b59eee5027400e397e,fixed_2p,1,1,66,3,win,variable_2_4/repetition_1
1,5,variable_2_4/repetition_1,bf23b43ba2e94b7d994bbae85dbabef5,variable_2_4,1,0,57,0,win,fixed_2p/repetition_1
1,5,fixed_2p/repetition_1,211a23690c7249b59eee5027400e397e,fixed_2p,1,1,39,5,loss,variable_2_4/repetition_1
1,6,fixed_2p/repetition_1,211a23690c7249b59eee5027400e397e,fixed_2p,1,0,67,2,win,variable_2_4/repetition_1
1,6,variable_2_4/repetition_1,bf23b43ba2e94b7d994bbae85dbabef5,variable_2_4,1,1,59,4,loss,fixed_2p/repetition_1
1,7,fixed_2p/repetition_1,211a23690c7249b59eee5027400e397e,fixed_2p,1,0,56,3,loss,variable_2_4/repetition_1
1,7,variable_2_4/repetition_1,bf23b43ba2e94b7d994bbae85dbabef5,variable_2_4,1,1,61,4,win,fixed_2p/repetition_1
1,8,variable_2_4/repetition_1,bf23b43ba2e94b7d994bbae85dbabef5,variable_2_4,1,0,59,3,loss,fixed_2p/repetition_1
1,8,fixed_2p/repetition_1,211a23690c7249b59eee5027400e397e,fixed_2p,1,1,62,4,win,variable_2_4/repetition_1
1,9,fixed_2p/repetition_1,211a23690c7249b59eee5027400e397e,fixed_2p,1,0,60,2,win,variable_2_4/repetition_1
1,9,variable_2_4/repetition_1,bf23b43ba2e94b7d994bbae85dbabef5,variable_2_4,1,1,51,5,loss,fixed_2p/repetition_1
1,10,variable_2_4/repetition_1,bf23b43ba2e94b7d994bbae85dbabef5,variable_2_4,1,0,63,4,loss,fixed_2p/repetition_1
1,10,fixed_2p/repetition_1,211a23690c7249b59eee5027400e397e,fixed_2p,1,1,71,2,win,variable_2_4/repetition_1
1,11,variable_2_4/repetition_1,bf23b43ba2e94b7d994bbae85dbabef5,variable_2_4,1,0,44,1,loss,fixed_2p/repetition_1
1,11,fixed_2p/repetition_1,211a23690c7249b59eee5027400e397e,fixed_2p,1,1,55,5,win,variable_2_4/repetition_1
1,12,fixed_2p/repetition_1,211a23690c7249b59eee5027400e397e,fixed_2p,1,0,63,3,win,variable_2_4/repetition_1
1,12,variable_2_4/repetition_1,bf23b43ba2e94b7d994bbae85dbabef5,variable_2_4,1,1,48,2,loss,fixed_2p/repetition_1
1,13,fixed_2p/repetition_1,211a23690c7249b59eee5027400e397e,fixed_2p,1,0,66,1,win,variable_2_4/repetition_1
1,13,variable_2_4/repetition_1,bf23b43ba2e94b7d994bbae85dbabef5,variable_2_4,1,1,51,4,loss,fixed_2p/repetition_1
1,14,fixed_2p/repetition_1,211a23690c7249b59eee5027400e397e,fixed_2p,1,0,42,5,loss,variable_2_4/repetition_1
1,14,variable_2_4/repetition_1,bf23b43ba2e94b7d994bbae85dbabef5,variable_2_4,1,1,48,1,win,fixed_2p/repetition_1
1,15,fixed_2p/repetition_1,211a23690c7249b59eee5027400e397e,fixed_2p,1,0,41,2,loss,variable_2_4/repetition_1
1,15,variable_2_4/repetition_1,bf23b43ba2e94b7d994bbae85dbabef5,variable_2_4,1,1,65,3,win,fixed_2p/repetition_1
1,16,fixed_2p/repetition_1,211a23690c7249b59eee5027400e397e,fixed_2p,1,0,58,2,win,variable_2_4/repetition_1
1,16,variable_2_4/repetition_1,bf23b43ba2e94b7d994bbae85dbabef5,variable_2_4,1,1,43,4,loss,fixed_2p/repetition_1
1,17,fixed_2p/repetition_1,211a23690c7249b59eee5027400e397e,fixed_2p,1,0,47,5,loss,variable_2_4/repetition_1
1,17,variable_2_4/repetition_1,bf23b43ba2e94b7d994bbae85dbabef5,variable_2_4,1,1,54,1,win,fixed_2p/repetition_1
1,18,fixed_2p/repetition_1,211a23690c7249b59eee5027400e397e,fixed_2p,1,0,49,2,loss,variable_2_4/repetition_1
1,18,variable_2_4/repetition_1,bf23b43ba2e94b7d994bbae85dbabef5,variable_2_4,1,1,58,0,win,fixed_2p/repetition_1
1,19,fixed_2p/repetition_1,211a23690c7249b59eee5027400e397e,fixed_2p,1,0,50,3,win,variable_2_4/repetition_1
1,19,variable_2_4/repetition_1,bf23b43ba2e94b7d994bbae85dbabef5,variable_2_4,1,1,44,2,loss,fixed_2p/repetition_1
1,20,fixed_2p/repetition_1,211a23690c7249b59eee5027400e397e,fixed_2p,1,0,63,1,win,variable_2_4/repetition_1
1,20,variable_2_4/repetition_1,bf23b43ba2e94b7d994bbae85dbabef5,variable_2_4,1,1,55,3,loss,fixed_2p/repetition_1
1,21,variable_2_4/repetition_1,bf23b43ba2e94b7d994bbae85dbabef5,variable_2_4,1,0,62,3,win,fixed_2p/repetition_1
1,21,fixed_2p/repetition_1,211a23690c7249b59eee5027400e397e,fixed_2p,1,1,51,3,loss,variable_2_4/repetition_1
1,22,fixed_2p/repetition_1,211a23690c7249b59eee5027400e397e,fixed_2p,1,0,57,3,loss,variable_2_4/repetition_1
1,22,variable_2_4/repetition_1,bf23b43ba2e94b7d994bbae85dbabef5,variable_2_4,1,1,64,4,win,fixed_2p/repetition_1
1,23,variable_2_4/repetition_1,bf23b43ba2e94b7d994bbae85dbabef5,variable_2_4,1,0,54,4,win,fixed_2p/repetition_1
1,23,fixed_2p/repetition_1,211a23690c7249b59eee5027400e397e,fixed_2p,1,1,54,1,loss,variable_2_4/repetition_1
1,24,variable_2_4/repetition_1,bf23b43ba2e94b7d994bbae85dbabef5,variable_2_4,1,0,55,1,loss,fixed_2p/repetition_1
1,24,fixed_2p/repetition_1,211a23690c7249b59eee5027400e397e,fixed_2p,1,1,55,4,win,variable_2_4/repetition_1
1,25,variable_2_4/repetition_1,bf23b43ba2e94b7d994bbae85dbabef5,variable_2_4,1,0,42,2,loss,fixed_2p/repetition_1
1,25,fixed_2p/repetition_1,211a23690c7249b59eee5027400e397e,fixed_2p,1,1,57,3,win,variable_2_4/repetition_1
1,26,fixed_2p/repetition_1,211a23690c7249b59eee5027400e397e,fixed_2p,1,0,46,3,loss,variable_2_4/repetition_1
1,26,variable_2_4/repetition_1,bf23b43ba2e94b7d994bbae85dbabef5,variable_2_4,1,1,55,5,win,fixed_2p/repetition_1
1,27,fixed_2p/repetition_1,211a23690c7249b59eee5027400e397e,fixed_2p,1,0,50,3,loss,variable_2_4/repetition_1
1,27,variable_2_4/repetition_1,bf23b43ba2e94b7d994bbae85dbabef5,variable_2_4,1,1,56,4,win,fixed_2p/repetition_1
1,28,fixed_2p/repetition_1,211a23690c7249b59eee5027400e397e,fixed_2p,1,0,55,3,loss,variable_2_4/repetition_1
1,28,variable_2_4/repetition_1,bf23b43ba2e94b7d994bbae85dbabef5,variable_2_4,1,1,60,4,win,fixed_2p/repetition_1
1,29,fixed_2p/repetition_1,211a23690c7249b59eee5027400e397e,fixed_2p,1,0,63,0,win,variable_2_4/repetition_1
1,29,variable_2_4/repetition_1,bf23b43ba2e94b7d994bbae85dbabef5,variable_2_4,1,1,53,5,loss,fixed_2p/repetition_1
1,30,fixed_2p/repetition_1,211a23690c7249b59eee5027400e397e,fixed_2p,1,0,56,1,loss,variable_2_4/repetition_1
1,30,variable_2_4/repetition_1,bf23b43ba2e94b7d994bbae85dbabef5,variable_2_4,1,1,56,5,win,fixed_2p/repetition_1
1,31,variable_2_4/repetition_1,bf23b43ba2e94b7d994bbae85dbabef5,variable_2_4,1,0,50,2,loss,fixed_2p/repetition_1
1,31,fixed_2p/repetition_1,211a23690c7249b59eee5027400e397e,fixed_2p,1,1,70,4,win,variable_2_4/repetition_1
1,32,fixed_2p/repetition_1,211a23690c7249b59eee5027400e397e,fixed_2p,1,0,60,3,loss,variable_2_4/repetition_1
1,32,variable_2_4/repetition_1,bf23b43ba2e94b7d994bbae85dbabef5,variable_2_4,1,1,61,3,win,fixed_2p/repetition_1
1,33,variable_2_4/repetition_1,bf23b43ba2e94b7d994bbae85dbabef5,variable_2_4,1,0,50,4,win,fixed_2p/repetition_1
1,33,fixed_2p/repetition_1,211a23690c7249b59eee5027400e397e,fixed_2p,1,1,49,3,loss,variable_2_4/repetition_1
1,34,variable_2_4/repetition_1,bf23b43ba2e94b7d994bbae85dbabef5,variable_2_4,1,0,51,4,loss,fixed_2p/repetition_1
1,34,fixed_2p/repetition_1,211a23690c7249b59eee5027400e397e,fixed_2p,1,1,55,2,win,variable_2_4/repetition_1
1,35,variable_2_4/repetition_1,bf23b43ba2e94b7d994bbae85dbabef5,variable_2_4,1,0,58,3,win,fixed_2p/repetition_1
1,35,fixed_2p/repetition_1,211a23690c7249b59eee5027400e397e,fixed_2p,1,1,55,2,loss,variable_2_4/repetition_1
1,36,fixed_2p/repetition_1,211a23690c7249b59eee5027400e397e,fixed_2p,1,0,39,3,loss,variable_2_4/repetition_1
1,36,variable_2_4/repetition_1,bf23b43ba2e94b7d994bbae85dbabef5,variable_2_4,1,1,57,4,win,fixed_2p/repetition_1
1,37,variable_2_4/repetition_1,bf23b43ba2e94b7d994bbae85dbabef5,variable_2_4,1,0,58,2,win,fixed_2p/repetition_1
1,37,fixed_2p/repetition_1,211a23690c7249b59eee5027400e397e,fixed_2p,1,1,53,5,loss,variable_2_4/repetition_1
1,38,variable_2_4/repetition_1,bf23b43ba2e94b7d994bbae85dbabef5,variable_2_4,1,0,51,4,loss,fixed_2p/repetition_1
1,38,fixed_2p/repetition_1,211a23690c7249b59eee5027400e397e,fixed_2p,1,1,67,1,win,variable_2_4/repetition_1
1,39,fixed_2p/repetition_1,211a23690c7249b59eee5027400e397e,fixed_2p,1,0,55,4,win,variable_2_4/repetition_1
1,39,variable_2_4/repetition_1,bf23b43ba2e94b7d994bbae85dbabef5,variable_2_4,1,1,54,2,loss,fixed_2p/repetition_1
1,40,fixed_2p/repetition_1,211a23690c7249b59eee5027400e397e,fixed_2p,1,0,58,1,win,variable_2_4/repetition_1
1,40,variable_2_4/repetition_1,bf23b43ba2e94b7d994bbae85dbabef5,variable_2_4,1,1,45,4,loss,fixed_2p/repetition_1
1,41,variable_2_4/repetition_1,bf23b43ba2e94b7d994bbae85dbabef5,variable_2_4,1,0,45,3,loss,fixed_2p/repetition_1
1,41,fixed_2p/repetition_1,211a23690c7249b59eee5027400e397e,fixed_2p,1,1,48,4,win,variable_2_4/repetition_1
1,42,fixed_2p/repetition_1,211a23690c7249b59eee5027400e397e,fixed_2p,1,0,52,3,win,variable_2_4/repetition_1
1,42,variable_2_4/repetition_1,bf23b43ba2e94b7d994bbae85dbabef5,variable_2_4,1,1,48,3,loss,fixed_2p/repetition_1
1,43,variable_2_4/repetition_1,bf23b43ba2e94b7d994bbae85dbabef5,variable_2_4,1,0,61,3,win,fixed_2p/repetition_1
1,43,fixed_2p/repetition_1,211a23690c7249b59eee5027400e397e,fixed_2p,1,1,41,4,loss,variable_2_4/repetition_1
1,44,variable_2_4/repetition_1,bf23b43ba2e94b7d994bbae85dbabef5,variable_2_4,1,0,59,2,win,fixed_2p/repetition_1
1,44,fixed_2p/repetition_1,211a23690c7249b59eee5027400e397e,fixed_2p,1,1,57,2,loss,variable_2_4/repetition_1
1,45,variable_2_4/repetition_1,bf23b43ba2e94b7d994bbae85dbabef5,variable_2_4,1,0,48,2,loss,fixed_2p/repetition_1
1,45,fixed_2p/repetition_1,211a23690c7249b59eee5027400e397e,fixed_2p,1,1,55,4,win,variable_2_4/repetition_1
1,46,fixed_2p/repetition_1,211a23690c7249b59eee5027400e397e,fixed_2p,1,0,48,2,loss,variable_2_4/repetition_1
1,46,variable_2_4/repetition_1,bf23b43ba2e94b7d994bbae85dbabef5,variable_2_4,1,1,56,3,win,fixed_2p/repetition_1
1,47,fixed_2p/repetition_1,211a23690c7249b59eee5027400e397e,fixed_2p,1,0,65,3,win,variable_2_4/repetition_1
1,47,variable_2_4/repetition_1,bf23b43ba2e94b7d994bbae85dbabef5,variable_2_4,1,1,52,3,loss,fixed_2p/repetition_1
1,48,variable_2_4/repetition_1,bf23b43ba2e94b7d994bbae85dbabef5,variable_2_4,1,0,61,4,win,fixed_2p/repetition_1
1,48,fixed_2p/repetition_1,211a23690c7249b59eee5027400e397e,fixed_2p,1,1,55,1,loss,variable_2_4/repetition_1
1,49,fixed_2p/repetition_1,211a23690c7249b59eee5027400e397e,fixed_2p,1,0,54,3,loss,variable_2_4/repetition_1
1,49,variable_2_4/repetition_1,bf23b43ba2e94b7d994bbae85dbabef5,variable_2_4,1,1,59,4,win,fixed_2p/repetition_1
1,50,variable_2_4/repetition_1,bf23b43ba2e94b7d994bbae85dbabef5,variable_2_4,1,0,52,1,loss,fixed_2p/repetition_1
1,50,fixed_2p/repetition_1,211a23690c7249b59eee5027400e397e,fixed_2p,1,1,57,2,win,variable_2_4/repetition_1
1,51,fixed_2p/repetition_1,211a23690c7249b59eee5027400e397e,fixed_2p,1,0,51,4,loss,variable_2_4/repetition_1
1,51,variable_2_4/repetition_1,bf23b43ba2e94b7d994bbae85dbabef5,variable_2_4,1,1,53,3,win,fixed_2p/repetition_1
1,52,fixed_2p/repetition_1,211a23690c7249b59eee5027400e397e,fixed_2p,1,0,42,3,win,variable_2_4/repetition_1
1,52,variable_2_4/repetition_1,bf23b43ba2e94b7d994bbae85dbabef5,variable_2_4,1,1,41,4,loss,fixed_2p/repetition_1
1,53,variable_2_4/repetition_1,bf23b43ba2e94b7d994bbae85dbabef5,variable_2_4,1,0,62,5,win,fixed_2p/repetition_1
1,53,fixed_2p/repetition_1,211a23690c7249b59eee5027400e397e,fixed_2p,1,1,53,3,loss,variable_2_4/repetition_1
1,54,fixed_2p/repetition_1,211a23690c7249b59eee5027400e397e,fixed_2p,1,0,59,2,win,variable_2_4/repetition_1
1,54,variable_2_4/repetition_1,bf23b43ba2e94b7d994bbae85dbabef5,variable_2_4,1,1,58,2,loss,fixed_2p/repetition_1
1,55,fixed_2p/repetition_1,211a23690c7249b59eee5027400e397e,fixed_2p,1,0,47,5,win,variable_2_4/repetition_1
1,55,variable_2_4/repetition_1,bf23b43ba2e94b7d994bbae85dbabef5,variable_2_4,1,1,47,1,loss,fixed_2p/repetition_1
1,56,variable_2_4/repetition_1,bf23b43ba2e94b7d994bbae85dbabef5,variable_2_4,1,0,43,5,loss,fixed_2p/repetition_1
1,56,fixed_2p/repetition_1,211a23690c7249b59eee5027400e397e,fixed_2p,1,1,48,2,win,variable_2_4/repetition_1
1,57,fixed_2p/repetition_1,211a23690c7249b59eee5027400e397e,fixed_2p,1,0,56,0,win,variable_2_4/repetition_1
1,57,variable_2_4/repetition_1,bf23b43ba2e94b7d994bbae85dbabef5,variable_2_4,1,1,47,7,loss,fixed_2p/repetition_1
1,58,fixed_2p/repetition_1,211a23690c7249b59eee5027400e397e,fixed_2p,1,0,58,2,loss,variable_2_4/repetition_1
1,58,variable_2_4/repetition_1,bf23b43ba2e94b7d994bbae85dbabef5,variable_2_4,1,1,60,7,win,fixed_2p/repetition_1
1,59,variable_2_4/repetition_1,bf23b43ba2e94b7d994bbae85dbabef5,variable_2_4,1,0,53,3,win,fixed_2p/repetition_1
1,59,fixed_2p/repetition_1,211a23690c7249b59eee5027400e397e,fixed_2p,1,1,50,2,loss,variable_2_4/repetition_1
1,60,variable_2_4/repetition_1,bf23b43ba2e94b7d994bbae85dbabef5,variable_2_4,1,0,60,1,loss,fixed_2p/repetition_1
1,60,fixed_2p/repetition_1,211a23690c7249b59eee5027400e397e,fixed_2p,1,1,60,6,win,variable_2_4/repetition_1
1,61,variable_2_4/repetition_1,bf23b43ba2e94b7d994bbae85dbabef5,variable_2_4,1,0,51,4,win,fixed_2p/repetition_1
1,61,fixed_2p/repetition_1,211a23690c7249b59eee5027400e397e,fixed_2p,1,1,44,2,loss,variable_2_4/repetition_1
1,62,variable_2_4/repetition_1,bf23b43ba2e94b7d994bbae85dbabef5,variable_2_4,1,0,46,3,loss,fixed_2p/repetition_1
1,62,fixed_2p/repetition_1,211a23690c7249b59eee5027400e397e,fixed_2p,1,1,60,3,win,variable_2_4/repetition_1
1,63,fixed_2p/repetition_1,211a23690c7249b59eee5027400e397e,fixed_2p,1,0,48,2,loss,variable_2_4/repetition_1
1,63,variable_2_4/repetition_1,bf23b43ba2e94b7d994bbae85dbabef5,variable_2_4,1,1,61,3,win,fixed_2p/repetition_1
1,64,variable_2_4/repetition_1,bf23b43ba2e94b7d994bbae85dbabef5,variable_2_4,1,0,54,6,loss,fixed_2p/repetition_1
1,64,fixed_2p/repetition_1,211a23690c7249b59eee5027400e397e,fixed_2p,1,1,63,1,win,variable_2_4/repetition_1
1,65,variable_2_4/repetition_1,bf23b43ba2e94b7d994bbae85dbabef5,variable_2_4,1,0,57,3,tie,fixed_2p/repetition_1
1,65,fixed_2p/repetition_1,211a23690c7249b59eee5027400e397e,fixed_2p,1,1,57,3,tie,variable_2_4/repetition_1
1,66,variable_2_4/repetition_1,bf23b43ba2e94b7d994bbae85dbabef5,variable_2_4,1,0,55,3,win,fixed_2p/repetition_1
1,66,fixed_2p/repetition_1,211a23690c7249b59eee5027400e397e,fixed_2p,1,1,47,3,loss,variable_2_4/repetition_1
1,67,fixed_2p/repetition_1,211a23690c7249b59eee5027400e397e,fixed_2p,1,0,50,4,loss,variable_2_4/repetition_1
1,67,variable_2_4/repetition_1,bf23b43ba2e94b7d994bbae85dbabef5,variable_2_4,1,1,62,2,win,fixed_2p/repetition_1
1,68,fixed_2p/repetition_1,211a23690c7249b59eee5027400e397e,fixed_2p,1,0,57,3,win,variable_2_4/repetition_1
1,68,variable_2_4/repetition_1,bf23b43ba2e94b7d994bbae85dbabef5,variable_2_4,1,1,49,3,loss,fixed_2p/repetition_1
1,69,fixed_2p/repetition_1,211a23690c7249b59eee5027400e397e,fixed_2p,1,0,54,1,loss,variable_2_4/repetition_1
1,69,variable_2_4/repetition_1,bf23b43ba2e94b7d994bbae85dbabef5,variable_2_4,1,1,55,1,win,fixed_2p/repetition_1
1,70,fixed_2p/repetition_1,211a23690c7249b59eee5027400e397e,fixed_2p,1,0,56,3,loss,variable_2_4/repetition_1
1,70,variable_2_4/repetition_1,bf23b43ba2e94b7d994bbae85dbabef5,variable_2_4,1,1,59,3,win,fixed_2p/repetition_1
1,71,variable_2_4/repetition_1,bf23b43ba2e94b7d994bbae85dbabef5,variable_2_4,1,0,46,5,loss,fixed_2p/repetition_1
1,71,fixed_2p/repetition_1,211a23690c7249b59eee5027400e397e,fixed_2p,1,1,48,2,win,variable_2_4/repetition_1
1,72,fixed_2p/repetition_1,211a23690c7249b59eee5027400e397e,fixed_2p,1,0,41,4,loss,variable_2_4/repetition_1
1,72,variable_2_4/repetition_1,bf23b43ba2e94b7d994bbae85dbabef5,variable_2_4,1,1,44,2,win,fixed_2p/repetition_1
1,73,variable_2_4/repetition_1,bf23b43ba2e94b7d994bbae85dbabef5,variable_2_4,1,0,59,0,loss,fixed_2p/repetition_1
1,73,fixed_2p/repetition_1,211a23690c7249b59eee5027400e397e,fixed_2p,1,1,59,3,win,variable_2_4/repetition_1
1,74,fixed_2p/repetition_1,211a23690c7249b59eee5027400e397e,fixed_2p,1,0,47,1,loss,variable_2_4/repetition_1
1,74,variable_2_4/repetition_1,bf23b43ba2e94b7d994bbae85dbabef5,variable_2_4,1,1,49,5,win,fixed_2p/repetition_1
1,75,fixed_2p/repetition_1,211a23690c7249b59eee5027400e397e,fixed_2p,1,0,53,4,loss,variable_2_4/repetition_1
1,75,variable_2_4/repetition_1,bf23b43ba2e94b7d994bbae85dbabef5,variable_2_4,1,1,55,2,win,fixed_2p/repetition_1
1,76,variable_2_4/repetition_1,bf23b43ba2e94b7d994bbae85dbabef5,variable_2_4,1,0,62,3,win,fixed_2p/repetition_1
1,76,fixed_2p/repetition_1,211a23690c7249b59eee5027400e397e,fixed_2p,1,1,46,2,loss,variable_2_4/repetition_1
1,77,variable_2_4/repetition_1,bf23b43ba2e94b7d994bbae85dbabef5,variable_2_4,1,0,62,3,win,fixed_2p/repetition_1
1,77,fixed_2p/repetition_1,211a23690c7249b59eee5027400e397e,fixed_2p,1,1,56,1,loss,variable_2_4/repetition_1
1,78,variable_2_4/repetition_1,bf23b43ba2e94b7d994bbae85dbabef5,variable_2_4,1,0,59,4,win,fixed_2p/repetition_1
1,78,fixed_2p/repetition_1,211a23690c7249b59eee5027400e397e,fixed_2p,1,1,58,2,loss,variable_2_4/repetition_1
1,79,variable_2_4/repetition_1,bf23b43ba2e94b7d994bbae85dbabef5,variable_2_4,1,0,58,3,win,fixed_2p/repetition_1
1,79,fixed_2p/repetition_1,211a23690c7249b59eee5027400e397e,fixed_2p,1,1,51,5,loss,variable_2_4/repetition_1
1,80,variable_2_4/repetition_1,bf23b43ba2e94b7d994bbae85dbabef5,variable_2_4,1,0,63,3,win,fixed_2p/repetition_1
1,80,fixed_2p/repetition_1,211a23690c7249b59eee5027400e397e,fixed_2p,1,1,46,2,loss,variable_2_4/repetition_1
1,81,fixed_2p/repetition_1,211a23690c7249b59eee5027400e397e,fixed_2p,1,0,59,4,win,variable_2_4/repetition_1
1,81,variable_2_4/repetition_1,bf23b43ba2e94b7d994bbae85dbabef5,variable_2_4,1,1,48,3,loss,fixed_2p/repetition_1
1,82,fixed_2p/repetition_1,211a23690c7249b59eee5027400e397e,fixed_2p,1,0,55,4,win,variable_2_4/repetition_1
1,82,variable_2_4/repetition_1,bf23b43ba2e94b7d994bbae85dbabef5,variable_2_4,1,1,48,1,loss,fixed_2p/repetition_1
1,83,fixed_2p/repetition_1,211a23690c7249b59eee5027400e397e,fixed_2p,1,0,52,3,win,variable_2_4/repetition_1
1,83,variable_2_4/repetition_1,bf23b43ba2e94b7d994bbae85dbabef5,variable_2_4,1,1,51,3,loss,fixed_2p/repetition_1
1,84,variable_2_4/repetition_1,bf23b43ba2e94b7d994bbae85dbabef5,variable_2_4,1,0,54,2,loss,fixed_2p/repetition_1
1,84,fixed_2p/repetition_1,211a23690c7249b59eee5027400e397e,fixed_2p,1,1,72,3,win,variable_2_4/repetition_1
1,85,fixed_2p/repetition_1,211a23690c7249b59eee5027400e397e,fixed_2p,1,0,57,3,loss,variable_2_4/repetition_1
1,85,variable_2_4/repetition_1,bf23b43ba2e94b7d994bbae85dbabef5,variable_2_4,1,1,67,3,win,fixed_2p/repetition_1
1,86,fixed_2p/repetition_1,211a23690c7249b59eee5027400e397e,fixed_2p,1,0,56,2,win,variable_2_4/repetition_1
1,86,variable_2_4/repetition_1,bf23b43ba2e94b7d994bbae85dbabef5,variable_2_4,1,1,55,5,loss,fixed_2p/repetition_1
1,87,variable_2_4/repetition_1,bf23b43ba2e94b7d994bbae85dbabef5,variable_2_4,1,0,59,4,loss,fixed_2p/repetition_1
1,87,fixed_2p/repetition_1,211a23690c7249b59eee5027400e397e,fixed_2p,1,1,60,0,win,variable_2_4/repetition_1
1,88,variable_2_4/repetition_1,bf23b43ba2e94b7d994bbae85dbabef5,variable_2_4,1,0,44,4,loss,fixed_2p/repetition_1
1,88,fixed_2p/repetition_1,211a23690c7249b59eee5027400e397e,fixed_2p,1,1,57,2,win,variable_2_4/repetition_1
1,89,variable_2_4/repetition_1,bf23b43ba2e94b7d994bbae85dbabef5,variable_2_4,1,0,52,1,loss,fixed_2p/repetition_1
1,89,fixed_2p/repetition_1,211a23690c7249b59eee5027400e397e,fixed_2p,1,1,61,4,win,variable_2_4/repetition_1
1,90,fixed_2p/repetition_1,211a23690c7249b59eee5027400e397e,fixed_2p,1,0,59,3,win,variable_2_4/repetition_1
1,90,variable_2_4/repetition_1,bf23b43ba2e94b7d994bbae85dbabef5,variable_2_4,1,1,59,2,loss,fixed_2p/repetition_1
1,91,variable_2_4/repetition_1,bf23b43ba2e94b7d994bbae85dbabef5,variable_2_4,1,0,63,2,win,fixed_2p/repetition_1
1,91,fixed_2p/repetition_1,211a23690c7249b59eee5027400e397e,fixed_2p,1,1,51,3,loss,variable_2_4/repetition_1
1,92,variable_2_4/repetition_1,bf23b43ba2e94b7d994bbae85dbabef5,variable_2_4,1,0,54,4,win,fixed_2p/repetition_1
1,92,fixed_2p/repetition_1,211a23690c7249b59eee5027400e397e,fixed_2p,1,1,45,3,loss,variable_2_4/repetition_1
1,93,fixed_2p/repetition_1,211a23690c7249b59eee5027400e397e,fixed_2p,1,0,61,3,win,variable_2_4/repetition_1
1,93,variable_2_4/repetition_1,bf23b43ba2e94b7d994bbae85dbabef5,variable_2_4,1,1,55,2,loss,fixed_2p/repetition_1
1,94,fixed_2p/repetition_1,211a23690c7249b59eee5027400e397e,fixed_2p,1,0,55,4,win,variable_2_4/repetition_1
1,94,variable_2_4/repetition_1,bf23b43ba2e94b7d994bbae85dbabef5,variable_2_4,1,1,48,1,loss,fixed_2p/repetition_1
1,95,variable_2_4/repetition_1,bf23b43ba2e94b7d994bbae85dbabef5,variable_2_4,1,0,55,2,loss,fixed_2p/repetition_1
1,95,fixed_2p/repetition_1,211a23690c7249b59eee5027400e397e,fixed_2p,1,1,56,2,win,variable_2_4/repetition_1
1,96,fixed_2p/repetition_1,211a23690c7249b59eee5027400e397e,fixed_2p,1,0,53,4,win,variable_2_4/repetition_1
1,96,variable_2_4/repetition_1,bf23b43ba2e94b7d994bbae85dbabef5,variable_2_4,1,1,48,3,loss,fixed_2p/repetition_1
1,97,fixed_2p/repetition_1,211a23690c7249b59eee5027400e397e,fixed_2p,1,0,62,3,win,variable_2_4/repetition_1
1,97,variable_2_4/repetition_1,bf23b43ba2e94b7d994bbae85dbabef5,variable_2_4,1,1,46,3,loss,fixed_2p/repetition_1
1,98,fixed_2p/repetition_1,211a23690c7249b59eee5027400e397e,fixed_2p,1,0,55,1,loss,variable_2_4/repetition_1
1,98,variable_2_4/repetition_1,bf23b43ba2e94b7d994bbae85dbabef5,variable_2_4,1,1,65,4,win,fixed_2p/repetition_1
1,99,variable_2_4/repetition_1,bf23b43ba2e94b7d994bbae85dbabef5,variable_2_4,1,0,61,2,win,fixed_2p/repetition_1
1,99,fixed_2p/repetition_1,211a23690c7249b59eee5027400e397e,fixed_2p,1,1,48,2,loss,variable_2_4/repetition_1
1,100,fixed_2p/repetition_1,211a23690c7249b59eee5027400e397e,fixed_2p,1,0,42,3,loss,variable_2_4/repetition_1
1,100,variable_2_4/repetition_1,bf23b43ba2e94b7d994bbae85dbabef5,variable_2_4,1,1,58,4,win,fixed_2p/repetition_1
2,101,fixed_2p/repetition_1,211a23690c7249b59eee5027400e397e,fixed_2p,1,0,61,4,win,variable_2_4/repetition_2
2,101,variable_2_4/repetition_2,bb09607dedb34a45b4ea410e5fa000d0,variable_2_4,2,1,46,3,loss,fixed_2p/repetition_1
2,102,fixed_2p/repetition_1,211a23690c7249b59eee5027400e397e,fixed_2p,1,0,50,4,loss,variable_2_4/repetition_2
2,102,variable_2_4/repetition_2,bb09607dedb34a45b4ea410e5fa000d0,variable_2_4,2,1,55,3,win,fixed_2p/repetition_1
2,103,variable_2_4/repetition_2,bb09607dedb34a45b4ea410e5fa000d0,variable_2_4,2,0,55,3,win,fixed_2p/repetition_1
2,103,fixed_2p/repetition_1,211a23690c7249b59eee5027400e397e,fixed_2p,1,1,54,2,loss,variable_2_4/repetition_2
2,104,fixed_2p/repetition_1,211a23690c7249b59eee5027400e397e,fixed_2p,1,0,54,1,win,variable_2_4/repetition_2
2,104,variable_2_4/repetition_2,bb09607dedb34a45b4ea410e5fa000d0,variable_2_4,2,1,46,3,loss,fixed_2p/repetition_1
2,105,variable_2_4/repetition_2,bb09607dedb34a45b4ea410e5fa000d0,variable_2_4,2,0,71,1,win,fixed_2p/repetition_1
2,105,fixed_2p/repetition_1,211a23690c7249b59eee5027400e397e,fixed_2p,1,1,62,3,loss,variable_2_4/repetition_2
2,106,variable_2_4/repetition_2,bb09607dedb34a45b4ea410e5fa000d0,variable_2_4,2,0,73,1,win,fixed_2p/repetition_1
2,106,fixed_2p/repetition_1,211a23690c7249b59eee5027400e397e,fixed_2p,1,1,61,1,loss,variable_2_4/repetition_2
2,107,variable_2_4/repetition_2,bb09607dedb34a45b4ea410e5fa000d0,variable_2_4,2,0,63,3,win,fixed_2p/repetition_1
2,107,fixed_2p/repetition_1,211a23690c7249b59eee5027400e397e,fixed_2p,1,1,38,2,loss,variable_2_4/repetition_2
2,108,variable_2_4/repetition_2,bb09607dedb34a45b4ea410e5fa000d0,variable_2_4,2,0,54,2,win,fixed_2p/repetition_1
2,108,fixed_2p/repetition_1,211a23690c7249b59eee5027400e397e,fixed_2p,1,1,41,4,loss,variable_2_4/repetition_2
2,109,variable_2_4/repetition_2,bb09607dedb34a45b4ea410e5fa000d0,variable_2_4,2,0,60,3,win,fixed_2p/repetition_1
2,109,fixed_2p/repetition_1,211a23690c7249b59eee5027400e397e,fixed_2p,1,1,59,3,loss,variable_2_4/repetition_2
2,110,variable_2_4/repetition_2,bb09607dedb34a45b4ea410e5fa000d0,variable_2_4,2,0,57,3,loss,fixed_2p/repetition_1
2,110,fixed_2p/repetition_1,211a23690c7249b59eee5027400e397e,fixed_2p,1,1,71,3,win,variable_2_4/repetition_2
2,111,variable_2_4/repetition_2,bb09607dedb34a45b4ea410e5fa000d0,variable_2_4,2,0,52,3,win,fixed_2p/repetition_1
2,111,fixed_2p/repetition_1,211a23690c7249b59eee5027400e397e,fixed_2p,1,1,51,2,loss,variable_2_4/repetition_2
2,112,fixed_2p/repetition_1,211a23690c7249b59eee5027400e397e,fixed_2p,1,0,54,2,win,variable_2_4/repetition_2
2,112,variable_2_4/repetition_2,bb09607dedb34a45b4ea410e5fa000d0,variable_2_4,2,1,38,5,loss,fixed_2p/repetition_1
2,113,variable_2_4/repetition_2,bb09607dedb34a45b4ea410e5fa000d0,variable_2_4,2,0,54,4,win,fixed_2p/repetition_1
2,113,fixed_2p/repetition_1,211a23690c7249b59eee5027400e397e,fixed_2p,1,1,48,2,loss,variable_2_4/repetition_2
2,114,fixed_2p/repetition_1,211a23690c7249b59eee5027400e397e,fixed_2p,1,0,56,2,loss,variable_2_4/repetition_2
2,114,variable_2_4/repetition_2,bb09607dedb34a45b4ea410e5fa000d0,variable_2_4,2,1,63,2,win,fixed_2p/repetition_1
2,115,fixed_2p/repetition_1,211a23690c7249b59eee5027400e397e,fixed_2p,1,0,58,4,win,variable_2_4/repetition_2
2,115,variable_2_4/repetition_2,bb09607dedb34a45b4ea410e5fa000d0,variable_2_4,2,1,49,3,loss,fixed_2p/repetition_1
2,116,fixed_2p/repetition_1,211a23690c7249b59eee5027400e397e,fixed_2p,1,0,61,2,win,variable_2_4/repetition_2
2,116,variable_2_4/repetition_2,bb09607dedb34a45b4ea410e5fa000d0,variable_2_4,2,1,60,2,loss,fixed_2p/repetition_1
2,117,variable_2_4/repetition_2,bb09607dedb34a45b4ea410e5fa000d0,variable_2_4,2,0,57,3,win,fixed_2p/repetition_1
2,117,fixed_2p/repetition_1,211a23690c7249b59eee5027400e397e,fixed_2p,1,1,50,2,loss,variable_2_4/repetition_2
2,118,variable_2_4/repetition_2,bb09607dedb34a45b4ea410e5fa000d0,variable_2_4,2,0,52,3,win,fixed_2p/repetition_1
2,118,fixed_2p/repetition_1,211a23690c7249b59eee5027400e397e,fixed_2p,1,1,48,1,loss,variable_2_4/repetition_2
2,119,variable_2_4/repetition_2,bb09607dedb34a45b4ea410e5fa000d0,variable_2_4,2,0,62,6,win,fixed_2p/repetition_1
2,119,fixed_2p/repetition_1,211a23690c7249b59eee5027400e397e,fixed_2p,1,1,62,1,loss,variable_2_4/repetition_2
2,120,variable_2_4/repetition_2,bb09607dedb34a45b4ea410e5fa000d0,variable_2_4,2,0,47,3,loss,fixed_2p/repetition_1
2,120,fixed_2p/repetition_1,211a23690c7249b59eee5027400e397e,fixed_2p,1,1,49,4,win,variable_2_4/repetition_2
2,121,fixed_2p/repetition_1,211a23690c7249b59eee5027400e397e,fixed_2p,1,0,49,3,loss,variable_2_4/repetition_2
2,121,variable_2_4/repetition_2,bb09607dedb34a45b4ea410e5fa000d0,variable_2_4,2,1,55,2,win,fixed_2p/repetition_1
2,122,fixed_2p/repetition_1,211a23690c7249b59eee5027400e397e,fixed_2p,1,0,57,4,win,variable_2_4/repetition_2
2,122,variable_2_4/repetition_2,bb09607dedb34a45b4ea410e5fa000d0,variable_2_4,2,1,52,0,loss,fixed_2p/repetition_1
2,123,variable_2_4/repetition_2,bb09607dedb34a45b4ea410e5fa000d0,variable_2_4,2,0,55,3,loss,fixed_2p/repetition_1
2,123,fixed_2p/repetition_1,211a23690c7249b59eee5027400e397e,fixed_2p,1,1,59,2,win,variable_2_4/repetition_2
2,124,fixed_2p/repetition_1,211a23690c7249b59eee5027400e397e,fixed_2p,1,0,62,1,win,variable_2_4/repetition_2
2,124,variable_2_4/repetition_2,bb09607dedb34a45b4ea410e5fa000d0,variable_2_4,2,1,51,5,loss,fixed_2p/repetition_1
2,125,variable_2_4/repetition_2,bb09607dedb34a45b4ea410e5fa000d0,variable_2_4,2,0,52,2,win,fixed_2p/repetition_1
2,125,fixed_2p/repetition_1,211a23690c7249b59eee5027400e397e,fixed_2p,1,1,47,2,loss,variable_2_4/repetition_2
2,126,variable_2_4/repetition_2,bb09607dedb34a45b4ea410e5fa000d0,variable_2_4,2,0,51,3,loss,fixed_2p/repetition_1
2,126,fixed_2p/repetition_1,211a23690c7249b59eee5027400e397e,fixed_2p,1,1,55,3,win,variable_2_4/repetition_2
2,127,fixed_2p/repetition_1,211a23690c7249b59eee5027400e397e,fixed_2p,1,0,47,3,loss,variable_2_4/repetition_2
2,127,variable_2_4/repetition_2,bb09607dedb34a45b4ea410e5fa000d0,variable_2_4,2,1,53,3,win,fixed_2p/repetition_1
2,128,variable_2_4/repetition_2,bb09607dedb34a45b4ea410e5fa000d0,variable_2_4,2,0,57,2,loss,fixed_2p/repetition_1
2,128,fixed_2p/repetition_1,211a23690c7249b59eee5027400e397e,fixed_2p,1,1,59,2,win,variable_2_4/repetition_2
2,129,variable_2_4/repetition_2,bb09607dedb34a45b4ea410e5fa000d0,variable_2_4,2,0,60,2,loss,fixed_2p/repetition_1
2,129,fixed_2p/repetition_1,211a23690c7249b59eee5027400e397e,fixed_2p,1,1,62,3,win,variable_2_4/repetition_2
2,130,fixed_2p/repetition_1,211a23690c7249b59eee5027400e397e,fixed_2p,1,0,46,0,loss,variable_2_4/repetition_2
2,130,variable_2_4/repetition_2,bb09607dedb34a45b4ea410e5fa000d0,variable_2_4,2,1,53,3,win,fixed_2p/repetition_1
2,131,variable_2_4/repetition_2,bb09607dedb34a45b4ea410e5fa000d0,variable_2_4,2,0,47,5,loss,fixed_2p/repetition_1
2,131,fixed_2p/repetition_1,211a23690c7249b59eee5027400e397e,fixed_2p,1,1,65,1,win,variable_2_4/repetition_2
2,132,fixed_2p/repetition_1,211a23690c7249b59eee5027400e397e,fixed_2p,1,0,51,4,win,variable_2_4/repetition_2
2,132,variable_2_4/repetition_2,bb09607dedb34a45b4ea410e5fa000d0,variable_2_4,2,1,48,1,loss,fixed_2p/repetition_1
2,133,variable_2_4/repetition_2,bb09607dedb34a45b4ea410e5fa000d0,variable_2_4,2,0,63,0,win,fixed_2p/repetition_1
2,133,fixed_2p/repetition_1,211a23690c7249b59eee5027400e397e,fixed_2p,1,1,57,3,loss,variable_2_4/repetition_2
2,134,variable_2_4/repetition_2,bb09607dedb34a45b4ea410e5fa000d0,variable_2_4,2,0,71,1,win,fixed_2p/repetition_1
2,134,fixed_2p/repetition_1,211a23690c7249b59eee5027400e397e,fixed_2p,1,1,56,6,loss,variable_2_4/repetition_2
2,135,variable_2_4/repetition_2,bb09607dedb34a45b4ea410e5fa000d0,variable_2_4,2,0,56,2,win,fixed_2p/repetition_1
2,135,fixed_2p/repetition_1,211a23690c7249b59eee5027400e397e,fixed_2p,1,1,54,5,loss,variable_2_4/repetition_2
2,136,variable_2_4/repetition_2,bb09607dedb34a45b4ea410e5fa000d0,variable_2_4,2,0,43,3,loss,fixed_2p/repetition_1
2,136,fixed_2p/repetition_1,211a23690c7249b59eee5027400e397e,fixed_2p,1,1,53,4,win,variable_2_4/repetition_2
2,137,variable_2_4/repetition_2,bb09607dedb34a45b4ea410e5fa000d0,variable_2_4,2,0,41,3,loss,fixed_2p/repetition_1
2,137,fixed_2p/repetition_1,211a23690c7249b59eee5027400e397e,fixed_2p,1,1,44,3,win,variable_2_4/repetition_2
2,138,variable_2_4/repetition_2,bb09607dedb34a45b4ea410e5fa000d0,variable_2_4,2,0,48,2,loss,fixed_2p/repetition_1
2,138,fixed_2p/repetition_1,211a23690c7249b59eee5027400e397e,fixed_2p,1,1,57,2,win,variable_2_4/repetition_2
2,139,variable_2_4/repetition_2,bb09607dedb34a45b4ea410e5fa000d0,variable_2_4,2,0,47,3,loss,fixed_2p/repetition_1
2,139,fixed_2p/repetition_1,211a23690c7249b59eee5027400e397e,fixed_2p,1,1,57,1,win,variable_2_4/repetition_2
2,140,fixed_2p/repetition_1,211a23690c7249b59eee5027400e397e,fixed_2p,1,0,50,0,loss,variable_2_4/repetition_2
2,140,variable_2_4/repetition_2,bb09607dedb34a45b4ea410e5fa000d0,variable_2_4,2,1,53,4,win,fixed_2p/repetition_1
2,141,fixed_2p/repetition_1,211a23690c7249b59eee5027400e397e,fixed_2p,1,0,53,4,loss,variable_2_4/repetition_2
2,141,variable_2_4/repetition_2,bb09607dedb34a45b4ea410e5fa000d0,variable_2_4,2,1,53,5,win,fixed_2p/repetition_1
2,142,variable_2_4/repetition_2,bb09607dedb34a45b4ea410e5fa000d0,variable_2_4,2,0,58,4,win,fixed_2p/repetition_1
2,142,fixed_2p/repetition_1,211a23690c7249b59eee5027400e397e,fixed_2p,1,1,58,2,loss,variable_2_4/repetition_2
2,143,fixed_2p/repetition_1,211a23690c7249b59eee5027400e397e,fixed_2p,1,0,58,2,loss,variable_2_4/repetition_2
2,143,variable_2_4/repetition_2,bb09607dedb34a45b4ea410e5fa000d0,variable_2_4,2,1,62,3,win,fixed_2p/repetition_1
2,144,fixed_2p/repetition_1,211a23690c7249b59eee5027400e397e,fixed_2p,1,0,49,3,loss,variable_2_4/repetition_2
2,144,variable_2_4/repetition_2,bb09607dedb34a45b4ea410e5fa000d0,variable_2_4,2,1,55,1,win,fixed_2p/repetition_1
2,145,variable_2_4/repetition_2,bb09607dedb34a45b4ea410e5fa000d0,variable_2_4,2,0,51,4,win,fixed_2p/repetition_1
2,145,fixed_2p/repetition_1,211a23690c7249b59eee5027400e397e,fixed_2p,1,1,51,1,loss,variable_2_4/repetition_2
2,146,fixed_2p/repetition_1,211a23690c7249b59eee5027400e397e,fixed_2p,1,0,66,3,win,variable_2_4/repetition_2
2,146,variable_2_4/repetition_2,bb09607dedb34a45b4ea410e5fa000d0,variable_2_4,2,1,59,1,loss,fixed_2p/repetition_1
2,147,variable_2_4/repetition_2,bb09607dedb34a45b4ea410e5fa000d0,variable_2_4,2,0,62,3,win,fixed_2p/repetition_1
2,147,fixed_2p/repetition_1,211a23690c7249b59eee5027400e397e,fixed_2p,1,1,61,0,loss,variable_2_4/repetition_2
2,148,fixed_2p/repetition_1,211a23690c7249b59eee5027400e397e,fixed_2p,1,0,56,2,win,variable_2_4/repetition_2
2,148,variable_2_4/repetition_2,bb09607dedb34a45b4ea410e5fa000d0,variable_2_4,2,1,52,2,loss,fixed_2p/repetition_1
2,149,fixed_2p/repetition_1,211a23690c7249b59eee5027400e397e,fixed_2p,1,0,46,1,loss,variable_2_4/repetition_2
2,149,variable_2_4/repetition_2,bb09607dedb34a45b4ea410e5fa000d0,variable_2_4,2,1,53,3,win,fixed_2p/repetition_1
2,150,fixed_2p/repetition_1,211a23690c7249b59eee5027400e397e,fixed_2p,1,0,50,3,win,variable_2_4/repetition_2
2,150,variable_2_4/repetition_2,bb09607dedb34a45b4ea410e5fa000d0,variable_2_4,2,1,47,3,loss,fixed_2p/repetition_1
2,151,variable_2_4/repetition_2,bb09607dedb34a45b4ea410e5fa000d0,variable_2_4,2,0,55,2,win,fixed_2p/repetition_1
2,151,fixed_2p/repetition_1,211a23690c7249b59eee5027400e397e,fixed_2p,1,1,54,4,loss,variable_2_4/repetition_2
2,152,fixed_2p/repetition_1,211a23690c7249b59eee5027400e397e,fixed_2p,1,0,58,0,win,variable_2_4/repetition_2
2,152,variable_2_4/repetition_2,bb09607dedb34a45b4ea410e5fa000d0,variable_2_4,2,1,56,5,loss,fixed_2p/repetition_1
2,153,fixed_2p/repetition_1,211a23690c7249b59eee5027400e397e,fixed_2p,1,0,54,4,tie,variable_2_4/repetition_2
2,153,variable_2_4/repetition_2,bb09607dedb34a45b4ea410e5fa000d0,variable_2_4,2,1,54,4,tie,fixed_2p/repetition_1
2,154,variable_2_4/repetition_2,bb09607dedb34a45b4ea410e5fa000d0,variable_2_4,2,0,50,2,loss,fixed_2p/repetition_1
2,154,fixed_2p/repetition_1,211a23690c7249b59eee5027400e397e,fixed_2p,1,1,50,7,win,variable_2_4/repetition_2
2,155,variable_2_4/repetition_2,bb09607dedb34a45b4ea410e5fa000d0,variable_2_4,2,0,54,2,loss,fixed_2p/repetition_1
2,155,fixed_2p/repetition_1,211a23690c7249b59eee5027400e397e,fixed_2p,1,1,55,1,win,variable_2_4/repetition_2
2,156,variable_2_4/repetition_2,bb09607dedb34a45b4ea410e5fa000d0,variable_2_4,2,0,50,3,loss,fixed_2p/repetition_1
2,156,fixed_2p/repetition_1,211a23690c7249b59eee5027400e397e,fixed_2p,1,1,54,4,win,variable_2_4/repetition_2
2,157,fixed_2p/repetition_1,211a23690c7249b59eee5027400e397e,fixed_2p,1,0,59,3,win,variable_2_4/repetition_2
2,157,variable_2_4/repetition_2,bb09607dedb34a45b4ea410e5fa000d0,variable_2_4,2,1,59,2,loss,fixed_2p/repetition_1
2,158,fixed_2p/repetition_1,211a23690c7249b59eee5027400e397e,fixed_2p,1,0,46,1,loss,variable_2_4/repetition_2
2,158,variable_2_4/repetition_2,bb09607dedb34a45b4ea410e5fa000d0,variable_2_4,2,1,62,2,win,fixed_2p/repetition_1
2,159,variable_2_4/repetition_2,bb09607dedb34a45b4ea410e5fa000d0,variable_2_4,2,0,48,2,win,fixed_2p/repetition_1
2,159,fixed_2p/repetition_1,211a23690c7249b59eee5027400e397e,fixed_2p,1,1,45,2,loss,variable_2_4/repetition_2
2,160,variable_2_4/repetition_2,bb09607dedb34a45b4ea410e5fa000d0,variable_2_4,2,0,67,2,win,fixed_2p/repetition_1
2,160,fixed_2p/repetition_1,211a23690c7249b59eee5027400e397e,fixed_2p,1,1,60,2,loss,variable_2_4/repetition_2
2,161,fixed_2p/repetition_1,211a23690c7249b59eee5027400e397e,fixed_2p,1,0,59,1,win,variable_2_4/repetition_2
2,161,variable_2_4/repetition_2,bb09607dedb34a45b4ea410e5fa000d0,variable_2_4,2,1,53,5,loss,fixed_2p/repetition_1
2,162,fixed_2p/repetition_1,211a23690c7249b59eee5027400e397e,fixed_2p,1,0,54,5,loss,variable_2_4/repetition_2
2,162,variable_2_4/repetition_2,bb09607dedb34a45b4ea410e5fa000d0,variable_2_4,2,1,60,3,win,fixed_2p/repetition_1
2,163,variable_2_4/repetition_2,bb09607dedb34a45b4ea410e5fa000d0,variable_2_4,2,0,63,5,win,fixed_2p/repetition_1
2,163,fixed_2p/repetition_1,211a23690c7249b59eee5027400e397e,fixed_2p,1,1,53,4,loss,variable_2_4/repetition_2
2,164,fixed_2p/repetition_1,211a23690c7249b59eee5027400e397e,fixed_2p,1,0,45,7,loss,variable_2_4/repetition_2
2,164,variable_2_4/repetition_2,bb09607dedb34a45b4ea410e5fa000d0,variable_2_4,2,1,57,0,win,fixed_2p/repetition_1
2,165,variable_2_4/repetition_2,bb09607dedb34a45b4ea410e5fa000d0,variable_2_4,2,0,48,4,win,fixed_2p/repetition_1
2,165,fixed_2p/repetition_1,211a23690c7249b59eee5027400e397e,fixed_2p,1,1,48,2,loss,variable_2_4/repetition_2
2,166,fixed_2p/repetition_1,211a23690c7249b59eee5027400e397e,fixed_2p,1,0,54,3,win,variable_2_4/repetition_2
2,166,variable_2_4/repetition_2,bb09607dedb34a45b4ea410e5fa000d0,variable_2_4,2,1,52,4,loss,fixed_2p/repetition_1
2,167,variable_2_4/repetition_2,bb09607dedb34a45b4ea410e5fa000d0,variable_2_4,2,0,61,0,win,fixed_2p/repetition_1
2,167,fixed_2p/repetition_1,211a23690c7249b59eee5027400e397e,fixed_2p,1,1,54,1,loss,variable_2_4/repetition_2
2,168,variable_2_4/repetition_2,bb09607dedb34a45b4ea410e5fa000d0,variable_2_4,2,0,56,1,loss,fixed_2p/repetition_1
2,168,fixed_2p/repetition_1,211a23690c7249b59eee5027400e397e,fixed_2p,1,1,59,2,win,variable_2_4/repetition_2
2,169,fixed_2p/repetition_1,211a23690c7249b59eee5027400e397e,fixed_2p,1,0,53,3,win,variable_2_4/repetition_2
2,169,variable_2_4/repetition_2,bb09607dedb34a45b4ea410e5fa000d0,variable_2_4,2,1,45,3,loss,fixed_2p/repetition_1
2,170,variable_2_4/repetition_2,bb09607dedb34a45b4ea410e5fa000d0,variable_2_4,2,0,57,3,win,fixed_2p/repetition_1
2,170,fixed_2p/repetition_1,211a23690c7249b59eee5027400e397e,fixed_2p,1,1,47,1,loss,variable_2_4/repetition_2
2,171,fixed_2p/repetition_1,211a23690c7249b59eee5027400e397e,fixed_2p,1,0,57,5,loss,variable_2_4/repetition_2
2,171,variable_2_4/repetition_2,bb09607dedb34a45b4ea410e5fa000d0,variable_2_4,2,1,58,2,win,fixed_2p/repetition_1
2,172,variable_2_4/repetition_2,bb09607dedb34a45b4ea410e5fa000d0,variable_2_4,2,0,53,2,win,fixed_2p/repetition_1
2,172,fixed_2p/repetition_1,211a23690c7249b59eee5027400e397e,fixed_2p,1,1,51,4,loss,variable_2_4/repetition_2
2,173,variable_2_4/repetition_2,bb09607dedb34a45b4ea410e5fa000d0,variable_2_4,2,0,53,5,loss,fixed_2p/repetition_1
2,173,fixed_2p/repetition_1,211a23690c7249b59eee5027400e397e,fixed_2p,1,1,59,2,win,variable_2_4/repetition_2
2,174,fixed_2p/repetition_1,211a23690c7249b59eee5027400e397e,fixed_2p,1,0,61,2,win,variable_2_4/repetition_2
2,174,variable_2_4/repetition_2,bb09607dedb34a45b4ea410e5fa000d0,variable_2_4,2,1,54,2,loss,fixed_2p/repetition_1
2,175,fixed_2p/repetition_1,211a23690c7249b59eee5027400e397e,fixed_2p,1,0,41,3,loss,variable_2_4/repetition_2
2,175,variable_2_4/repetition_2,bb09607dedb34a45b4ea410e5fa000d0,variable_2_4,2,1,46,4,win,fixed_2p/repetition_1
2,176,fixed_2p/repetition_1,211a23690c7249b59eee5027400e397e,fixed_2p,1,0,58,2,win,variable_2_4/repetition_2
2,176,variable_2_4/repetition_2,bb09607dedb34a45b4ea410e5fa000d0,variable_2_4,2,1,54,2,loss,fixed_2p/repetition_1
2,177,variable_2_4/repetition_2,bb09607dedb34a45b4ea410e5fa000d0,variable_2_4,2,0,49,5,loss,fixed_2p/repetition_1
2,177,fixed_2p/repetition_1,211a23690c7249b59eee5027400e397e,fixed_2p,1,1,60,2,win,variable_2_4/repetition_2
2,178,fixed_2p/repetition_1,211a23690c7249b59eee5027400e397e,fixed_2p,1,0,57,3,win,variable_2_4/repetition_2
2,178,variable_2_4/repetition_2,bb09607dedb34a45b4ea410e5fa000d0,variable_2_4,2,1,55,1,loss,fixed_2p/repetition_1
2,179,fixed_2p/repetition_1,211a23690c7249b59eee5027400e397e,fixed_2p,1,0,58,1,loss,variable_2_4/repetition_2
2,179,variable_2_4/repetition_2,bb09607dedb34a45b4ea410e5fa000d0,variable_2_4,2,1,63,3,win,fixed_2p/repetition_1
2,180,variable_2_4/repetition_2,bb09607dedb34a45b4ea410e5fa000d0,variable_2_4,2,0,58,4,win,fixed_2p/repetition_1
2,180,fixed_2p/repetition_1,211a23690c7249b59eee5027400e397e,fixed_2p,1,1,44,3,loss,variable_2_4/repetition_2
2,181,fixed_2p/repetition_1,211a23690c7249b59eee5027400e397e,fixed_2p,1,0,48,1,loss,variable_2_4/repetition_2
2,181,variable_2_4/repetition_2,bb09607dedb34a45b4ea410e5fa000d0,variable_2_4,2,1,56,5,win,fixed_2p/repetition_1
2,182,variable_2_4/repetition_2,bb09607dedb34a45b4ea410e5fa000d0,variable_2_4,2,0,55,1,loss,fixed_2p/repetition_1
2,182,fixed_2p/repetition_1,211a23690c7249b59eee5027400e397e,fixed_2p,1,1,58,3,win,variable_2_4/repetition_2
2,183,fixed_2p/repetition_1,211a23690c7249b59eee5027400e397e,fixed_2p,1,0,56,4,win,variable_2_4/repetition_2
2,183,variable_2_4/repetition_2,bb09607dedb34a45b4ea410e5fa000d0,variable_2_4,2,1,43,2,loss,fixed_2p/repetition_1
2,184,variable_2_4/repetition_2,bb09607dedb34a45b4ea410e5fa000d0,variable_2_4,2,0,65,4,win,fixed_2p/repetition_1
2,184,fixed_2p/repetition_1,211a23690c7249b59eee5027400e397e,fixed_2p,1,1,52,1,loss,variable_2_4/repetition_2
2,185,fixed_2p/repetition_1,211a23690c7249b59eee5027400e397e,fixed_2p,1,0,52,4,win,variable_2_4/repetition_2
2,185,variable_2_4/repetition_2,bb09607dedb34a45b4ea410e5fa000d0,variable_2_4,2,1,49,2,loss,fixed_2p/repetition_1
2,186,variable_2_4/repetition_2,bb09607dedb34a45b4ea410e5fa000d0,variable_2_4,2,0,66,4,win,fixed_2p/repetition_1
2,186,fixed_2p/repetition_1,211a23690c7249b59eee5027400e397e,fixed_2p,1,1,60,1,loss,variable_2_4/repetition_2
2,187,variable_2_4/repetition_2,bb09607dedb34a45b4ea410e5fa000d0,variable_2_4,2,0,47,3,loss,fixed_2p/repetition_1
2,187,fixed_2p/repetition_1,211a23690c7249b59eee5027400e397e,fixed_2p,1,1,51,3,win,variable_2_4/repetition_2
2,188,fixed_2p/repetition_1,211a23690c7249b59eee5027400e397e,fixed_2p,1,0,73,3,win,variable_2_4/repetition_2
2,188,variable_2_4/repetition_2,bb09607dedb34a45b4ea410e5fa000d0,variable_2_4,2,1,59,0,loss,fixed_2p/repetition_1
2,189,fixed_2p/repetition_1,211a23690c7249b59eee5027400e397e,fixed_2p,1,0,54,0,loss,variable_2_4/repetition_2
2,189,variable_2_4/repetition_2,bb09607dedb34a45b4ea410e5fa000d0,variable_2_4,2,1,57,4,win,fixed_2p/repetition_1
2,190,variable_2_4/repetition_2,bb09607dedb34a45b4ea410e5fa000d0,variable_2_4,2,0,59,2,loss,fixed_2p/repetition_1
2,190,fixed_2p/repetition_1,211a23690c7249b59eee5027400e397e,fixed_2p,1,1,65,2,win,variable_2_4/repetition_2
2,191,fixed_2p/repetition_1,211a23690c7249b59eee5027400e397e,fixed_2p,1,0,50,3,tie,variable_2_4/repetition_2
2,191,variable_2_4/repetition_2,bb09607dedb34a45b4ea410e5fa000d0,variable_2_4,2,1,50,3,tie,fixed_2p/repetition_1
2,192,variable_2_4/repetition_2,bb09607dedb34a45b4ea410e5fa000d0,variable_2_4,2,0,55,1,loss,fixed_2p/repetition_1
2,192,fixed_2p/repetition_1,211a23690c7249b59eee5027400e397e,fixed_2p,1,1,64,2,win,variable_2_4/repetition_2
2,193,fixed_2p/repetition_1,211a23690c7249b59eee5027400e397e,fixed_2p,1,0,62,2,win,variable_2_4/repetition_2
2,193,variable_2_4/repetition_2,bb09607dedb34a45b4ea410e5fa000d0,variable_2_4,2,1,50,1,loss,fixed_2p/repetition_1
2,194,fixed_2p/repetition_1,211a23690c7249b59eee5027400e397e,fixed_2p,1,0,57,4,win,variable_2_4/repetition_2
2,194,variable_2_4/repetition_2,bb09607dedb34a45b4ea410e5fa000d0,variable_2_4,2,1,44,3,loss,fixed_2p/repetition_1
2,195,variable_2_4/repetition_2,bb09607dedb34a45b4ea410e5fa000d0,variable_2_4,2,0,57,3,win,fixed_2p/repetition_1
2,195,fixed_2p/repetition_1,211a23690c7249b59eee5027400e397e,fixed_2p,1,1,42,3,loss,variable_2_4/repetition_2
2,196,variable_2_4/repetition_2,bb09607dedb34a45b4ea410e5fa000d0,variable_2_4,2,0,65,2,win,fixed_2p/repetition_1
2,196,fixed_2p/repetition_1,211a23690c7249b59eee5027400e397e,fixed_2p,1,1,40,4,loss,variable_2_4/repetition_2
2,197,variable_2_4/repetition_2,bb09607dedb34a45b4ea410e5fa000d0,variable_2_4,2,0,54,3,win,fixed_2p/repetition_1
2,197,fixed_2p/repetition_1,211a23690c7249b59eee5027400e397e,fixed_2p,1,1,47,4,loss,variable_2_4/repetition_2
2,198,fixed_2p/repetition_1,211a23690c7249b59eee5027400e397e,fixed_2p,1,0,54,3,loss,variable_2_4/repetition_2
2,198,variable_2_4/repetition_2,bb09607dedb34a45b4ea410e5fa000d0,variable_2_4,2,1,59,3,win,fixed_2p/repetition_1
2,199,fixed_2p/repetition_1,211a23690c7249b59eee5027400e397e,fixed_2p,1,0,62,2,win,variable_2_4/repetition_2
2,199,variable_2_4/repetition_2,bb09607dedb34a45b4ea410e5fa000d0,variable_2_4,2,1,59,2,loss,fixed_2p/repetition_1
2,200,variable_2_4/repetition_2,bb09607dedb34a45b4ea410e5fa000d0,variable_2_4,2,0,47,4,win,fixed_2p/repetition_1
2,200,fixed_2p/repetition_1,211a23690c7249b59eee5027400e397e,fixed_2p,1,1,46,0,loss,variable_2_4/repetition_2
3,201,fixed_2p/repetition_1,211a23690c7249b59eee5027400e397e,fixed_2p,1,0,52,3,loss,variable_2_4/repetition_3
3,201,variable_2_4/repetition_3,982b1b91707d4b87abdfcc7aecfa5350,variable_2_4,3,1,65,3,win,fixed_2p/repetition_1
3,202,fixed_2p/repetition_1,211a23690c7249b59eee5027400e397e,fixed_2p,1,0,45,2,loss,variable_2_4/repetition_3
3,202,variable_2_4/repetition_3,982b1b91707d4b87abdfcc7aecfa5350,variable_2_4,3,1,55,4,win,fixed_2p/repetition_1
3,203,variable_2_4/repetition_3,982b1b91707d4b87abdfcc7aecfa5350,variable_2_4,3,0,54,4,win,fixed_2p/repetition_1
3,203,fixed_2p/repetition_1,211a23690c7249b59eee5027400e397e,fixed_2p,1,1,53,0,loss,variable_2_4/repetition_3
3,204,variable_2_4/repetition_3,982b1b91707d4b87abdfcc7aecfa5350,variable_2_4,3,0,44,6,loss,fixed_2p/repetition_1
3,204,fixed_2p/repetition_1,211a23690c7249b59eee5027400e397e,fixed_2p,1,1,51,1,win,variable_2_4/repetition_3
3,205,variable_2_4/repetition_3,982b1b91707d4b87abdfcc7aecfa5350,variable_2_4,3,0,52,4,loss,fixed_2p/repetition_1
3,205,fixed_2p/repetition_1,211a23690c7249b59eee5027400e397e,fixed_2p,1,1,60,1,win,variable_2_4/repetition_3
3,206,variable_2_4/repetition_3,982b1b91707d4b87abdfcc7aecfa5350,variable_2_4,3,0,46,5,loss,fixed_2p/repetition_1
3,206,fixed_2p/repetition_1,211a23690c7249b59eee5027400e397e,fixed_2p,1,1,48,1,win,variable_2_4/repetition_3
3,207,fixed_2p/repetition_1,211a23690c7249b59eee5027400e397e,fixed_2p,1,0,59,1,win,variable_2_4/repetition_3
3,207,variable_2_4/repetition_3,982b1b91707d4b87abdfcc7aecfa5350,variable_2_4,3,1,50,1,loss,fixed_2p/repetition_1
3,208,fixed_2p/repetition_1,211a23690c7249b59eee5027400e397e,fixed_2p,1,0,56,2,loss,variable_2_4/repetition_3
3,208,variable_2_4/repetition_3,982b1b91707d4b87abdfcc7aecfa5350,variable_2_4,3,1,56,4,win,fixed_2p/repetition_1
3,209,fixed_2p/repetition_1,211a23690c7249b59eee5027400e397e,fixed_2p,1,0,63,1,win,variable_2_4/repetition_3
3,209,variable_2_4/repetition_3,982b1b91707d4b87abdfcc7aecfa5350,variable_2_4,3,1,56,4,loss,fixed_2p/repetition_1
3,210,fixed_2p/repetition_1,211a23690c7249b59eee5027400e397e,fixed_2p,1,0,50,1,win,variable_2_4/repetition_3
3,210,variable_2_4/repetition_3,982b1b91707d4b87abdfcc7aecfa5350,variable_2_4,3,1,49,4,loss,fixed_2p/repetition_1
3,211,variable_2_4/repetition_3,982b1b91707d4b87abdfcc7aecfa5350,variable_2_4,3,0,54,3,loss,fixed_2p/repetition_1
3,211,fixed_2p/repetition_1,211a23690c7249b59eee5027400e397e,fixed_2p,1,1,56,4,win,variable_2_4/repetition_3
3,212,fixed_2p/repetition_1,211a23690c7249b59eee5027400e397e,fixed_2p,1,0,49,1,win,variable_2_4/repetition_3
3,212,variable_2_4/repetition_3,982b1b91707d4b87abdfcc7aecfa5350,variable_2_4,3,1,46,5,loss,fixed_2p/repetition_1
3,213,fixed_2p/repetition_1,211a23690c7249b59eee5027400e397e,fixed_2p,1,0,45,1,loss,variable_2_4/repetition_3
3,213,variable_2_4/repetition_3,982b1b91707d4b87abdfcc7aecfa5350,variable_2_4,3,1,62,5,win,fixed_2p/repetition_1
3,214,variable_2_4/repetition_3,982b1b91707d4b87abdfcc7aecfa5350,variable_2_4,3,0,59,2,loss,fixed_2p/repetition_1
3,214,fixed_2p/repetition_1,211a23690c7249b59eee5027400e397e,fixed_2p,1,1,66,2,win,variable_2_4/repetition_3
3,215,fixed_2p/repetition_1,211a23690c7249b59eee5027400e397e,fixed_2p,1,0,56,1,win,variable_2_4/repetition_3
3,215,variable_2_4/repetition_3,982b1b91707d4b87abdfcc7aecfa5350,variable_2_4,3,1,48,4,loss,fixed_2p/repetition_1
3,216,variable_2_4/repetition_3,982b1b91707d4b87abdfcc7aecfa5350,variable_2_4,3,0,58,3,win,fixed_2p/repetition_1
3,216,fixed_2p/repetition_1,211a23690c7249b59eee5027400e397e,fixed_2p,1,1,47,2,loss,variable_2_4/repetition_3
3,217,fixed_2p/repetition_1,211a23690c7249b59eee5027400e397e,fixed_2p,1,0,45,2,loss,variable_2_4/repetition_3
3,217,variable_2_4/repetition_3,982b1b91707d4b87abdfcc7aecfa5350,variable_2_4,3,1,52,6,win,fixed_2p/repetition_1
3,218,fixed_2p/repetition_1,211a23690c7249b59eee5027400e397e,fixed_2p,1,0,50,3,loss,variable_2_4/repetition_3
3,218,variable_2_4/repetition_3,982b1b91707d4b87abdfcc7aecfa5350,variable_2_4,3,1,52,1,win,fixed_2p/repetition_1
3,219,fixed_2p/repetition_1,211a23690c7249b59eee5027400e397e,fixed_2p,1,0,55,3,loss,variable_2_4/repetition_3
3,219,variable_2_4/repetition_3,982b1b91707d4b87abdfcc7aecfa5350,variable_2_4,3,1,64,3,win,fixed_2p/repetition_1
3,220,variable_2_4/repetition_3,982b1b91707d4b87abdfcc7aecfa5350,variable_2_4,3,0,55,3,loss,fixed_2p/repetition_1
3,220,fixed_2p/repetition_1,211a23690c7249b59eee5027400e397e,fixed_2p,1,1,58,3,win,variable_2_4/repetition_3
3,221,variable_2_4/repetition_3,982b1b91707d4b87abdfcc7aecfa5350,variable_2_4,3,0,50,3,loss,fixed_2p/repetition_1
3,221,fixed_2p/repetition_1,211a23690c7249b59eee5027400e397e,fixed_2p,1,1,53,5,win,variable_2_4/repetition_3
3,222,fixed_2p/repetition_1,211a23690c7249b59eee5027400e397e,fixed_2p,1,0,55,3,loss,variable_2_4/repetition_3
3,222,variable_2_4/repetition_3,982b1b91707d4b87abdfcc7aecfa5350,variable_2_4,3,1,58,4,win,fixed_2p/repetition_1
3,223,variable_2_4/repetition_3,982b1b91707d4b87abdfcc7aecfa5350,variable_2_4,3,0,59,2,loss,fixed_2p/repetition_1
3,223,fixed_2p/repetition_1,211a23690c7249b59eee5027400e397e,fixed_2p,1,1,63,4,win,variable_2_4/repetition_3
3,224,fixed_2p/repetition_1,211a23690c7249b59eee5027400e397e,fixed_2p,1,0,51,3,loss,variable_2_4/repetition_3
3,224,variable_2_4/repetition_3,982b1b91707d4b87abdfcc7aecfa5350,variable_2_4,3,1,61,3,win,fixed_2p/repetition_1
3,225,fixed_2p/repetition_1,211a23690c7249b59eee5027400e397e,fixed_2p,1,0,53,3,loss,variable_2_4/repetition_3
3,225,variable_2_4/repetition_3,982b1b91707d4b87abdfcc7aecfa5350,variable_2_4,3,1,57,2,win,fixed_2p/repetition_1
3,226,variable_2_4/repetition_3,982b1b91707d4b87abdfcc7aecfa5350,variable_2_4,3,0,66,1,win,fixed_2p/repetition_1
3,226,fixed_2p/repetition_1,211a23690c7249b59eee5027400e397e,fixed_2p,1,1,54,3,loss,variable_2_4/repetition_3
3,227,fixed_2p/repetition_1,211a23690c7249b59eee5027400e397e,fixed_2p,1,0,62,2,loss,variable_2_4/repetition_3
3,227,variable_2_4/repetition_3,982b1b91707d4b87abdfcc7aecfa5350,variable_2_4,3,1,70,5,win,fixed_2p/repetition_1
3,228,fixed_2p/repetition_1,211a23690c7249b59eee5027400e397e,fixed_2p,1,0,58,2,loss,variable_2_4/repetition_3
3,228,variable_2_4/repetition_3,982b1b91707d4b87abdfcc7aecfa5350,variable_2_4,3,1,66,3,win,fixed_2p/repetition_1
3,229,fixed_2p/repetition_1,211a23690c7249b59eee5027400e397e,fixed_2p,1,0,60,2,win,variable_2_4/repetition_3
3,229,variable_2_4/repetition_3,982b1b91707d4b87abdfcc7aecfa5350,variable_2_4,3,1,53,4,loss,fixed_2p/repetition_1
3,230,fixed_2p/repetition_1,211a23690c7249b59eee5027400e397e,fixed_2p,1,0,58,1,win,variable_2_4/repetition_3
3,230,variable_2_4/repetition_3,982b1b91707d4b87abdfcc7aecfa5350,variable_2_4,3,1,50,3,loss,fixed_2p/repetition_1
3,231,fixed_2p/repetition_1,211a23690c7249b59eee5027400e397e,fixed_2p,1,0,54,3,loss,variable_2_4/repetition_3
3,231,variable_2_4/repetition_3,982b1b91707d4b87abdfcc7aecfa5350,variable_2_4,3,1,55,4,win,fixed_2p/repetition_1
3,232,fixed_2p/repetition_1,211a23690c7249b59eee5027400e397e,fixed_2p,1,0,57,1,loss,variable_2_4/repetition_3
3,232,variable_2_4/repetition_3,982b1b91707d4b87abdfcc7aecfa5350,variable_2_4,3,1,59,6,win,fixed_2p/repetition_1
3,233,variable_2_4/repetition_3,982b1b91707d4b87abdfcc7aecfa5350,variable_2_4,3,0,49,7,loss,fixed_2p/repetition_1
3,233,fixed_2p/repetition_1,211a23690c7249b59eee5027400e397e,fixed_2p,1,1,54,1,win,variable_2_4/repetition_3
3,234,variable_2_4/repetition_3,982b1b91707d4b87abdfcc7aecfa5350,variable_2_4,3,0,70,3,win,fixed_2p/repetition_1
3,234,fixed_2p/repetition_1,211a23690c7249b59eee5027400e397e,fixed_2p,1,1,50,3,loss,variable_2_4/repetition_3
3,235,fixed_2p/repetition_1,211a23690c7249b59eee5027400e397e,fixed_2p,1,0,53,1,loss,variable_2_4/repetition_3
3,235,variable_2_4/repetition_3,982b1b91707d4b87abdfcc7aecfa5350,variable_2_4,3,1,58,2,win,fixed_2p/repetition_1
3,236,variable_2_4/repetition_3,982b1b91707d4b87abdfcc7aecfa5350,variable_2_4,3,0,50,2,loss,fixed_2p/repetition_1
3,236,fixed_2p/repetition_1,211a23690c7249b59eee5027400e397e,fixed_2p,1,1,54,2,win,variable_2_4/repetition_3
3,237,fixed_2p/repetition_1,211a23690c7249b59eee5027400e397e,fixed_2p,1,0,56,1,loss,variable_2_4/repetition_3
3,237,variable_2_4/repetition_3,982b1b91707d4b87abdfcc7aecfa5350,variable_2_4,3,1,57,4,win,fixed_2p/repetition_1
3,238,fixed_2p/repetition_1,211a23690c7249b59eee5027400e397e,fixed_2p,1,0,49,2,loss,variable_2_4/repetition_3
3,238,variable_2_4/repetition_3,982b1b91707d4b87abdfcc7aecfa5350,variable_2_4,3,1,60,3,win,fixed_2p/repetition_1
3,239,variable_2_4/repetition_3,982b1b91707d4b87abdfcc7aecfa5350,variable_2_4,3,0,57,3,win,fixed_2p/repetition_1
3,239,fixed_2p/repetition_1,211a23690c7249b59eee5027400e397e,fixed_2p,1,1,49,3,loss,variable_2_4/repetition_3
3,240,variable_2_4/repetition_3,982b1b91707d4b87abdfcc7aecfa5350,variable_2_4,3,0,62,5,win,fixed_2p/repetition_1
3,240,fixed_2p/repetition_1,211a23690c7249b59eee5027400e397e,fixed_2p,1,1,54,2,loss,variable_2_4/repetition_3
3,241,fixed_2p/repetition_1,211a23690c7249b59eee5027400e397e,fixed_2p,1,0,50,3,win,variable_2_4/repetition_3
3,241,variable_2_4/repetition_3,982b1b91707d4b87abdfcc7aecfa5350,variable_2_4,3,1,43,2,loss,fixed_2p/repetition_1
3,242,variable_2_4/repetition_3,982b1b91707d4b87abdfcc7aecfa5350,variable_2_4,3,0,55,4,win,fixed_2p/repetition_1
3,242,fixed_2p/repetition_1,211a23690c7249b59eee5027400e397e,fixed_2p,1,1,55,1,loss,variable_2_4/repetition_3
3,243,fixed_2p/repetition_1,211a23690c7249b59eee5027400e397e,fixed_2p,1,0,51,2,win,variable_2_4/repetition_3
3,243,variable_2_4/repetition_3,982b1b91707d4b87abdfcc7aecfa5350,variable_2_4,3,1,50,3,loss,fixed_2p/repetition_1
3,244,fixed_2p/repetition_1,211a23690c7249b59eee5027400e397e,fixed_2p,1,0,63,3,win,variable_2_4/repetition_3
3,244,variable_2_4/repetition_3,982b1b91707d4b87abdfcc7aecfa5350,variable_2_4,3,1,54,5,loss,fixed_2p/repetition_1
3,245,variable_2_4/repetition_3,982b1b91707d4b87abdfcc7aecfa5350,variable_2_4,3,0,49,6,loss,fixed_2p/repetition_1
3,245,fixed_2p/repetition_1,211a23690c7249b59eee5027400e397e,fixed_2p,1,1,65,2,win,variable_2_4/repetition_3
3,246,variable_2_4/repetition_3,982b1b91707d4b87abdfcc7aecfa5350,variable_2_4,3,0,48,2,loss,fixed_2p/repetition_1
3,246,fixed_2p/repetition_1,211a23690c7249b59eee5027400e397e,fixed_2p,1,1,54,3,win,variable_2_4/repetition_3
3,247,fixed_2p/repetition_1,211a23690c7249b59eee5027400e397e,fixed_2p,1,0,56,2,win,variable_2_4/repetition_3
3,247,variable_2_4/repetition_3,982b1b91707d4b87abdfcc7aecfa5350,variable_2_4,3,1,55,4,loss,fixed_2p/repetition_1
3,248,fixed_2p/repetition_1,211a23690c7249b59eee5027400e397e,fixed_2p,1,0,53,0,win,variable_2_4/repetition_3
3,248,variable_2_4/repetition_3,982b1b91707d4b87abdfcc7aecfa5350,variable_2_4,3,1,45,5,loss,fixed_2p/repetition_1
3,249,variable_2_4/repetition_3,982b1b91707d4b87abdfcc7aecfa5350,variable_2_4,3,0,57,2,win,fixed_2p/repetition_1
3,249,fixed_2p/repetition_1,211a23690c7249b59eee5027400e397e,fixed_2p,1,1,53,3,loss,variable_2_4/repetition_3
3,250,fixed_2p/repetition_1,211a23690c7249b59eee5027400e397e,fixed_2p,1,0,48,2,loss,variable_2_4/repetition_3
3,250,variable_2_4/repetition_3,982b1b91707d4b87abdfcc7aecfa5350,variable_2_4,3,1,55,5,win,fixed_2p/repetition_1
3,251,fixed_2p/repetition_1,211a23690c7249b59eee5027400e397e,fixed_2p,1,0,42,2,loss,variable_2_4/repetition_3
3,251,variable_2_4/repetition_3,982b1b91707d4b87abdfcc7aecfa5350,variable_2_4,3,1,55,5,win,fixed_2p/repetition_1
3,252,variable_2_4/repetition_3,982b1b91707d4b87abdfcc7aecfa5350,variable_2_4,3,0,59,4,win,fixed_2p/repetition_1
3,252,fixed_2p/repetition_1,211a23690c7249b59eee5027400e397e,fixed_2p,1,1,59,1,loss,variable_2_4/repetition_3
3,253,fixed_2p/repetition_1,211a23690c7249b59eee5027400e397e,fixed_2p,1,0,56,0,win,variable_2_4/repetition_3
3,253,variable_2_4/repetition_3,982b1b91707d4b87abdfcc7aecfa5350,variable_2_4,3,1,48,6,loss,fixed_2p/repetition_1
3,254,variable_2_4/repetition_3,982b1b91707d4b87abdfcc7aecfa5350,variable_2_4,3,0,56,3,win,fixed_2p/repetition_1
3,254,fixed_2p/repetition_1,211a23690c7249b59eee5027400e397e,fixed_2p,1,1,49,3,loss,variable_2_4/repetition_3
3,255,variable_2_4/repetition_3,982b1b91707d4b87abdfcc7aecfa5350,variable_2_4,3,0,63,2,win,fixed_2p/repetition_1
3,255,fixed_2p/repetition_1,211a23690c7249b59eee5027400e397e,fixed_2p,1,1,59,2,loss,variable_2_4/repetition_3
3,256,variable_2_4/repetition_3,982b1b91707d4b87abdfcc7aecfa5350,variable_2_4,3,0,55,4,loss,fixed_2p/repetition_1
3,256,fixed_2p/repetition_1,211a23690c7249b59eee5027400e397e,fixed_2p,1,1,56,1,win,variable_2_4/repetition_3
3,257,variable_2_4/repetition_3,982b1b91707d4b87abdfcc7aecfa5350,variable_2_4,3,0,60,2,win,fixed_2p/repetition_1
3,257,fixed_2p/repetition_1,211a23690c7249b59eee5027400e397e,fixed_2p,1,1,56,3,loss,variable_2_4/repetition_3
3,258,variable_2_4/repetition_3,982b1b91707d4b87abdfcc7aecfa5350,variable_2_4,3,0,57,3,loss,fixed_2p/repetition_1
3,258,fixed_2p/repetition_1,211a23690c7249b59eee5027400e397e,fixed_2p,1,1,64,1,win,variable_2_4/repetition_3
3,259,variable_2_4/repetition_3,982b1b91707d4b87abdfcc7aecfa5350,variable_2_4,3,0,52,5,loss,fixed_2p/repetition_1
3,259,fixed_2p/repetition_1,211a23690c7249b59eee5027400e397e,fixed_2p,1,1,55,1,win,variable_2_4/repetition_3
3,260,fixed_2p/repetition_1,211a23690c7249b59eee5027400e397e,fixed_2p,1,0,61,1,win,variable_2_4/repetition_3
3,260,variable_2_4/repetition_3,982b1b91707d4b87abdfcc7aecfa5350,variable_2_4,3,1,51,6,loss,fixed_2p/repetition_1
3,261,variable_2_4/repetition_3,982b1b91707d4b87abdfcc7aecfa5350,variable_2_4,3,0,54,6,win,fixed_2p/repetition_1
3,261,fixed_2p/repetition_1,211a23690c7249b59eee5027400e397e,fixed_2p,1,1,48,2,loss,variable_2_4/repetition_3
3,262,variable_2_4/repetition_3,982b1b91707d4b87abdfcc7aecfa5350,variable_2_4,3,0,65,1,win,fixed_2p/repetition_1
3,262,fixed_2p/repetition_1,211a23690c7249b59eee5027400e397e,fixed_2p,1,1,58,3,loss,variable_2_4/repetition_3
3,263,fixed_2p/repetition_1,211a23690c7249b59eee5027400e397e,fixed_2p,1,0,67,0,win,variable_2_4/repetition_3
3,263,variable_2_4/repetition_3,982b1b91707d4b87abdfcc7aecfa5350,variable_2_4,3,1,57,4,loss,fixed_2p/repetition_1
3,264,fixed_2p/repetition_1,211a23690c7249b59eee5027400e397e,fixed_2p,1,0,41,0,loss,variable_2_4/repetition_3
3,264,variable_2_4/repetition_3,982b1b91707d4b87abdfcc7aecfa5350,variable_2_4,3,1,51,5,win,fixed_2p/repetition_1
3,265,fixed_2p/repetition_1,211a23690c7249b59eee5027400e397e,fixed_2p,1,0,57,4,win,variable_2_4/repetition_3
3,265,variable_2_4/repetition_3,982b1b91707d4b87abdfcc7aecfa5350,variable_2_4,3,1,50,4,loss,fixed_2p/repetition_1
3,266,fixed_2p/repetition_1,211a23690c7249b59eee5027400e397e,fixed_2p,1,0,56,2,win,variable_2_4/repetition_3
3,266,variable_2_4/repetition_3,982b1b91707d4b87abdfcc7aecfa5350,variable_2_4,3,1,55,4,loss,fixed_2p/repetition_1
3,267,fixed_2p/repetition_1,211a23690c7249b59eee5027400e397e,fixed_2p,1,0,52,4,win,variable_2_4/repetition_3
3,267,variable_2_4/repetition_3,982b1b91707d4b87abdfcc7aecfa5350,variable_2_4,3,1,48,2,loss,fixed_2p/repetition_1
3,268,variable_2_4/repetition_3,982b1b91707d4b87abdfcc7aecfa5350,variable_2_4,3,0,52,5,loss,fixed_2p/repetition_1
3,268,fixed_2p/repetition_1,211a23690c7249b59eee5027400e397e,fixed_2p,1,1,65,1,win,variable_2_4/repetition_3
3,269,fixed_2p/repetition_1,211a23690c7249b59eee5027400e397e,fixed_2p,1,0,60,2,loss,variable_2_4/repetition_3
3,269,variable_2_4/repetition_3,982b1b91707d4b87abdfcc7aecfa5350,variable_2_4,3,1,62,4,win,fixed_2p/repetition_1
3,270,fixed_2p/repetition_1,211a23690c7249b59eee5027400e397e,fixed_2p,1,0,65,1,win,variable_2_4/repetition_3
3,270,variable_2_4/repetition_3,982b1b91707d4b87abdfcc7aecfa5350,variable_2_4,3,1,53,6,loss,fixed_2p/repetition_1
3,271,variable_2_4/repetition_3,982b1b91707d4b87abdfcc7aecfa5350,variable_2_4,3,0,55,4,loss,fixed_2p/repetition_1
3,271,fixed_2p/repetition_1,211a23690c7249b59eee5027400e397e,fixed_2p,1,1,58,2,win,variable_2_4/repetition_3
3,272,variable_2_4/repetition_3,982b1b91707d4b87abdfcc7aecfa5350,variable_2_4,3,0,59,6,win,fixed_2p/repetition_1
3,272,fixed_2p/repetition_1,211a23690c7249b59eee5027400e397e,fixed_2p,1,1,58,1,loss,variable_2_4/repetition_3
3,273,variable_2_4/repetition_3,982b1b91707d4b87abdfcc7aecfa5350,variable_2_4,3,0,57,3,win,fixed_2p/repetition_1
3,273,fixed_2p/repetition_1,211a23690c7249b59eee5027400e397e,fixed_2p,1,1,40,5,loss,variable_2_4/repetition_3
3,274,variable_2_4/repetition_3,982b1b91707d4b87abdfcc7aecfa5350,variable_2_4,3,0,42,1,loss,fixed_2p/repetition_1
3,274,fixed_2p/repetition_1,211a23690c7249b59eee5027400e397e,fixed_2p,1,1,52,4,win,variable_2_4/repetition_3
3,275,variable_2_4/repetition_3,982b1b91707d4b87abdfcc7aecfa5350,variable_2_4,3,0,59,4,loss,fixed_2p/repetition_1
3,275,fixed_2p/repetition_1,211a23690c7249b59eee5027400e397e,fixed_2p,1,1,60,3,win,variable_2_4/repetition_3
3,276,variable_2_4/repetition_3,982b1b91707d4b87abdfcc7aecfa5350,variable_2_4,3,0,47,3,loss,fixed_2p/repetition_1
3,276,fixed_2p/repetition_1,211a23690c7249b59eee5027400e397e,fixed_2p,1,1,51,5,win,variable_2_4/repetition_3
3,277,variable_2_4/repetition_3,982b1b91707d4b87abdfcc7aecfa5350,variable_2_4,3,0,50,3,loss,fixed_2p/repetition_1
3,277,fixed_2p/repetition_1,211a23690c7249b59eee5027400e397e,fixed_2p,1,1,59,3,win,variable_2_4/repetition_3
3,278,fixed_2p/repetition_1,211a23690c7249b59eee5027400e397e,fixed_2p,1,0,55,0,win,variable_2_4/repetition_3
3,278,variable_2_4/repetition_3,982b1b91707d4b87abdfcc7aecfa5350,variable_2_4,3,1,45,4,loss,fixed_2p/repetition_1
3,279,variable_2_4/repetition_3,982b1b91707d4b87abdfcc7aecfa5350,variable_2_4,3,0,62,4,win,fixed_2p/repetition_1
3,279,fixed_2p/repetition_1,211a23690c7249b59eee5027400e397e,fixed_2p,1,1,57,2,loss,variable_2_4/repetition_3
3,280,variable_2_4/repetition_3,982b1b91707d4b87abdfcc7aecfa5350,variable_2_4,3,0,57,3,win,fixed_2p/repetition_1
3,280,fixed_2p/repetition_1,211a23690c7249b59eee5027400e397e,fixed_2p,1,1,53,3,loss,variable_2_4/repetition_3
3,281,fixed_2p/repetition_1,211a23690c7249b59eee5027400e397e,fixed_2p,1,0,56,2,win,variable_2_4/repetition_3
3,281,variable_2_4/repetition_3,982b1b91707d4b87abdfcc7aecfa5350,variable_2_4,3,1,43,6,loss,fixed_2p/repetition_1
3,282,fixed_2p/repetition_1,211a23690c7249b59eee5027400e397e,fixed_2p,1,0,63,3,win,variable_2_4/repetition_3
3,282,variable_2_4/repetition_3,982b1b91707d4b87abdfcc7aecfa5350,variable_2_4,3,1,59,4,loss,fixed_2p/repetition_1
3,283,fixed_2p/repetition_1,211a23690c7249b59eee5027400e397e,fixed_2p,1,0,41,3,loss,variable_2_4/repetition_3
3,283,variable_2_4/repetition_3,982b1b91707d4b87abdfcc7aecfa5350,variable_2_4,3,1,70,4,win,fixed_2p/repetition_1
3,284,variable_2_4/repetition_3,982b1b91707d4b87abdfcc7aecfa5350,variable_2_4,3,0,62,4,win,fixed_2p/repetition_1
3,284,fixed_2p/repetition_1,211a23690c7249b59eee5027400e397e,fixed_2p,1,1,57,1,loss,variable_2_4/repetition_3
3,285,variable_2_4/repetition_3,982b1b91707d4b87abdfcc7aecfa5350,variable_2_4,3,0,54,3,loss,fixed_2p/repetition_1
3,285,fixed_2p/repetition_1,211a23690c7249b59eee5027400e397e,fixed_2p,1,1,65,1,win,variable_2_4/repetition_3
3,286,fixed_2p/repetition_1,211a23690c7249b59eee5027400e397e,fixed_2p,1,0,58,2,loss,variable_2_4/repetition_3
3,286,variable_2_4/repetition_3,982b1b91707d4b87abdfcc7aecfa5350,variable_2_4,3,1,71,4,win,fixed_2p/repetition_1
3,287,fixed_2p/repetition_1,211a23690c7249b59eee5027400e397e,fixed_2p,1,0,61,1,win,variable_2_4/repetition_3
3,287,variable_2_4/repetition_3,982b1b91707d4b87abdfcc7aecfa5350,variable_2_4,3,1,42,5,loss,fixed_2p/repetition_1
3,288,variable_2_4/repetition_3,982b1b91707d4b87abdfcc7aecfa5350,variable_2_4,3,0,65,4,win,fixed_2p/repetition_1
3,288,fixed_2p/repetition_1,211a23690c7249b59eee5027400e397e,fixed_2p,1,1,52,1,loss,variable_2_4/repetition_3
3,289,fixed_2p/repetition_1,211a23690c7249b59eee5027400e397e,fixed_2p,1,0,43,2,loss,variable_2_4/repetition_3
3,289,variable_2_4/repetition_3,982b1b91707d4b87abdfcc7aecfa5350,variable_2_4,3,1,59,4,win,fixed_2p/repetition_1
3,290,fixed_2p/repetition_1,211a23690c7249b59eee5027400e397e,fixed_2p,1,0,63,3,win,variable_2_4/repetition_3
3,290,variable_2_4/repetition_3,982b1b91707d4b87abdfcc7aecfa5350,variable_2_4,3,1,59,2,loss,fixed_2p/repetition_1
3,291,fixed_2p/repetition_1,211a23690c7249b59eee5027400e397e,fixed_2p,1,0,50,0,win,variable_2_4/repetition_3
3,291,variable_2_4/repetition_3,982b1b91707d4b87abdfcc7aecfa5350,variable_2_4,3,1,49,4,loss,fixed_2p/repetition_1
3,292,fixed_2p/repetition_1,211a23690c7249b59eee5027400e397e,fixed_2p,1,0,61,1,win,variable_2_4/repetition_3
3,292,variable_2_4/repetition_3,982b1b91707d4b87abdfcc7aecfa5350,variable_2_4,3,1,58,3,loss,fixed_2p/repetition_1
3,293,variable_2_4/repetition_3,982b1b91707d4b87abdfcc7aecfa5350,variable_2_4,3,0,65,2,win,fixed_2p/repetition_1
3,293,fixed_2p/repetition_1,211a23690c7249b59eee5027400e397e,fixed_2p,1,1,52,2,loss,variable_2_4/repetition_3
3,294,fixed_2p/repetition_1,211a23690c7249b59eee5027400e397e,fixed_2p,1,0,59,2,loss,variable_2_4/repetition_3
3,294,variable_2_4/repetition_3,982b1b91707d4b87abdfcc7aecfa5350,variable_2_4,3,1,69,3,win,fixed_2p/repetition_1
3,295,fixed_2p/repetition_1,211a23690c7249b59eee5027400e397e,fixed_2p,1,0,55,4,win,variable_2_4/repetition_3
3,295,variable_2_4/repetition_3,982b1b91707d4b87abdfcc7aecfa5350,variable_2_4,3,1,51,3,loss,fixed_2p/repetition_1
3,296,fixed_2p/repetition_1,211a23690c7249b59eee5027400e397e,fixed_2p,1,0,58,1,win,variable_2_4/repetition_3
3,296,variable_2_4/repetition_3,982b1b91707d4b87abdfcc7aecfa5350,variable_2_4,3,1,57,2,loss,fixed_2p/repetition_1
3,297,variable_2_4/repetition_3,982b1b91707d4b87abdfcc7aecfa5350,variable_2_4,3,0,55,2,tie,fixed_2p/repetition_1
3,297,fixed_2p/repetition_1,211a23690c7249b59eee5027400e397e,fixed_2p,1,1,55,2,tie,variable_2_4/repetition_3
3,298,fixed_2p/repetition_1,211a23690c7249b59eee5027400e397e,fixed_2p,1,0,55,2,win,variable_2_4/repetition_3
3,298,variable_2_4/repetition_3,982b1b91707d4b87abdfcc7aecfa5350,variable_2_4,3,1,54,3,loss,fixed_2p/repetition_1
3,299,variable_2_4/repetition_3,982b1b91707d4b87abdfcc7aecfa5350,variable_2_4,3,0,53,5,loss,fixed_2p/repetition_1
3,299,fixed_2p/repetition_1,211a23690c7249b59eee5027400e397e,fixed_2p,1,1,59,2,win,variable_2_4/repetition_3
3,300,variable_2_4/repetition_3,982b1b91707d4b87abdfcc7aecfa5350,variable_2_4,3,0,59,0,win,fixed_2p/repetition_1
3,300,fixed_2p/repetition_1,211a23690c7249b59eee5027400e397e,fixed_2p,1,1,40,6,loss,variable_2_4/repetition_3
4,301,fixed_2p/repetition_1,211a23690c7249b59eee5027400e397e,fixed_2p,1,0,61,1,loss,variable_encoder_2_4/repetition_1
4,301,variable_encoder_2_4/repetition_1,420770657a844be6ab5e55e02edf3782,variable_encoder_2_4,1,1,68,2,win,fixed_2p/repetition_1
4,302,fixed_2p/repetition_1,211a23690c7249b59eee5027400e397e,fixed_2p,1,0,65,1,win,variable_encoder_2_4/repetition_1
4,302,variable_encoder_2_4/repetition_1,420770657a844be6ab5e55e02edf3782,variable_encoder_2_4,1,1,56,4,loss,fixed_2p/repetition_1
4,303,fixed_2p/repetition_1,211a23690c7249b59eee5027400e397e,fixed_2p,1,0,54,2,win,variable_encoder_2_4/repetition_1
4,303,variable_encoder_2_4/repetition_1,420770657a844be6ab5e55e02edf3782,variable_encoder_2_4,1,1,51,4,loss,fixed_2p/repetition_1
4,304,fixed_2p/repetition_1,211a23690c7249b59eee5027400e397e,fixed_2p,1,0,57,1,win,variable_encoder_2_4/repetition_1
4,304,variable_encoder_2_4/repetition_1,420770657a844be6ab5e55e02edf3782,variable_encoder_2_4,1,1,50,7,loss,fixed_2p/repetition_1
4,305,variable_encoder_2_4/repetition_1,420770657a844be6ab5e55e02edf3782,variable_encoder_2_4,1,0,68,2,loss,fixed_2p/repetition_1
4,305,fixed_2p/repetition_1,211a23690c7249b59eee5027400e397e,fixed_2p,1,1,69,2,win,variable_encoder_2_4/repetition_1
4,306,variable_encoder_2_4/repetition_1,420770657a844be6ab5e55e02edf3782,variable_encoder_2_4,1,0,59,6,win,fixed_2p/repetition_1
4,306,fixed_2p/repetition_1,211a23690c7249b59eee5027400e397e,fixed_2p,1,1,56,1,loss,variable_encoder_2_4/repetition_1
4,307,variable_encoder_2_4/repetition_1,420770657a844be6ab5e55e02edf3782,variable_encoder_2_4,1,0,59,4,loss,fixed_2p/repetition_1
4,307,fixed_2p/repetition_1,211a23690c7249b59eee5027400e397e,fixed_2p,1,1,71,1,win,variable_encoder_2_4/repetition_1
4,308,variable_encoder_2_4/repetition_1,420770657a844be6ab5e55e02edf3782,variable_encoder_2_4,1,0,53,5,win,fixed_2p/repetition_1
4,308,fixed_2p/repetition_1,211a23690c7249b59eee5027400e397e,fixed_2p,1,1,44,2,loss,variable_encoder_2_4/repetition_1
4,309,variable_encoder_2_4/repetition_1,420770657a844be6ab5e55e02edf3782,variable_encoder_2_4,1,0,56,5,win,fixed_2p/repetition_1
4,309,fixed_2p/repetition_1,211a23690c7249b59eee5027400e397e,fixed_2p,1,1,53,0,loss,variable_encoder_2_4/repetition_1
4,310,variable_encoder_2_4/repetition_1,420770657a844be6ab5e55e02edf3782,variable_encoder_2_4,1,0,52,7,win,fixed_2p/repetition_1
4,310,fixed_2p/repetition_1,211a23690c7249b59eee5027400e397e,fixed_2p,1,1,47,2,loss,variable_encoder_2_4/repetition_1
4,311,fixed_2p/repetition_1,211a23690c7249b59eee5027400e397e,fixed_2p,1,0,50,2,loss,variable_encoder_2_4/repetition_1
4,311,variable_encoder_2_4/repetition_1,420770657a844be6ab5e55e02edf3782,variable_encoder_2_4,1,1,55,5,win,fixed_2p/repetition_1
4,312,fixed_2p/repetition_1,211a23690c7249b59eee5027400e397e,fixed_2p,1,0,54,1,win,variable_encoder_2_4/repetition_1
4,312,variable_encoder_2_4/repetition_1,420770657a844be6ab5e55e02edf3782,variable_encoder_2_4,1,1,45,5,loss,fixed_2p/repetition_1
4,313,fixed_2p/repetition_1,211a23690c7249b59eee5027400e397e,fixed_2p,1,0,61,1,win,variable_encoder_2_4/repetition_1
4,313,variable_encoder_2_4/repetition_1,420770657a844be6ab5e55e02edf3782,variable_encoder_2_4,1,1,60,1,loss,fixed_2p/repetition_1
4,314,variable_encoder_2_4/repetition_1,420770657a844be6ab5e55e02edf3782,variable_encoder_2_4,1,0,54,5,win,fixed_2p/repetition_1
4,314,fixed_2p/repetition_1,211a23690c7249b59eee5027400e397e,fixed_2p,1,1,44,0,loss,variable_encoder_2_4/repetition_1
4,315,fixed_2p/repetition_1,211a23690c7249b59eee5027400e397e,fixed_2p,1,0,55,2,loss,variable_encoder_2_4/repetition_1
4,315,variable_encoder_2_4/repetition_1,420770657a844be6ab5e55e02edf3782,variable_encoder_2_4,1,1,55,5,win,fixed_2p/repetition_1
4,316,variable_encoder_2_4/repetition_1,420770657a844be6ab5e55e02edf3782,variable_encoder_2_4,1,0,44,4,loss,fixed_2p/repetition_1
4,316,fixed_2p/repetition_1,211a23690c7249b59eee5027400e397e,fixed_2p,1,1,45,1,win,variable_encoder_2_4/repetition_1
4,317,variable_encoder_2_4/repetition_1,420770657a844be6ab5e55e02edf3782,variable_encoder_2_4,1,0,62,3,win,fixed_2p/repetition_1
4,317,fixed_2p/repetition_1,211a23690c7249b59eee5027400e397e,fixed_2p,1,1,53,2,loss,variable_encoder_2_4/repetition_1
4,318,fixed_2p/repetition_1,211a23690c7249b59eee5027400e397e,fixed_2p,1,0,54,3,loss,variable_encoder_2_4/repetition_1
4,318,variable_encoder_2_4/repetition_1,420770657a844be6ab5e55e02edf3782,variable_encoder_2_4,1,1,58,6,win,fixed_2p/repetition_1
4,319,variable_encoder_2_4/repetition_1,420770657a844be6ab5e55e02edf3782,variable_encoder_2_4,1,0,58,4,win,fixed_2p/repetition_1
4,319,fixed_2p/repetition_1,211a23690c7249b59eee5027400e397e,fixed_2p,1,1,55,2,loss,variable_encoder_2_4/repetition_1
4,320,variable_encoder_2_4/repetition_1,420770657a844be6ab5e55e02edf3782,variable_encoder_2_4,1,0,52,7,win,fixed_2p/repetition_1
4,320,fixed_2p/repetition_1,211a23690c7249b59eee5027400e397e,fixed_2p,1,1,45,1,loss,variable_encoder_2_4/repetition_1
4,321,fixed_2p/repetition_1,211a23690c7249b59eee5027400e397e,fixed_2p,1,0,65,1,loss,variable_encoder_2_4/repetition_1
4,321,variable_encoder_2_4/repetition_1,420770657a844be6ab5e55e02edf3782,variable_encoder_2_4,1,1,69,7,win,fixed_2p/repetition_1
4,322,variable_encoder_2_4/repetition_1,420770657a844be6ab5e55e02edf3782,variable_encoder_2_4,1,0,57,6,win,fixed_2p/repetition_1
4,322,fixed_2p/repetition_1,211a23690c7249b59eee5027400e397e,fixed_2p,1,1,57,2,loss,variable_encoder_2_4/repetition_1
4,323,variable_encoder_2_4/repetition_1,420770657a844be6ab5e55e02edf3782,variable_encoder_2_4,1,0,50,4,loss,fixed_2p/repetition_1
4,323,fixed_2p/repetition_1,211a23690c7249b59eee5027400e397e,fixed_2p,1,1,53,2,win,variable_encoder_2_4/repetition_1
4,324,fixed_2p/repetition_1,211a23690c7249b59eee5027400e397e,fixed_2p,1,0,58,1,win,variable_encoder_2_4/repetition_1
4,324,variable_encoder_2_4/repetition_1,420770657a844be6ab5e55e02edf3782,variable_encoder_2_4,1,1,53,6,loss,fixed_2p/repetition_1
4,325,fixed_2p/repetition_1,211a23690c7249b59eee5027400e397e,fixed_2p,1,0,53,1,loss,variable_encoder_2_4/repetition_1
4,325,variable_encoder_2_4/repetition_1,420770657a844be6ab5e55e02edf3782,variable_encoder_2_4,1,1,57,4,win,fixed_2p/repetition_1
4,326,variable_encoder_2_4/repetition_1,420770657a844be6ab5e55e02edf3782,variable_encoder_2_4,1,0,60,3,win,fixed_2p/repetition_1
4,326,fixed_2p/repetition_1,211a23690c7249b59eee5027400e397e,fixed_2p,1,1,49,2,loss,variable_encoder_2_4/repetition_1
4,327,variable_encoder_2_4/repetition_1,420770657a844be6ab5e55e02edf3782,variable_encoder_2_4,1,0,61,5,win,fixed_2p/repetition_1
4,327,fixed_2p/repetition_1,211a23690c7249b59eee5027400e397e,fixed_2p,1,1,43,3,loss,variable_encoder_2_4/repetition_1
4,328,variable_encoder_2_4/repetition_1,420770657a844be6ab5e55e02edf3782,variable_encoder_2_4,1,0,53,4,win,fixed_2p/repetition_1
4,328,fixed_2p/repetition_1,211a23690c7249b59eee5027400e397e,fixed_2p,1,1,52,0,loss,variable_encoder_2_4/repetition_1
4,329,fixed_2p/repetition_1,211a23690c7249b59eee5027400e397e,fixed_2p,1,0,54,2,loss,variable_encoder_2_4/repetition_1
4,329,variable_encoder_2_4/repetition_1,420770657a844be6ab5e55e02edf3782,variable_encoder_2_4,1,1,63,3,win,fixed_2p/repetition_1
4,330,variable_encoder_2_4/repetition_1,420770657a844be6ab5e55e02edf3782,variable_encoder_2_4,1,0,65,3,loss,fixed_2p/repetition_1
4,330,fixed_2p/repetition_1,211a23690c7249b59eee5027400e397e,fixed_2p,1,1,66,0,win,variable_encoder_2_4/repetition_1
4,331,variable_encoder_2_4/repetition_1,420770657a844be6ab5e55e02edf3782,variable_encoder_2_4,1,0,56,6,win,fixed_2p/repetition_1
4,331,fixed_2p/repetition_1,211a23690c7249b59eee5027400e397e,fixed_2p,1,1,54,1,loss,variable_encoder_2_4/repetition_1
4,332,variable_encoder_2_4/repetition_1,420770657a844be6ab5e55e02edf3782,variable_encoder_2_4,1,0,63,6,win,fixed_2p/repetition_1
4,332,fixed_2p/repetition_1,211a23690c7249b59eee5027400e397e,fixed_2p,1,1,59,0,loss,variable_encoder_2_4/repetition_1
4,333,fixed_2p/repetition_1,211a23690c7249b59eee5027400e397e,fixed_2p,1,0,55,2,win,variable_encoder_2_4/repetition_1
4,333,variable_encoder_2_4/repetition_1,420770657a844be6ab5e55e02edf3782,variable_encoder_2_4,1,1,54,5,loss,fixed_2p/repetition_1
4,334,variable_encoder_2_4/repetition_1,420770657a844be6ab5e55e02edf3782,variable_encoder_2_4,1,0,54,3,loss,fixed_2p/repetition_1
4,334,fixed_2p/repetition_1,211a23690c7249b59eee5027400e397e,fixed_2p,1,1,62,3,win,variable_encoder_2_4/repetition_1
4,335,variable_encoder_2_4/repetition_1,420770657a844be6ab5e55e02edf3782,variable_encoder_2_4,1,0,69,3,win,fixed_2p/repetition_1
4,335,fixed_2p/repetition_1,211a23690c7249b59eee5027400e397e,fixed_2p,1,1,58,1,loss,variable_encoder_2_4/repetition_1
4,336,fixed_2p/repetition_1,211a23690c7249b59eee5027400e397e,fixed_2p,1,0,54,2,loss,variable_encoder_2_4/repetition_1
4,336,variable_encoder_2_4/repetition_1,420770657a844be6ab5e55e02edf3782,variable_encoder_2_4,1,1,62,4,win,fixed_2p/repetition_1
4,337,variable_encoder_2_4/repetition_1,420770657a844be6ab5e55e02edf3782,variable_encoder_2_4,1,0,59,3,win,fixed_2p/repetition_1
4,337,fixed_2p/repetition_1,211a23690c7249b59eee5027400e397e,fixed_2p,1,1,41,3,loss,variable_encoder_2_4/repetition_1
4,338,variable_encoder_2_4/repetition_1,420770657a844be6ab5e55e02edf3782,variable_encoder_2_4,1,0,63,5,win,fixed_2p/repetition_1
4,338,fixed_2p/repetition_1,211a23690c7249b59eee5027400e397e,fixed_2p,1,1,59,1,loss,variable_encoder_2_4/repetition_1
4,339,fixed_2p/repetition_1,211a23690c7249b59eee5027400e397e,fixed_2p,1,0,63,2,loss,variable_encoder_2_4/repetition_1
4,339,variable_encoder_2_4/repetition_1,420770657a844be6ab5e55e02edf3782,variable_encoder_2_4,1,1,68,5,win,fixed_2p/repetition_1
4,340,fixed_2p/repetition_1,211a23690c7249b59eee5027400e397e,fixed_2p,1,0,58,1,win,variable_encoder_2_4/repetition_1
4,340,variable_encoder_2_4/repetition_1,420770657a844be6ab5e55e02edf3782,variable_encoder_2_4,1,1,48,4,loss,fixed_2p/repetition_1
4,341,variable_encoder_2_4/repetition_1,420770657a844be6ab5e55e02edf3782,variable_encoder_2_4,1,0,64,3,win,fixed_2p/repetition_1
4,341,fixed_2p/repetition_1,211a23690c7249b59eee5027400e397e,fixed_2p,1,1,53,2,loss,variable_encoder_2_4/repetition_1
4,342,variable_encoder_2_4/repetition_1,420770657a844be6ab5e55e02edf3782,variable_encoder_2_4,1,0,52,2,loss,fixed_2p/repetition_1
4,342,fixed_2p/repetition_1,211a23690c7249b59eee5027400e397e,fixed_2p,1,1,53,0,win,variable_encoder_2_4/repetition_1
4,343,variable_encoder_2_4/repetition_1,420770657a844be6ab5e55e02edf3782,variable_encoder_2_4,1,0,60,2,win,fixed_2p/repetition_1
4,343,fixed_2p/repetition_1,211a23690c7249b59eee5027400e397e,fixed_2p,1,1,50,5,loss,variable_encoder_2_4/repetition_1
4,344,variable_encoder_2_4/repetition_1,420770657a844be6ab5e55e02edf3782,variable_encoder_2_4,1,0,49,5,loss,fixed_2p/repetition_1
4,344,fixed_2p/repetition_1,211a23690c7249b59eee5027400e397e,fixed_2p,1,1,53,0,win,variable_encoder_2_4/repetition_1
4,345,fixed_2p/repetition_1,211a23690c7249b59eee5027400e397e,fixed_2p,1,0,54,1,loss,variable_encoder_2_4/repetition_1
4,345,variable_encoder_2_4/repetition_1,420770657a844be6ab5e55e02edf3782,variable_encoder_2_4,1,1,61,5,win,fixed_2p/repetition_1
4,346,variable_encoder_2_4/repetition_1,420770657a844be6ab5e55e02edf3782,variable_encoder_2_4,1,0,56,3,loss,fixed_2p/repetition_1
4,346,fixed_2p/repetition_1,211a23690c7249b59eee5027400e397e,fixed_2p,1,1,58,2,win,variable_encoder_2_4/repetition_1
4,347,variable_encoder_2_4/repetition_1,420770657a844be6ab5e55e02edf3782,variable_encoder_2_4,1,0,60,4,win,fixed_2p/repetition_1
4,347,fixed_2p/repetition_1,211a23690c7249b59eee5027400e397e,fixed_2p,1,1,56,1,loss,variable_encoder_2_4/repetition_1
4,348,variable_encoder_2_4/repetition_1,420770657a844be6ab5e55e02edf3782,variable_encoder_2_4,1,0,66,3,win,fixed_2p/repetition_1
4,348,fixed_2p/repetition_1,211a23690c7249b59eee5027400e397e,fixed_2p,1,1,51,2,loss,variable_encoder_2_4/repetition_1
4,349,variable_encoder_2_4/repetition_1,420770657a844be6ab5e55e02edf3782,variable_encoder_2_4,1,0,64,2,win,fixed_2p/repetition_1
4,349,fixed_2p/repetition_1,211a23690c7249b59eee5027400e397e,fixed_2p,1,1,46,2,loss,variable_encoder_2_4/repetition_1
4,350,variable_encoder_2_4/repetition_1,420770657a844be6ab5e55e02edf3782,variable_encoder_2_4,1,0,60,4,win,fixed_2p/repetition_1
4,350,fixed_2p/repetition_1,211a23690c7249b59eee5027400e397e,fixed_2p,1,1,53,2,loss,variable_encoder_2_4/repetition_1
4,351,variable_encoder_2_4/repetition_1,420770657a844be6ab5e55e02edf3782,variable_encoder_2_4,1,0,53,6,win,fixed_2p/repetition_1
4,351,fixed_2p/repetition_1,211a23690c7249b59eee5027400e397e,fixed_2p,1,1,51,1,loss,variable_encoder_2_4/repetition_1
4,352,variable_encoder_2_4/repetition_1,420770657a844be6ab5e55e02edf3782,variable_encoder_2_4,1,0,59,2,win,fixed_2p/repetition_1
4,352,fixed_2p/repetition_1,211a23690c7249b59eee5027400e397e,fixed_2p,1,1,54,0,loss,variable_encoder_2_4/repetition_1
4,353,variable_encoder_2_4/repetition_1,420770657a844be6ab5e55e02edf3782,variable_encoder_2_4,1,0,58,4,win,fixed_2p/repetition_1
4,353,fixed_2p/repetition_1,211a23690c7249b59eee5027400e397e,fixed_2p,1,1,48,2,loss,variable_encoder_2_4/repetition_1
4,354,variable_encoder_2_4/repetition_1,420770657a844be6ab5e55e02edf3782,variable_encoder_2_4,1,0,42,4,loss,fixed_2p/repetition_1
4,354,fixed_2p/repetition_1,211a23690c7249b59eee5027400e397e,fixed_2p,1,1,43,2,win,variable_encoder_2_4/repetition_1
4,355,variable_encoder_2_4/repetition_1,420770657a844be6ab5e55e02edf3782,variable_encoder_2_4,1,0,57,5,loss,fixed_2p/repetition_1
4,355,fixed_2p/repetition_1,211a23690c7249b59eee5027400e397e,fixed_2p,1,1,62,2,win,variable_encoder_2_4/repetition_1
4,356,variable_encoder_2_4/repetition_1,420770657a844be6ab5e55e02edf3782,variable_encoder_2_4,1,0,45,4,loss,fixed_2p/repetition_1
4,356,fixed_2p/repetition_1,211a23690c7249b59eee5027400e397e,fixed_2p,1,1,53,2,win,variable_encoder_2_4/repetition_1
4,357,variable_encoder_2_4/repetition_1,420770657a844be6ab5e55e02edf3782,variable_encoder_2_4,1,0,64,3,win,fixed_2p/repetition_1
4,357,fixed_2p/repetition_1,211a23690c7249b59eee5027400e397e,fixed_2p,1,1,59,1,loss,variable_encoder_2_4/repetition_1
4,358,variable_encoder_2_4/repetition_1,420770657a844be6ab5e55e02edf3782,variable_encoder_2_4,1,0,41,6,loss,fixed_2p/repetition_1
4,358,fixed_2p/repetition_1,211a23690c7249b59eee5027400e397e,fixed_2p,1,1,46,2,win,variable_encoder_2_4/repetition_1
4,359,variable_encoder_2_4/repetition_1,420770657a844be6ab5e55e02edf3782,variable_encoder_2_4,1,0,64,5,win,fixed_2p/repetition_1
4,359,fixed_2p/repetition_1,211a23690c7249b59eee5027400e397e,fixed_2p,1,1,59,0,loss,variable_encoder_2_4/repetition_1
4,360,variable_encoder_2_4/repetition_1,420770657a844be6ab5e55e02edf3782,variable_encoder_2_4,1,0,56,6,win,fixed_2p/repetition_1
4,360,fixed_2p/repetition_1,211a23690c7249b59eee5027400e397e,fixed_2p,1,1,43,2,loss,variable_encoder_2_4/repetition_1
4,361,fixed_2p/repetition_1,211a23690c7249b59eee5027400e397e,fixed_2p,1,0,69,0,win,variable_encoder_2_4/repetition_1
4,361,variable_encoder_2_4/repetition_1,420770657a844be6ab5e55e02edf3782,variable_encoder_2_4,1,1,51,4,loss,fixed_2p/repetition_1
4,362,fixed_2p/repetition_1,211a23690c7249b59eee5027400e397e,fixed_2p,1,0,54,0,win,variable_encoder_2_4/repetition_1
4,362,variable_encoder_2_4/repetition_1,420770657a844be6ab5e55e02edf3782,variable_encoder_2_4,1,1,53,6,loss,fixed_2p/repetition_1
4,363,fixed_2p/repetition_1,211a23690c7249b59eee5027400e397e,fixed_2p,1,0,53,1,loss,variable_encoder_2_4/repetition_1
4,363,variable_encoder_2_4/repetition_1,420770657a844be6ab5e55e02edf3782,variable_encoder_2_4,1,1,67,2,win,fixed_2p/repetition_1
4,364,variable_encoder_2_4/repetition_1,420770657a844be6ab5e55e02edf3782,variable_encoder_2_4,1,0,70,4,win,fixed_2p/repetition_1
4,364,fixed_2p/repetition_1,211a23690c7249b59eee5027400e397e,fixed_2p,1,1,52,3,loss,variable_encoder_2_4/repetition_1
4,365,fixed_2p/repetition_1,211a23690c7249b59eee5027400e397e,fixed_2p,1,0,48,1,loss,variable_encoder_2_4/repetition_1
4,365,variable_encoder_2_4/repetition_1,420770657a844be6ab5e55e02edf3782,variable_encoder_2_4,1,1,52,4,win,fixed_2p/repetition_1
4,366,variable_encoder_2_4/repetition_1,420770657a844be6ab5e55e02edf3782,variable_encoder_2_4,1,0,65,3,win,fixed_2p/repetition_1
4,366,fixed_2p/repetition_1,211a23690c7249b59eee5027400e397e,fixed_2p,1,1,55,2,loss,variable_encoder_2_4/repetition_1
4,367,variable_encoder_2_4/repetition_1,420770657a844be6ab5e55e02edf3782,variable_encoder_2_4,1,0,66,3,win,fixed_2p/repetition_1
4,367,fixed_2p/repetition_1,211a23690c7249b59eee5027400e397e,fixed_2p,1,1,42,2,loss,variable_encoder_2_4/repetition_1
4,368,fixed_2p/repetition_1,211a23690c7249b59eee5027400e397e,fixed_2p,1,0,53,2,loss,variable_encoder_2_4/repetition_1
4,368,variable_encoder_2_4/repetition_1,420770657a844be6ab5e55e02edf3782,variable_encoder_2_4,1,1,56,5,win,fixed_2p/repetition_1
4,369,variable_encoder_2_4/repetition_1,420770657a844be6ab5e55e02edf3782,variable_encoder_2_4,1,0,51,5,win,fixed_2p/repetition_1
4,369,fixed_2p/repetition_1,211a23690c7249b59eee5027400e397e,fixed_2p,1,1,51,2,loss,variable_encoder_2_4/repetition_1
4,370,variable_encoder_2_4/repetition_1,420770657a844be6ab5e55e02edf3782,variable_encoder_2_4,1,0,58,3,win,fixed_2p/repetition_1
4,370,fixed_2p/repetition_1,211a23690c7249b59eee5027400e397e,fixed_2p,1,1,52,3,loss,variable_encoder_2_4/repetition_1
4,371,variable_encoder_2_4/repetition_1,420770657a844be6ab5e55e02edf3782,variable_encoder_2_4,1,0,53,4,loss,fixed_2p/repetition_1
4,371,fixed_2p/repetition_1,211a23690c7249b59eee5027400e397e,fixed_2p,1,1,57,0,win,variable_encoder_2_4/repetition_1
4,372,fixed_2p/repetition_1,211a23690c7249b59eee5027400e397e,fixed_2p,1,0,59,1,loss,variable_encoder_2_4/repetition_1
4,372,variable_encoder_2_4/repetition_1,420770657a844be6ab5e55e02edf3782,variable_encoder_2_4,1,1,63,6,win,fixed_2p/repetition_1
4,373,fixed_2p/repetition_1,211a23690c7249b59eee5027400e397e,fixed_2p,1,0,60,3,win,variable_encoder_2_4/repetition_1
4,373,variable_encoder_2_4/repetition_1,420770657a844be6ab5e55e02edf3782,variable_encoder_2_4,1,1,55,2,loss,fixed_2p/repetition_1
4,374,fixed_2p/repetition_1,211a23690c7249b59eee5027400e397e,fixed_2p,1,0,57,3,loss,variable_encoder_2_4/repetition_1
4,374,variable_encoder_2_4/repetition_1,420770657a844be6ab5e55e02edf3782,variable_encoder_2_4,1,1,64,4,win,fixed_2p/repetition_1
4,375,variable_encoder_2_4/repetition_1,420770657a844be6ab5e55e02edf3782,variable_encoder_2_4,1,0,68,3,win,fixed_2p/repetition_1
4,375,fixed_2p/repetition_1,211a23690c7249b59eee5027400e397e,fixed_2p,1,1,58,3,loss,variable_encoder_2_4/repetition_1
4,376,variable_encoder_2_4/repetition_1,420770657a844be6ab5e55e02edf3782,variable_encoder_2_4,1,0,50,5,win,fixed_2p/repetition_1
4,376,fixed_2p/repetition_1,211a23690c7249b59eee5027400e397e,fixed_2p,1,1,48,5,loss,variable_encoder_2_4/repetition_1
4,377,fixed_2p/repetition_1,211a23690c7249b59eee5027400e397e,fixed_2p,1,0,50,0,loss,variable_encoder_2_4/repetition_1
4,377,variable_encoder_2_4/repetition_1,420770657a844be6ab5e55e02edf3782,variable_encoder_2_4,1,1,60,4,win,fixed_2p/repetition_1
4,378,variable_encoder_2_4/repetition_1,420770657a844be6ab5e55e02edf3782,variable_encoder_2_4,1,0,48,6,loss,fixed_2p/repetition_1
4,378,fixed_2p/repetition_1,211a23690c7249b59eee5027400e397e,fixed_2p,1,1,62,1,win,variable_encoder_2_4/repetition_1
4,379,variable_encoder_2_4/repetition_1,420770657a844be6ab5e55e02edf3782,variable_encoder_2_4,1,0,59,4,loss,fixed_2p/repetition_1
4,379,fixed_2p/repetition_1,211a23690c7249b59eee5027400e397e,fixed_2p,1,1,65,1,win,variable_encoder_2_4/repetition_1
4,380,variable_encoder_2_4/repetition_1,420770657a844be6ab5e55e02edf3782,variable_encoder_2_4,1,0,55,5,win,fixed_2p/repetition_1
4,380,fixed_2p/repetition_1,211a23690c7249b59eee5027400e397e,fixed_2p,1,1,54,1,loss,variable_encoder_2_4/repetition_1
4,381,fixed_2p/repetition_1,211a23690c7249b59eee5027400e397e,fixed_2p,1,0,53,0,loss,variable_encoder_2_4/repetition_1
4,381,variable_encoder_2_4/repetition_1,420770657a844be6ab5e55e02edf3782,variable_encoder_2_4,1,1,62,7,win,fixed_2p/repetition_1
4,382,fixed_2p/repetition_1,211a23690c7249b59eee5027400e397e,fixed_2p,1,0,49,0,loss,variable_encoder_2_4/repetition_1
4,382,variable_encoder_2_4/repetition_1,420770657a844be6ab5e55e02edf3782,variable_encoder_2_4,1,1,52,3,win,fixed_2p/repetition_1
4,383,variable_encoder_2_4/repetition_1,420770657a844be6ab5e55e02edf3782,variable_encoder_2_4,1,0,49,3,loss,fixed_2p/repetition_1
4,383,fixed_2p/repetition_1,211a23690c7249b59eee5027400e397e,fixed_2p,1,1,53,3,win,variable_encoder_2_4/repetition_1
4,384,variable_encoder_2_4/repetition_1,420770657a844be6ab5e55e02edf3782,variable_encoder_2_4,1,0,53,5,win,fixed_2p/repetition_1
4,384,fixed_2p/repetition_1,211a23690c7249b59eee5027400e397e,fixed_2p,1,1,43,3,loss,variable_encoder_2_4/repetition_1
4,385,variable_encoder_2_4/repetition_1,420770657a844be6ab5e55e02edf3782,variable_encoder_2_4,1,0,61,4,win,fixed_2p/repetition_1
4,385,fixed_2p/repetition_1,211a23690c7249b59eee5027400e397e,fixed_2p,1,1,47,0,loss,variable_encoder_2_4/repetition_1
4,386,fixed_2p/repetition_1,211a23690c7249b59eee5027400e397e,fixed_2p,1,0,64,1,loss,variable_encoder_2_4/repetition_1
4,386,variable_encoder_2_4/repetition_1,420770657a844be6ab5e55e02edf3782,variable_encoder_2_4,1,1,65,3,win,fixed_2p/repetition_1
4,387,fixed_2p/repetition_1,211a23690c7249b59eee5027400e397e,fixed_2p,1,0,46,2,loss,variable_encoder_2_4/repetition_1
4,387,variable_encoder_2_4/repetition_1,420770657a844be6ab5e55e02edf3782,variable_encoder_2_4,1,1,52,5,win,fixed_2p/repetition_1
4,388,variable_encoder_2_4/repetition_1,420770657a844be6ab5e55e02edf3782,variable_encoder_2_4,1,0,65,3,win,fixed_2p/repetition_1
4,388,fixed_2p/repetition_1,211a23690c7249b59eee5027400e397e,fixed_2p,1,1,51,1,loss,variable_encoder_2_4/repetition_1
4,389,fixed_2p/repetition_1,211a23690c7249b59eee5027400e397e,fixed_2p,1,0,51,2,loss,variable_encoder_2_4/repetition_1
4,389,variable_encoder_2_4/repetition_1,420770657a844be6ab5e55e02edf3782,variable_encoder_2_4,1,1,61,2,win,fixed_2p/repetition_1
4,390,fixed_2p/repetition_1,211a23690c7249b59eee5027400e397e,fixed_2p,1,0,57,1,win,variable_encoder_2_4/repetition_1
4,390,variable_encoder_2_4/repetition_1,420770657a844be6ab5e55e02edf3782,variable_encoder_2_4,1,1,51,4,loss,fixed_2p/repetition_1
4,391,variable_encoder_2_4/repetition_1,420770657a844be6ab5e55e02edf3782,variable_encoder_2_4,1,0,54,3,loss,fixed_2p/repetition_1
4,391,fixed_2p/repetition_1,211a23690c7249b59eee5027400e397e,fixed_2p,1,1,56,1,win,variable_encoder_2_4/repetition_1
4,392,fixed_2p/repetition_1,211a23690c7249b59eee5027400e397e,fixed_2p,1,0,54,1,loss,variable_encoder_2_4/repetition_1
4,392,variable_encoder_2_4/repetition_1,420770657a844be6ab5e55e02edf3782,variable_encoder_2_4,1,1,55,3,win,fixed_2p/repetition_1
4,393,variable_encoder_2_4/repetition_1,420770657a844be6ab5e55e02edf3782,variable_encoder_2_4,1,0,62,3,win,fixed_2p/repetition_1
4,393,fixed_2p/repetition_1,211a23690c7249b59eee5027400e397e,fixed_2p,1,1,55,1,loss,variable_encoder_2_4/repetition_1
4,394,fixed_2p/repetition_1,211a23690c7249b59eee5027400e397e,fixed_2p,1,0,60,1,win,variable_encoder_2_4/repetition_1
4,394,variable_encoder_2_4/repetition_1,420770657a844be6ab5e55e02edf3782,variable_encoder_2_4,1,1,53,4,loss,fixed_2p/repetition_1
4,395,variable_encoder_2_4/repetition_1,420770657a844be6ab5e55e02edf3782,variable_encoder_2_4,1,0,57,3,win,fixed_2p/repetition_1
4,395,fixed_2p/repetition_1,211a23690c7249b59eee5027400e397e,fixed_2p,1,1,53,0,loss,variable_encoder_2_4/repetition_1
4,396,variable_encoder_2_4/repetition_1,420770657a844be6ab5e55e02edf3782,variable_encoder_2_4,1,0,63,4,win,fixed_2p/repetition_1
4,396,fixed_2p/repetition_1,211a23690c7249b59eee5027400e397e,fixed_2p,1,1,59,4,loss,variable_encoder_2_4/repetition_1
4,397,variable_encoder_2_4/repetition_1,420770657a844be6ab5e55e02edf3782,variable_encoder_2_4,1,0,63,6,win,fixed_2p/repetition_1
4,397,fixed_2p/repetition_1,211a23690c7249b59eee5027400e397e,fixed_2p,1,1,52,1,loss,variable_encoder_2_4/repetition_1
4,398,fixed_2p/repetition_1,211a23690c7249b59eee5027400e397e,fixed_2p,1,0,50,2,loss,variable_encoder_2_4/repetition_1
4,398,variable_encoder_2_4/repetition_1,420770657a844be6ab5e55e02edf3782,variable_encoder_2_4,1,1,66,3,win,fixed_2p/repetition_1
4,399,fixed_2p/repetition_1,211a23690c7249b59eee5027400e397e,fixed_2p,1,0,54,2,loss,variable_encoder_2_4/repetition_1
4,399,variable_encoder_2_4/repetition_1,420770657a844be6ab5e55e02edf3782,variable_encoder_2_4,1,1,72,2,win,fixed_2p/repetition_1
4,400,variable_encoder_2_4/repetition_1,420770657a844be6ab5e55e02edf3782,variable_encoder_2_4,1,0,61,3,win,fixed_2p/repetition_1
4,400,fixed_2p/repetition_1,211a23690c7249b59eee5027400e397e,fixed_2p,1,1,48,1,loss,variable_encoder_2_4/repetition_1
5,401,variable_encoder_2_4/repetition_2,a665630867144200adb56738eed146da,variable_encoder_2_4,2,0,66,3,win,fixed_2p/repetition_1
5,401,fixed_2p/repetition_1,211a23690c7249b59eee5027400e397e,fixed_2p,1,1,56,1,loss,variable_encoder_2_4/repetition_2
5,402,variable_encoder_2_4/repetition_2,a665630867144200adb56738eed146da,variable_encoder_2_4,2,0,49,4,win,fixed_2p/repetition_1
5,402,fixed_2p/repetition_1,211a23690c7249b59eee5027400e397e,fixed_2p,1,1,48,2,loss,variable_encoder_2_4/repetition_2
5,403,fixed_2p/repetition_1,211a23690c7249b59eee5027400e397e,fixed_2p,1,0,42,1,loss,variable_encoder_2_4/repetition_2
5,403,variable_encoder_2_4/repetition_2,a665630867144200adb56738eed146da,variable_encoder_2_4,2,1,46,5,win,fixed_2p/repetition_1
5,404,variable_encoder_2_4/repetition_2,a665630867144200adb56738eed146da,variable_encoder_2_4,2,0,59,4,win,fixed_2p/repetition_1
5,404,fixed_2p/repetition_1,211a23690c7249b59eee5027400e397e,fixed_2p,1,1,55,1,loss,variable_encoder_2_4/repetition_2
5,405,fixed_2p/repetition_1,211a23690c7249b59eee5027400e397e,fixed_2p,1,0,51,2,win,variable_encoder_2_4/repetition_2
5,405,variable_encoder_2_4/repetition_2,a665630867144200adb56738eed146da,variable_encoder_2_4,2,1,47,2,loss,fixed_2p/repetition_1
5,406,variable_encoder_2_4/repetition_2,a665630867144200adb56738eed146da,variable_encoder_2_4,2,0,62,4,win,fixed_2p/repetition_1
5,406,fixed_2p/repetition_1,211a23690c7249b59eee5027400e397e,fixed_2p,1,1,56,2,loss,variable_encoder_2_4/repetition_2
5,407,variable_encoder_2_4/repetition_2,a665630867144200adb56738eed146da,variable_encoder_2_4,2,0,59,5,win,fixed_2p/repetition_1
5,407,fixed_2p/repetition_1,211a23690c7249b59eee5027400e397e,fixed_2p,1,1,54,1,loss,variable_encoder_2_4/repetition_2
5,408,fixed_2p/repetition_1,211a23690c7249b59eee5027400e397e,fixed_2p,1,0,65,2,win,variable_encoder_2_4/repetition_2
5,408,variable_encoder_2_4/repetition_2,a665630867144200adb56738eed146da,variable_encoder_2_4,2,1,64,3,loss,fixed_2p/repetition_1
5,409,variable_encoder_2_4/repetition_2,a665630867144200adb56738eed146da,variable_encoder_2_4,2,0,64,4,loss,fixed_2p/repetition_1
5,409,fixed_2p/repetition_1,211a23690c7249b59eee5027400e397e,fixed_2p,1,1,70,0,win,variable_encoder_2_4/repetition_2
5,410,fixed_2p/repetition_1,211a23690c7249b59eee5027400e397e,fixed_2p,1,0,43,2,loss,variable_encoder_2_4/repetition_2
5,410,variable_encoder_2_4/repetition_2,a665630867144200adb56738eed146da,variable_encoder_2_4,2,1,54,5,win,fixed_2p/repetition_1
5,411,fixed_2p/repetition_1,211a23690c7249b59eee5027400e397e,fixed_2p,1,0,45,2,loss,variable_encoder_2_4/repetition_2
5,411,variable_encoder_2_4/repetition_2,a665630867144200adb56738eed146da,variable_encoder_2_4,2,1,54,2,win,fixed_2p/repetition_1
5,412,variable_encoder_2_4/repetition_2,a665630867144200adb56738eed146da,variable_encoder_2_4,2,0,53,2,win,fixed_2p/repetition_1
5,412,fixed_2p/repetition_1,211a23690c7249b59eee5027400e397e,fixed_2p,1,1,45,3,loss,variable_encoder_2_4/repetition_2
5,413,fixed_2p/repetition_1,211a23690c7249b59eee5027400e397e,fixed_2p,1,0,43,2,loss,variable_encoder_2_4/repetition_2
5,413,variable_encoder_2_4/repetition_2,a665630867144200adb56738eed146da,variable_encoder_2_4,2,1,53,5,win,fixed_2p/repetition_1
5,414,fixed_2p/repetition_1,211a23690c7249b59eee5027400e397e,fixed_2p,1,0,56,1,loss,variable_encoder_2_4/repetition_2
5,414,variable_encoder_2_4/repetition_2,a665630867144200adb56738eed146da,variable_encoder_2_4,2,1,65,4,win,fixed_2p/repetition_1
5,415,fixed_2p/repetition_1,211a23690c7249b59eee5027400e397e,fixed_2p,1,0,56,1,loss,variable_encoder_2_4/repetition_2
5,415,variable_encoder_2_4/repetition_2,a665630867144200adb56738eed146da,variable_encoder_2_4,2,1,60,6,win,fixed_2p/repetition_1
5,416,variable_encoder_2_4/repetition_2,a665630867144200adb56738eed146da,variable_encoder_2_4,2,0,56,5,loss,fixed_2p/repetition_1
5,416,fixed_2p/repetition_1,211a23690c7249b59eee5027400e397e,fixed_2p,1,1,60,1,win,variable_encoder_2_4/repetition_2
5,417,variable_encoder_2_4/repetition_2,a665630867144200adb56738eed146da,variable_encoder_2_4,2,0,54,4,win,fixed_2p/repetition_1
5,417,fixed_2p/repetition_1,211a23690c7249b59eee5027400e397e,fixed_2p,1,1,43,0,loss,variable_encoder_2_4/repetition_2
5,418,variable_encoder_2_4/repetition_2,a665630867144200adb56738eed146da,variable_encoder_2_4,2,0,64,4,win,fixed_2p/repetition_1
5,418,fixed_2p/repetition_1,211a23690c7249b59eee5027400e397e,fixed_2p,1,1,56,3,loss,variable_encoder_2_4/repetition_2
5,419,fixed_2p/repetition_1,211a23690c7249b59eee5027400e397e,fixed_2p,1,0,44,1,loss,variable_encoder_2_4/repetition_2
5,419,variable_encoder_2_4/repetition_2,a665630867144200adb56738eed146da,variable_encoder_2_4,2,1,67,4,win,fixed_2p/repetition_1
5,420,variable_encoder_2_4/repetition_2,a665630867144200adb56738eed146da,variable_encoder_2_4,2,0,49,7,loss,fixed_2p/repetition_1
5,420,fixed_2p/repetition_1,211a23690c7249b59eee5027400e397e,fixed_2p,1,1,61,0,win,variable_encoder_2_4/repetition_2
5,421,variable_encoder_2_4/repetition_2,a665630867144200adb56738eed146da,variable_encoder_2_4,2,0,60,5,win,fixed_2p/repetition_1
5,421,fixed_2p/repetition_1,211a23690c7249b59eee5027400e397e,fixed_2p,1,1,51,2,loss,variable_encoder_2_4/repetition_2
5,422,variable_encoder_2_4/repetition_2,a665630867144200adb56738eed146da,variable_encoder_2_4,2,0,54,4,win,fixed_2p/repetition_1
5,422,fixed_2p/repetition_1,211a23690c7249b59eee5027400e397e,fixed_2p,1,1,53,2,loss,variable_encoder_2_4/repetition_2
5,423,variable_encoder_2_4/repetition_2,a665630867144200adb56738eed146da,variable_encoder_2_4,2,0,59,3,win,fixed_2p/repetition_1
5,423,fixed_2p/repetition_1,211a23690c7249b59eee5027400e397e,fixed_2p,1,1,58,3,loss,variable_encoder_2_4/repetition_2
5,424,fixed_2p/repetition_1,211a23690c7249b59eee5027400e397e,fixed_2p,1,0,57,0,loss,variable_encoder_2_4/repetition_2
5,424,variable_encoder_2_4/repetition_2,a665630867144200adb56738eed146da,variable_encoder_2_4,2,1,59,3,win,fixed_2p/repetition_1
5,425,variable_encoder_2_4/repetition_2,a665630867144200adb56738eed146da,variable_encoder_2_4,2,0,65,2,win,fixed_2p/repetition_1
5,425,fixed_2p/repetition_1,211a23690c7249b59eee5027400e397e,fixed_2p,1,1,54,2,loss,variable_encoder_2_4/repetition_2
5,426,variable_encoder_2_4/repetition_2,a665630867144200adb56738eed146da,variable_encoder_2_4,2,0,48,4,win,fixed_2p/repetition_1
5,426,fixed_2p/repetition_1,211a23690c7249b59eee5027400e397e,fixed_2p,1,1,43,1,loss,variable_encoder_2_4/repetition_2
5,427,fixed_2p/repetition_1,211a23690c7249b59eee5027400e397e,fixed_2p,1,0,55,1,loss,variable_encoder_2_4/repetition_2
5,427,variable_encoder_2_4/repetition_2,a665630867144200adb56738eed146da,variable_encoder_2_4,2,1,59,3,win,fixed_2p/repetition_1
5,428,variable_encoder_2_4/repetition_2,a665630867144200adb56738eed146da,variable_encoder_2_4,2,0,57,2,win,fixed_2p/repetition_1
5,428,fixed_2p/repetition_1,211a23690c7249b59eee5027400e397e,fixed_2p,1,1,51,2,loss,variable_encoder_2_4/repetition_2
5,429,fixed_2p/repetition_1,211a23690c7249b59eee5027400e397e,fixed_2p,1,0,39,1,loss,variable_encoder_2_4/repetition_2
5,429,variable_encoder_2_4/repetition_2,a665630867144200adb56738eed146da,variable_encoder_2_4,2,1,62,4,win,fixed_2p/repetition_1
5,430,fixed_2p/repetition_1,211a23690c7249b59eee5027400e397e,fixed_2p,1,0,59,2,loss,variable_encoder_2_4/repetition_2
5,430,variable_encoder_2_4/repetition_2,a665630867144200adb56738eed146da,variable_encoder_2_4,2,1,60,5,win,fixed_2p/repetition_1
5,431,variable_encoder_2_4/repetition_2,a665630867144200adb56738eed146da,variable_encoder_2_4,2,0,67,1,win,fixed_2p/repetition_1
5,431,fixed_2p/repetition_1,211a23690c7249b59eee5027400e397e,fixed_2p,1,1,61,1,loss,variable_encoder_2_4/repetition_2
5,432,variable_encoder_2_4/repetition_2,a665630867144200adb56738eed146da,variable_encoder_2_4,2,0,65,3,win,fixed_2p/repetition_1
5,432,fixed_2p/repetition_1,211a23690c7249b59eee5027400e397e,fixed_2p,1,1,52,0,loss,variable_encoder_2_4/repetition_2
5,433,variable_encoder_2_4/repetition_2,a665630867144200adb56738eed146da,variable_encoder_2_4,2,0,57,3,win,fixed_2p/repetition_1
5,433,fixed_2p/repetition_1,211a23690c7249b59eee5027400e397e,fixed_2p,1,1,46,2,loss,variable_encoder_2_4/repetition_2
5,434,variable_encoder_2_4/repetition_2,a665630867144200adb56738eed146da,variable_encoder_2_4,2,0,76,5,win,fixed_2p/repetition_1
5,434,fixed_2p/repetition_1,211a23690c7249b59eee5027400e397e,fixed_2p,1,1,61,2,loss,variable_encoder_2_4/repetition_2
5,435,fixed_2p/repetition_1,211a23690c7249b59eee5027400e397e,fixed_2p,1,0,60,2,win,variable_encoder_2_4/repetition_2
5,435,variable_encoder_2_4/repetition_2,a665630867144200adb56738eed146da,variable_encoder_2_4,2,1,55,3,loss,fixed_2p/repetition_1
5,436,variable_encoder_2_4/repetition_2,a665630867144200adb56738eed146da,variable_encoder_2_4,2,0,52,2,loss,fixed_2p/repetition_1
5,436,fixed_2p/repetition_1,211a23690c7249b59eee5027400e397e,fixed_2p,1,1,55,2,win,variable_encoder_2_4/repetition_2
5,437,fixed_2p/repetition_1,211a23690c7249b59eee5027400e397e,fixed_2p,1,0,47,0,loss,variable_encoder_2_4/repetition_2
5,437,variable_encoder_2_4/repetition_2,a665630867144200adb56738eed146da,variable_encoder_2_4,2,1,52,4,win,fixed_2p/repetition_1
5,438,variable_encoder_2_4/repetition_2,a665630867144200adb56738eed146da,variable_encoder_2_4,2,0,49,5,loss,fixed_2p/repetition_1
5,438,fixed_2p/repetition_1,211a23690c7249b59eee5027400e397e,fixed_2p,1,1,59,3,win,variable_encoder_2_4/repetition_2
5,439,variable_encoder_2_4/repetition_2,a665630867144200adb56738eed146da,variable_encoder_2_4,2,0,58,5,win,fixed_2p/repetition_1
5,439,fixed_2p/repetition_1,211a23690c7249b59eee5027400e397e,fixed_2p,1,1,49,2,loss,variable_encoder_2_4/repetition_2
5,440,variable_encoder_2_4/repetition_2,a665630867144200adb56738eed146da,variable_encoder_2_4,2,0,62,5,loss,fixed_2p/repetition_1
5,440,fixed_2p/repetition_1,211a23690c7249b59eee5027400e397e,fixed_2p,1,1,64,0,win,variable_encoder_2_4/repetition_2
5,441,fixed_2p/repetition_1,211a23690c7249b59eee5027400e397e,fixed_2p,1,0,52,1,loss,variable_encoder_2_4/repetition_2
5,441,variable_encoder_2_4/repetition_2,a665630867144200adb56738eed146da,variable_encoder_2_4,2,1,59,5,win,fixed_2p/repetition_1
5,442,fixed_2p/repetition_1,211a23690c7249b59eee5027400e397e,fixed_2p,1,0,63,1,win,variable_encoder_2_4/repetition_2
5,442,variable_encoder_2_4/repetition_2,a665630867144200adb56738eed146da,variable_encoder_2_4,2,1,59,6,loss,fixed_2p/repetition_1
5,443,variable_encoder_2_4/repetition_2,a665630867144200adb56738eed146da,variable_encoder_2_4,2,0,63,6,win,fixed_2p/repetition_1
5,443,fixed_2p/repetition_1,211a23690c7249b59eee5027400e397e,fixed_2p,1,1,45,0,loss,variable_encoder_2_4/repetition_2
5,444,fixed_2p/repetition_1,211a23690c7249b59eee5027400e397e,fixed_2p,1,0,53,1,loss,variable_encoder_2_4/repetition_2
5,444,variable_encoder_2_4/repetition_2,a665630867144200adb56738eed146da,variable_encoder_2_4,2,1,57,7,win,fixed_2p/repetition_1
5,445,variable_encoder_2_4/repetition_2,a665630867144200adb56738eed146da,variable_encoder_2_4,2,0,64,5,win,fixed_2p/repetition_1
5,445,fixed_2p/repetition_1,211a23690c7249b59eee5027400e397e,fixed_2p,1,1,54,2,loss,variable_encoder_2_4/repetition_2
5,446,variable_encoder_2_4/repetition_2,a665630867144200adb56738eed146da,variable_encoder_2_4,2,0,57,7,win,fixed_2p/repetition_1
5,446,fixed_2p/repetition_1,211a23690c7249b59eee5027400e397e,fixed_2p,1,1,54,1,loss,variable_encoder_2_4/repetition_2
5,447,fixed_2p/repetition_1,211a23690c7249b59eee5027400e397e,fixed_2p,1,0,55,2,loss,variable_encoder_2_4/repetition_2
5,447,variable_encoder_2_4/repetition_2,a665630867144200adb56738eed146da,variable_encoder_2_4,2,1,55,6,win,fixed_2p/repetition_1
5,448,fixed_2p/repetition_1,211a23690c7249b59eee5027400e397e,fixed_2p,1,0,51,0,loss,variable_encoder_2_4/repetition_2
5,448,variable_encoder_2_4/repetition_2,a665630867144200adb56738eed146da,variable_encoder_2_4,2,1,62,4,win,fixed_2p/repetition_1
5,449,variable_encoder_2_4/repetition_2,a665630867144200adb56738eed146da,variable_encoder_2_4,2,0,54,3,win,fixed_2p/repetition_1
5,449,fixed_2p/repetition_1,211a23690c7249b59eee5027400e397e,fixed_2p,1,1,53,1,loss,variable_encoder_2_4/repetition_2
5,450,fixed_2p/repetition_1,211a23690c7249b59eee5027400e397e,fixed_2p,1,0,35,3,loss,variable_encoder_2_4/repetition_2
5,450,variable_encoder_2_4/repetition_2,a665630867144200adb56738eed146da,variable_encoder_2_4,2,1,50,6,win,fixed_2p/repetition_1
5,451,variable_encoder_2_4/repetition_2,a665630867144200adb56738eed146da,variable_encoder_2_4,2,0,52,3,loss,fixed_2p/repetition_1
5,451,fixed_2p/repetition_1,211a23690c7249b59eee5027400e397e,fixed_2p,1,1,57,2,win,variable_encoder_2_4/repetition_2
5,452,variable_encoder_2_4/repetition_2,a665630867144200adb56738eed146da,variable_encoder_2_4,2,0,62,4,win,fixed_2p/repetition_1
5,452,fixed_2p/repetition_1,211a23690c7249b59eee5027400e397e,fixed_2p,1,1,56,4,loss,variable_encoder_2_4/repetition_2
5,453,fixed_2p/repetition_1,211a23690c7249b59eee5027400e397e,fixed_2p,1,0,54,2,loss,variable_encoder_2_4/repetition_2
5,453,variable_encoder_2_4/repetition_2,a665630867144200adb56738eed146da,variable_encoder_2_4,2,1,58,5,win,fixed_2p/repetition_1
5,454,variable_encoder_2_4/repetition_2,a665630867144200adb56738eed146da,variable_encoder_2_4,2,0,50,3,win,fixed_2p/repetition_1
5,454,fixed_2p/repetition_1,211a23690c7249b59eee5027400e397e,fixed_2p,1,1,42,3,loss,variable_encoder_2_4/repetition_2
5,455,variable_encoder_2_4/repetition_2,a665630867144200adb56738eed146da,variable_encoder_2_4,2,0,60,3,win,fixed_2p/repetition_1
5,455,fixed_2p/repetition_1,211a23690c7249b59eee5027400e397e,fixed_2p,1,1,51,1,loss,variable_encoder_2_4/repetition_2
5,456,variable_encoder_2_4/repetition_2,a665630867144200adb56738eed146da,variable_encoder_2_4,2,0,67,4,win,fixed_2p/repetition_1
5,456,fixed_2p/repetition_1,211a23690c7249b59eee5027400e397e,fixed_2p,1,1,57,1,loss,variable_encoder_2_4/repetition_2
5,457,fixed_2p/repetition_1,211a23690c7249b59eee5027400e397e,fixed_2p,1,0,54,3,loss,variable_encoder_2_4/repetition_2
5,457,variable_encoder_2_4/repetition_2,a665630867144200adb56738eed146da,variable_encoder_2_4,2,1,58,2,win,fixed_2p/repetition_1
5,458,fixed_2p/repetition_1,211a23690c7249b59eee5027400e397e,fixed_2p,1,0,53,0,win,variable_encoder_2_4/repetition_2
5,458,variable_encoder_2_4/repetition_2,a665630867144200adb56738eed146da,variable_encoder_2_4,2,1,52,7,loss,fixed_2p/repetition_1
5,459,variable_encoder_2_4/repetition_2,a665630867144200adb56738eed146da,variable_encoder_2_4,2,0,61,4,win,fixed_2p/repetition_1
5,459,fixed_2p/repetition_1,211a23690c7249b59eee5027400e397e,fixed_2p,1,1,50,3,loss,variable_encoder_2_4/repetition_2
5,460,variable_encoder_2_4/repetition_2,a665630867144200adb56738eed146da,variable_encoder_2_4,2,0,54,5,win,fixed_2p/repetition_1
5,460,fixed_2p/repetition_1,211a23690c7249b59eee5027400e397e,fixed_2p,1,1,50,1,loss,variable_encoder_2_4/repetition_2
5,461,fixed_2p/repetition_1,211a23690c7249b59eee5027400e397e,fixed_2p,1,0,56,2,loss,variable_encoder_2_4/repetition_2
5,461,variable_encoder_2_4/repetition_2,a665630867144200adb56738eed146da,variable_encoder_2_4,2,1,67,1,win,fixed_2p/repetition_1
5,462,variable_encoder_2_4/repetition_2,a665630867144200adb56738eed146da,variable_encoder_2_4,2,0,57,2,loss,fixed_2p/repetition_1
5,462,fixed_2p/repetition_1,211a23690c7249b59eee5027400e397e,fixed_2p,1,1,70,2,win,variable_encoder_2_4/repetition_2
5,463,variable_encoder_2_4/repetition_2,a665630867144200adb56738eed146da,variable_encoder_2_4,2,0,49,5,win,fixed_2p/repetition_1
5,463,fixed_2p/repetition_1,211a23690c7249b59eee5027400e397e,fixed_2p,1,1,33,2,loss,variable_encoder_2_4/repetition_2
5,464,variable_encoder_2_4/repetition_2,a665630867144200adb56738eed146da,variable_encoder_2_4,2,0,66,3,win,fixed_2p/repetition_1
5,464,fixed_2p/repetition_1,211a23690c7249b59eee5027400e397e,fixed_2p,1,1,65,2,loss,variable_encoder_2_4/repetition_2
5,465,fixed_2p/repetition_1,211a23690c7249b59eee5027400e397e,fixed_2p,1,0,51,1,loss,variable_encoder_2_4/repetition_2
5,465,variable_encoder_2_4/repetition_2,a665630867144200adb56738eed146da,variable_encoder_2_4,2,1,53,4,win,fixed_2p/repetition_1
5,466,variable_encoder_2_4/repetition_2,a665630867144200adb56738eed146da,variable_encoder_2_4,2,0,53,5,loss,fixed_2p/repetition_1
5,466,fixed_2p/repetition_1,211a23690c7249b59eee5027400e397e,fixed_2p,1,1,54,1,win,variable_encoder_2_4/repetition_2
5,467,fixed_2p/repetition_1,211a23690c7249b59eee5027400e397e,fixed_2p,1,0,61,1,win,variable_encoder_2_4/repetition_2
5,467,variable_encoder_2_4/repetition_2,a665630867144200adb56738eed146da,variable_encoder_2_4,2,1,50,4,loss,fixed_2p/repetition_1
5,468,fixed_2p/repetition_1,211a23690c7249b59eee5027400e397e,fixed_2p,1,0,51,1,loss,variable_encoder_2_4/repetition_2
5,468,variable_encoder_2_4/repetition_2,a665630867144200adb56738eed146da,variable_encoder_2_4,2,1,60,3,win,fixed_2p/repetition_1
5,469,fixed_2p/repetition_1,211a23690c7249b59eee5027400e397e,fixed_2p,1,0,51,0,loss,variable_encoder_2_4/repetition_2
5,469,variable_encoder_2_4/repetition_2,a665630867144200adb56738eed146da,variable_encoder_2_4,2,1,65,5,win,fixed_2p/repetition_1
5,470,variable_encoder_2_4/repetition_2,a665630867144200adb56738eed146da,variable_encoder_2_4,2,0,65,1,win,fixed_2p/repetition_1
5,470,fixed_2p/repetition_1,211a23690c7249b59eee5027400e397e,fixed_2p,1,1,63,2,loss,variable_encoder_2_4/repetition_2
5,471,variable_encoder_2_4/repetition_2,a665630867144200adb56738eed146da,variable_encoder_2_4,2,0,64,3,win,fixed_2p/repetition_1
5,471,fixed_2p/repetition_1,211a23690c7249b59eee5027400e397e,fixed_2p,1,1,62,1,loss,variable_encoder_2_4/repetition_2
5,472,variable_encoder_2_4/repetition_2,a665630867144200adb56738eed146da,variable_encoder_2_4,2,0,55,4,loss,fixed_2p/repetition_1
5,472,fixed_2p/repetition_1,211a23690c7249b59eee5027400e397e,fixed_2p,1,1,57,2,win,variable_encoder_2_4/repetition_2
5,473,fixed_2p/repetition_1,211a23690c7249b59eee5027400e397e,fixed_2p,1,0,58,2,win,variable_encoder_2_4/repetition_2
5,473,variable_encoder_2_4/repetition_2,a665630867144200adb56738eed146da,variable_encoder_2_4,2,1,54,5,loss,fixed_2p/repetition_1
5,474,variable_encoder_2_4/repetition_2,a665630867144200adb56738eed146da,variable_encoder_2_4,2,0,57,5,win,fixed_2p/repetition_1
5,474,fixed_2p/repetition_1,211a23690c7249b59eee5027400e397e,fixed_2p,1,1,48,2,loss,variable_encoder_2_4/repetition_2
5,475,fixed_2p/repetition_1,211a23690c7249b59eee5027400e397e,fixed_2p,1,0,50,3,loss,variable_encoder_2_4/repetition_2
5,475,variable_encoder_2_4/repetition_2,a665630867144200adb56738eed146da,variable_encoder_2_4,2,1,51,6,win,fixed_2p/repetition_1
5,476,fixed_2p/repetition_1,211a23690c7249b59eee5027400e397e,fixed_2p,1,0,55,3,loss,variable_encoder_2_4/repetition_2
5,476,variable_encoder_2_4/repetition_2,a665630867144200adb56738eed146da,variable_encoder_2_4,2,1,57,2,win,fixed_2p/repetition_1
5,477,variable_encoder_2_4/repetition_2,a665630867144200adb56738eed146da,variable_encoder_2_4,2,0,65,4,win,fixed_2p/repetition_1
5,477,fixed_2p/repetition_1,211a23690c7249b59eee5027400e397e,fixed_2p,1,1,57,0,loss,variable_encoder_2_4/repetition_2
5,478,fixed_2p/repetition_1,211a23690c7249b59eee5027400e397e,fixed_2p,1,0,52,0,loss,variable_encoder_2_4/repetition_2
5,478,variable_encoder_2_4/repetition_2,a665630867144200adb56738eed146da,variable_encoder_2_4,2,1,61,4,win,fixed_2p/repetition_1
5,479,fixed_2p/repetition_1,211a23690c7249b59eee5027400e397e,fixed_2p,1,0,47,0,loss,variable_encoder_2_4/repetition_2
5,479,variable_encoder_2_4/repetition_2,a665630867144200adb56738eed146da,variable_encoder_2_4,2,1,50,3,win,fixed_2p/repetition_1
5,480,variable_encoder_2_4/repetition_2,a665630867144200adb56738eed146da,variable_encoder_2_4,2,0,43,5,loss,fixed_2p/repetition_1
5,480,fixed_2p/repetition_1,211a23690c7249b59eee5027400e397e,fixed_2p,1,1,51,2,win,variable_encoder_2_4/repetition_2
5,481,fixed_2p/repetition_1,211a23690c7249b59eee5027400e397e,fixed_2p,1,0,62,0,win,variable_encoder_2_4/repetition_2
5,481,variable_encoder_2_4/repetition_2,a665630867144200adb56738eed146da,variable_encoder_2_4,2,1,59,5,loss,fixed_2p/repetition_1
5,482,variable_encoder_2_4/repetition_2,a665630867144200adb56738eed146da,variable_encoder_2_4,2,0,52,4,win,fixed_2p/repetition_1
5,482,fixed_2p/repetition_1,211a23690c7249b59eee5027400e397e,fixed_2p,1,1,51,1,loss,variable_encoder_2_4/repetition_2
5,483,fixed_2p/repetition_1,211a23690c7249b59eee5027400e397e,fixed_2p,1,0,54,3,win,variable_encoder_2_4/repetition_2
5,483,variable_encoder_2_4/repetition_2,a665630867144200adb56738eed146da,variable_encoder_2_4,2,1,44,6,loss,fixed_2p/repetition_1
5,484,variable_encoder_2_4/repetition_2,a665630867144200adb56738eed146da,variable_encoder_2_4,2,0,47,5,win,fixed_2p/repetition_1
5,484,fixed_2p/repetition_1,211a23690c7249b59eee5027400e397e,fixed_2p,1,1,39,2,loss,variable_encoder_2_4/repetition_2
5,485,variable_encoder_2_4/repetition_2,a665630867144200adb56738eed146da,variable_encoder_2_4,2,0,52,4,win,fixed_2p/repetition_1
5,485,fixed_2p/repetition_1,211a23690c7249b59eee5027400e397e,fixed_2p,1,1,49,1,loss,variable_encoder_2_4/repetition_2
5,486,fixed_2p/repetition_1,211a23690c7249b59eee5027400e397e,fixed_2p,1,0,50,1,loss,variable_encoder_2_4/repetition_2
5,486,variable_encoder_2_4/repetition_2,a665630867144200adb56738eed146da,variable_encoder_2_4,2,1,53,4,win,fixed_2p/repetition_1
5,487,fixed_2p/repetition_1,211a23690c7249b59eee5027400e397e,fixed_2p,1,0,47,2,loss,variable_encoder_2_4/repetition_2
5,487,variable_encoder_2_4/repetition_2,a665630867144200adb56738eed146da,variable_encoder_2_4,2,1,60,3,win,fixed_2p/repetition_1
5,488,fixed_2p/repetition_1,211a23690c7249b59eee5027400e397e,fixed_2p,1,0,56,1,loss,variable_encoder_2_4/repetition_2
5,488,variable_encoder_2_4/repetition_2,a665630867144200adb56738eed146da,variable_encoder_2_4,2,1,57,5,win,fixed_2p/repetition_1
5,489,fixed_2p/repetition_1,211a23690c7249b59eee5027400e397e,fixed_2p,1,0,52,1,win,variable_encoder_2_4/repetition_2
5,489,variable_encoder_2_4/repetition_2,a665630867144200adb56738eed146da,variable_encoder_2_4,2,1,49,5,loss,fixed_2p/repetition_1
5,490,fixed_2p/repetition_1,211a23690c7249b59eee5027400e397e,fixed_2p,1,0,54,2,loss,variable_encoder_2_4/repetition_2
5,490,variable_encoder_2_4/repetition_2,a665630867144200adb56738eed146da,variable_encoder_2_4,2,1,58,6,win,fixed_2p/repetition_1
5,491,variable_encoder_2_4/repetition_2,a665630867144200adb56738eed146da,variable_encoder_2_4,2,0,59,4,win,fixed_2p/repetition_1
5,491,fixed_2p/repetition_1,211a23690c7249b59eee5027400e397e,fixed_2p,1,1,49,1,loss,variable_encoder_2_4/repetition_2
5,492,variable_encoder_2_4/repetition_2,a665630867144200adb56738eed146da,variable_encoder_2_4,2,0,67,5,win,fixed_2p/repetition_1
5,492,fixed_2p/repetition_1,211a23690c7249b59eee5027400e397e,fixed_2p,1,1,52,2,loss,variable_encoder_2_4/repetition_2
5,493,fixed_2p/repetition_1,211a23690c7249b59eee5027400e397e,fixed_2p,1,0,46,1,loss,variable_encoder_2_4/repetition_2
5,493,variable_encoder_2_4/repetition_2,a665630867144200adb56738eed146da,variable_encoder_2_4,2,1,56,2,win,fixed_2p/repetition_1
5,494,variable_encoder_2_4/repetition_2,a665630867144200adb56738eed146da,variable_encoder_2_4,2,0,56,3,loss,fixed_2p/repetition_1
5,494,fixed_2p/repetition_1,211a23690c7249b59eee5027400e397e,fixed_2p,1,1,61,3,win,variable_encoder_2_4/repetition_2
5,495,variable_encoder_2_4/repetition_2,a665630867144200adb56738eed146da,variable_encoder_2_4,2,0,60,6,loss,fixed_2p/repetition_1
5,495,fixed_2p/repetition_1,211a23690c7249b59eee5027400e397e,fixed_2p,1,1,62,1,win,variable_encoder_2_4/repetition_2
5,496,variable_encoder_2_4/repetition_2,a665630867144200adb56738eed146da,variable_encoder_2_4,2,0,52,7,loss,fixed_2p/repetition_1
5,496,fixed_2p/repetition_1,211a23690c7249b59eee5027400e397e,fixed_2p,1,1,54,1,win,variable_encoder_2_4/repetition_2
5,497,variable_encoder_2_4/repetition_2,a665630867144200adb56738eed146da,variable_encoder_2_4,2,0,72,4,win,fixed_2p/repetition_1
5,497,fixed_2p/repetition_1,211a23690c7249b59eee5027400e397e,fixed_2p,1,1,55,3,loss,variable_encoder_2_4/repetition_2
5,498,fixed_2p/repetition_1,211a23690c7249b59eee5027400e397e,fixed_2p,1,0,47,1,loss,variable_encoder_2_4/repetition_2
5,498,variable_encoder_2_4/repetition_2,a665630867144200adb56738eed146da,variable_encoder_2_4,2,1,58,2,win,fixed_2p/repetition_1
5,499,fixed_2p/repetition_1,211a23690c7249b59eee5027400e397e,fixed_2p,1,0,50,1,win,variable_encoder_2_4/repetition_2
5,499,variable_encoder_2_4/repetition_2,a665630867144200adb56738eed146da,variable_encoder_2_4,2,1,43,6,loss,fixed_2p/repetition_1
5,500,variable_encoder_2_4/repetition_2,a665630867144200adb56738eed146da,variable_encoder_2_4,2,0,63,4,win,fixed_2p/repetition_1
5,500,fixed_2p/repetition_1,211a23690c7249b59eee5027400e397e,fixed_2p,1,1,63,2,loss,variable_encoder_2_4/repetition_2
6,501,fixed_2p/repetition_1,211a23690c7249b59eee5027400e397e,fixed_2p,1,0,60,0,win,variable_encoder_2_4/repetition_3
6,501,variable_encoder_2_4/repetition_3,ff7c9e64890348edad17616988967f76,variable_encoder_2_4,3,1,54,3,loss,fixed_2p/repetition_1
6,502,fixed_2p/repetition_1,211a23690c7249b59eee5027400e397e,fixed_2p,1,0,58,2,win,variable_encoder_2_4/repetition_3
6,502,variable_encoder_2_4/repetition_3,ff7c9e64890348edad17616988967f76,variable_encoder_2_4,3,1,57,7,loss,fixed_2p/repetition_1
6,503,variable_encoder_2_4/repetition_3,ff7c9e64890348edad17616988967f76,variable_encoder_2_4,3,0,63,6,win,fixed_2p/repetition_1
6,503,fixed_2p/repetition_1,211a23690c7249b59eee5027400e397e,fixed_2p,1,1,55,1,loss,variable_encoder_2_4/repetition_3
6,504,variable_encoder_2_4/repetition_3,ff7c9e64890348edad17616988967f76,variable_encoder_2_4,3,0,66,3,win,fixed_2p/repetition_1
6,504,fixed_2p/repetition_1,211a23690c7249b59eee5027400e397e,fixed_2p,1,1,51,2,loss,variable_encoder_2_4/repetition_3
6,505,fixed_2p/repetition_1,211a23690c7249b59eee5027400e397e,fixed_2p,1,0,60,0,loss,variable_encoder_2_4/repetition_3
6,505,variable_encoder_2_4/repetition_3,ff7c9e64890348edad17616988967f76,variable_encoder_2_4,3,1,61,3,win,fixed_2p/repetition_1
6,506,fixed_2p/repetition_1,211a23690c7249b59eee5027400e397e,fixed_2p,1,0,65,1,win,variable_encoder_2_4/repetition_3
6,506,variable_encoder_2_4/repetition_3,ff7c9e64890348edad17616988967f76,variable_encoder_2_4,3,1,62,5,loss,fixed_2p/repetition_1
6,507,fixed_2p/repetition_1,211a23690c7249b59eee5027400e397e,fixed_2p,1,0,47,1,loss,variable_encoder_2_4/repetition_3
6,507,variable_encoder_2_4/repetition_3,ff7c9e64890348edad17616988967f76,variable_encoder_2_4,3,1,61,5,win,fixed_2p/repetition_1
6,508,variable_encoder_2_4/repetition_3,ff7c9e64890348edad17616988967f76,variable_encoder_2_4,3,0,56,4,loss,fixed_2p/repetition_1
6,508,fixed_2p/repetition_1,211a23690c7249b59eee5027400e397e,fixed_2p,1,1,61,0,win,variable_encoder_2_4/repetition_3
6,509,fixed_2p/repetition_1,211a23690c7249b59eee5027400e397e,fixed_2p,1,0,39,3,loss,variable_encoder_2_4/repetition_3
6,509,variable_encoder_2_4/repetition_3,ff7c9e64890348edad17616988967f76,variable_encoder_2_4,3,1,72,4,win,fixed_2p/repetition_1
6,510,variable_encoder_2_4/repetition_3,ff7c9e64890348edad17616988967f76,variable_encoder_2_4,3,0,57,3,win,fixed_2p/repetition_1
6,510,fixed_2p/repetition_1,211a23690c7249b59eee5027400e397e,fixed_2p,1,1,55,1,loss,variable_encoder_2_4/repetition_3
6,511,variable_encoder_2_4/repetition_3,ff7c9e64890348edad17616988967f76,variable_encoder_2_4,3,0,63,3,win,fixed_2p/repetition_1
6,511,fixed_2p/repetition_1,211a23690c7249b59eee5027400e397e,fixed_2p,1,1,61,1,loss,variable_encoder_2_4/repetition_3
6,512,fixed_2p/repetition_1,211a23690c7249b59eee5027400e397e,fixed_2p,1,0,71,1,win,variable_encoder_2_4/repetition_3
6,512,variable_encoder_2_4/repetition_3,ff7c9e64890348edad17616988967f76,variable_encoder_2_4,3,1,53,6,loss,fixed_2p/repetition_1
6,513,variable_encoder_2_4/repetition_3,ff7c9e64890348edad17616988967f76,variable_encoder_2_4,3,0,62,6,win,fixed_2p/repetition_1
6,513,fixed_2p/repetition_1,211a23690c7249b59eee5027400e397e,fixed_2p,1,1,56,1,loss,variable_encoder_2_4/repetition_3
6,514,variable_encoder_2_4/repetition_3,ff7c9e64890348edad17616988967f76,variable_encoder_2_4,3,0,49,6,loss,fixed_2p/repetition_1
6,514,fixed_2p/repetition_1,211a23690c7249b59eee5027400e397e,fixed_2p,1,1,60,0,win,variable_encoder_2_4/repetition_3
6,515,variable_encoder_2_4/repetition_3,ff7c9e64890348edad17616988967f76,variable_encoder_2_4,3,0,55,4,win,fixed_2p/repetition_1
6,515,fixed_2p/repetition_1,211a23690c7249b59eee5027400e397e,fixed_2p,1,1,55,0,loss,variable_encoder_2_4/repetition_3
6,516,variable_encoder_2_4/repetition_3,ff7c9e64890348edad17616988967f76,variable_encoder_2_4,3,0,56,6,win,fixed_2p/repetition_1
6,516,fixed_2p/repetition_1,211a23690c7249b59eee5027400e397e,fixed_2p,1,1,54,0,loss,variable_encoder_2_4/repetition_3
6,517,fixed_2p/repetition_1,211a23690c7249b59eee5027400e397e,fixed_2p,1,0,50,2,loss,variable_encoder_2_4/repetition_3
6,517,variable_encoder_2_4/repetition_3,ff7c9e64890348edad17616988967f76,variable_encoder_2_4,3,1,56,5,win,fixed_2p/repetition_1
6,518,variable_encoder_2_4/repetition_3,ff7c9e64890348edad17616988967f76,variable_encoder_2_4,3,0,57,3,win,fixed_2p/repetition_1
6,518,fixed_2p/repetition_1,211a23690c7249b59eee5027400e397e,fixed_2p,1,1,42,2,loss,variable_encoder_2_4/repetition_3
6,519,variable_encoder_2_4/repetition_3,ff7c9e64890348edad17616988967f76,variable_encoder_2_4,3,0,57,5,loss,fixed_2p/repetition_1
6,519,fixed_2p/repetition_1,211a23690c7249b59eee5027400e397e,fixed_2p,1,1,60,0,win,variable_encoder_2_4/repetition_3
6,520,variable_encoder_2_4/repetition_3,ff7c9e64890348edad17616988967f76,variable_encoder_2_4,3,0,53,3,win,fixed_2p/repetition_1
6,520,fixed_2p/repetition_1,211a23690c7249b59eee5027400e397e,fixed_2p,1,1,53,1,loss,variable_encoder_2_4/repetition_3
6,521,variable_encoder_2_4/repetition_3,ff7c9e64890348edad17616988967f76,variable_encoder_2_4,3,0,55,2,win,fixed_2p/repetition_1
6,521,fixed_2p/repetition_1,211a23690c7249b59eee5027400e397e,fixed_2p,1,1,53,2,loss,variable_encoder_2_4/repetition_3
6,522,fixed_2p/repetition_1,211a23690c7249b59eee5027400e397e,fixed_2p,1,0,54,2,loss,variable_encoder_2_4/repetition_3
6,522,variable_encoder_2_4/repetition_3,ff7c9e64890348edad17616988967f76,variable_encoder_2_4,3,1,55,3,win,fixed_2p/repetition_1
6,523,variable_encoder_2_4/repetition_3,ff7c9e64890348edad17616988967f76,variable_encoder_2_4,3,0,68,4,win,fixed_2p/repetition_1
6,523,fixed_2p/repetition_1,211a23690c7249b59eee5027400e397e,fixed_2p,1,1,61,2,loss,variable_encoder_2_4/repetition_3
6,524,variable_encoder_2_4/repetition_3,ff7c9e64890348edad17616988967f76,variable_encoder_2_4,3,0,52,2,loss,fixed_2p/repetition_1
6,524,fixed_2p/repetition_1,211a23690c7249b59eee5027400e397e,fixed_2p,1,1,54,1,win,variable_encoder_2_4/repetition_3
6,525,variable_encoder_2_4/repetition_3,ff7c9e64890348edad17616988967f76,variable_encoder_2_4,3,0,63,5,win,fixed_2p/repetition_1
6,525,fixed_2p/repetition_1,211a23690c7249b59eee5027400e397e,fixed_2p,1,1,59,2,loss,variable_encoder_2_4/repetition_3
6,526,variable_encoder_2_4/repetition_3,ff7c9e64890348edad17616988967f76,variable_encoder_2_4,3,0,49,5,loss,fixed_2p/repetition_1
6,526,fixed_2p/repetition_1,211a23690c7249b59eee5027400e397e,fixed_2p,1,1,64,1,win,variable_encoder_2_4/repetition_3
6,527,variable_encoder_2_4/repetition_3,ff7c9e64890348edad17616988967f76,variable_encoder_2_4,3,0,53,3,loss,fixed_2p/repetition_1
6,527,fixed_2p/repetition_1,211a23690c7249b59eee5027400e397e,fixed_2p,1,1,54,0,win,variable_encoder_2_4/repetition_3
6,528,variable_encoder_2_4/repetition_3,ff7c9e64890348edad17616988967f76,variable_encoder_2_4,3,0,53,3,win,fixed_2p/repetition_1
6,528,fixed_2p/repetition_1,211a23690c7249b59eee5027400e397e,fixed_2p,1,1,45,1,loss,variable_encoder_2_4/repetition_3
6,529,variable_encoder_2_4/repetition_3,ff7c9e64890348edad17616988967f76,variable_encoder_2_4,3,0,63,4,win,fixed_2p/repetition_1
6,529,fixed_2p/repetition_1,211a23690c7249b59eee5027400e397e,fixed_2p,1,1,52,1,loss,variable_encoder_2_4/repetition_3
6,530,variable_encoder_2_4/repetition_3,ff7c9e64890348edad17616988967f76,variable_encoder_2_4,3,0,59,4,win,fixed_2p/repetition_1
6,530,fixed_2p/repetition_1,211a23690c7249b59eee5027400e397e,fixed_2p,1,1,55,3,loss,variable_encoder_2_4/repetition_3
6,531,fixed_2p/repetition_1,211a23690c7249b59eee5027400e397e,fixed_2p,1,0,56,1,win,variable_encoder_2_4/repetition_3
6,531,variable_encoder_2_4/repetition_3,ff7c9e64890348edad17616988967f76,variable_encoder_2_4,3,1,48,4,loss,fixed_2p/repetition_1
6,532,fixed_2p/repetition_1,211a23690c7249b59eee5027400e397e,fixed_2p,1,0,40,2,loss,variable_encoder_2_4/repetition_3
6,532,variable_encoder_2_4/repetition_3,ff7c9e64890348edad17616988967f76,variable_encoder_2_4,3,1,68,2,win,fixed_2p/repetition_1
6,533,fixed_2p/repetition_1,211a23690c7249b59eee5027400e397e,fixed_2p,1,0,57,0,loss,variable_encoder_2_4/repetition_3
6,533,variable_encoder_2_4/repetition_3,ff7c9e64890348edad17616988967f76,variable_encoder_2_4,3,1,59,2,win,fixed_2p/repetition_1
6,534,fixed_2p/repetition_1,211a23690c7249b59eee5027400e397e,fixed_2p,1,0,68,0,win,variable_encoder_2_4/repetition_3
6,534,variable_encoder_2_4/repetition_3,ff7c9e64890348edad17616988967f76,variable_encoder_2_4,3,1,56,4,loss,fixed_2p/repetition_1
6,535,variable_encoder_2_4/repetition_3,ff7c9e64890348edad17616988967f76,variable_encoder_2_4,3,0,59,4,win,fixed_2p/repetition_1
6,535,fixed_2p/repetition_1,211a23690c7249b59eee5027400e397e,fixed_2p,1,1,50,0,loss,variable_encoder_2_4/repetition_3
6,536,variable_encoder_2_4/repetition_3,ff7c9e64890348edad17616988967f76,variable_encoder_2_4,3,0,50,4,loss,fixed_2p/repetition_1
6,536,fixed_2p/repetition_1,211a23690c7249b59eee5027400e397e,fixed_2p,1,1,63,0,win,variable_encoder_2_4/repetition_3
6,537,fixed_2p/repetition_1,211a23690c7249b59eee5027400e397e,fixed_2p,1,0,60,1,win,variable_encoder_2_4/repetition_3
6,537,variable_encoder_2_4/repetition_3,ff7c9e64890348edad17616988967f76,variable_encoder_2_4,3,1,43,4,loss,fixed_2p/repetition_1
6,538,variable_encoder_2_4/repetition_3,ff7c9e64890348edad17616988967f76,variable_encoder_2_4,3,0,56,4,win,fixed_2p/repetition_1
6,538,fixed_2p/repetition_1,211a23690c7249b59eee5027400e397e,fixed_2p,1,1,56,3,loss,variable_encoder_2_4/repetition_3
6,539,fixed_2p/repetition_1,211a23690c7249b59eee5027400e397e,fixed_2p,1,0,53,1,loss,variable_encoder_2_4/repetition_3
6,539,variable_encoder_2_4/repetition_3,ff7c9e64890348edad17616988967f76,variable_encoder_2_4,3,1,56,5,win,fixed_2p/repetition_1
6,540,variable_encoder_2_4/repetition_3,ff7c9e64890348edad17616988967f76,variable_encoder_2_4,3,0,50,5,loss,fixed_2p/repetition_1
6,540,fixed_2p/repetition_1,211a23690c7249b59eee5027400e397e,fixed_2p,1,1,54,1,win,variable_encoder_2_4/repetition_3
6,541,variable_encoder_2_4/repetition_3,ff7c9e64890348edad17616988967f76,variable_encoder_2_4,3,0,57,6,win,fixed_2p/repetition_1
6,541,fixed_2p/repetition_1,211a23690c7249b59eee5027400e397e,fixed_2p,1,1,53,2,loss,variable_encoder_2_4/repetition_3
6,542,fixed_2p/repetition_1,211a23690c7249b59eee5027400e397e,fixed_2p,1,0,58,2,win,variable_encoder_2_4/repetition_3
6,542,variable_encoder_2_4/repetition_3,ff7c9e64890348edad17616988967f76,variable_encoder_2_4,3,1,57,5,loss,fixed_2p/repetition_1
6,543,fixed_2p/repetition_1,211a23690c7249b59eee5027400e397e,fixed_2p,1,0,64,0,win,variable_encoder_2_4/repetition_3
6,543,variable_encoder_2_4/repetition_3,ff7c9e64890348edad17616988967f76,variable_encoder_2_4,3,1,56,5,loss,fixed_2p/repetition_1
6,544,fixed_2p/repetition_1,211a23690c7249b59eee5027400e397e,fixed_2p,1,0,59,0,win,variable_encoder_2_4/repetition_3
6,544,variable_encoder_2_4/repetition_3,ff7c9e64890348edad17616988967f76,variable_encoder_2_4,3,1,55,5,loss,fixed_2p/repetition_1
6,545,fixed_2p/repetition_1,211a23690c7249b59eee5027400e397e,fixed_2p,1,0,65,1,win,variable_encoder_2_4/repetition_3
6,545,variable_encoder_2_4/repetition_3,ff7c9e64890348edad17616988967f76,variable_encoder_2_4,3,1,61,4,loss,fixed_2p/repetition_1
6,546,variable_encoder_2_4/repetition_3,ff7c9e64890348edad17616988967f76,variable_encoder_2_4,3,0,56,3,win,fixed_2p/repetition_1
6,546,fixed_2p/repetition_1,211a23690c7249b59eee5027400e397e,fixed_2p,1,1,46,1,loss,variable_encoder_2_4/repetition_3
6,547,fixed_2p/repetition_1,211a23690c7249b59eee5027400e397e,fixed_2p,1,0,47,4,loss,variable_encoder_2_4/repetition_3
6,547,variable_encoder_2_4/repetition_3,ff7c9e64890348edad17616988967f76,variable_encoder_2_4,3,1,64,5,win,fixed_2p/repetition_1
6,548,variable_encoder_2_4/repetition_3,ff7c9e64890348edad17616988967f76,variable_encoder_2_4,3,0,67,4,win,fixed_2p/repetition_1
6,548,fixed_2p/repetition_1,211a23690c7249b59eee5027400e397e,fixed_2p,1,1,56,0,loss,variable_encoder_2_4/repetition_3
6,549,variable_encoder_2_4/repetition_3,ff7c9e64890348edad17616988967f76,variable_encoder_2_4,3,0,60,4,win,fixed_2p/repetition_1
6,549,fixed_2p/repetition_1,211a23690c7249b59eee5027400e397e,fixed_2p,1,1,54,1,loss,variable_encoder_2_4/repetition_3
6,550,fixed_2p/repetition_1,211a23690c7249b59eee5027400e397e,fixed_2p,1,0,54,1,loss,variable_encoder_2_4/repetition_3
6,550,variable_encoder_2_4/repetition_3,ff7c9e64890348edad17616988967f76,variable_encoder_2_4,3,1,59,5,win,fixed_2p/repetition_1
6,551,variable_encoder_2_4/repetition_3,ff7c9e64890348edad17616988967f76,variable_encoder_2_4,3,0,63,4,win,fixed_2p/repetition_1
6,551,fixed_2p/repetition_1,211a23690c7249b59eee5027400e397e,fixed_2p,1,1,59,0,loss,variable_encoder_2_4/repetition_3
6,552,fixed_2p/repetition_1,211a23690c7249b59eee5027400e397e,fixed_2p,1,0,52,0,loss,variable_encoder_2_4/repetition_3
6,552,variable_encoder_2_4/repetition_3,ff7c9e64890348edad17616988967f76,variable_encoder_2_4,3,1,61,3,win,fixed_2p/repetition_1
6,553,variable_encoder_2_4/repetition_3,ff7c9e64890348edad17616988967f76,variable_encoder_2_4,3,0,61,4,win,fixed_2p/repetition_1
6,553,fixed_2p/repetition_1,211a23690c7249b59eee5027400e397e,fixed_2p,1,1,54,1,loss,variable_encoder_2_4/repetition_3
6,554,variable_encoder_2_4/repetition_3,ff7c9e64890348edad17616988967f76,variable_encoder_2_4,3,0,69,5,win,fixed_2p/repetition_1
6,554,fixed_2p/repetition_1,211a23690c7249b59eee5027400e397e,fixed_2p,1,1,69,0,loss,variable_encoder_2_4/repetition_3
6,555,variable_encoder_2_4/repetition_3,ff7c9e64890348edad17616988967f76,variable_encoder_2_4,3,0,70,5,win,fixed_2p/repetition_1
6,555,fixed_2p/repetition_1,211a23690c7249b59eee5027400e397e,fixed_2p,1,1,57,0,loss,variable_encoder_2_4/repetition_3
6,556,fixed_2p/repetition_1,211a23690c7249b59eee5027400e397e,fixed_2p,1,0,47,2,loss,variable_encoder_2_4/repetition_3
6,556,variable_encoder_2_4/repetition_3,ff7c9e64890348edad17616988967f76,variable_encoder_2_4,3,1,56,3,win,fixed_2p/repetition_1
6,557,fixed_2p/repetition_1,211a23690c7249b59eee5027400e397e,fixed_2p,1,0,59,1,win,variable_encoder_2_4/repetition_3
6,557,variable_encoder_2_4/repetition_3,ff7c9e64890348edad17616988967f76,variable_encoder_2_4,3,1,58,4,loss,fixed_2p/repetition_1
6,558,fixed_2p/repetition_1,211a23690c7249b59eee5027400e397e,fixed_2p,1,0,54,2,win,variable_encoder_2_4/repetition_3
6,558,variable_encoder_2_4/repetition_3,ff7c9e64890348edad17616988967f76,variable_encoder_2_4,3,1,51,3,loss,fixed_2p/repetition_1
6,559,fixed_2p/repetition_1,211a23690c7249b59eee5027400e397e,fixed_2p,1,0,64,1,win,variable_encoder_2_4/repetition_3
6,559,variable_encoder_2_4/repetition_3,ff7c9e64890348edad17616988967f76,variable_encoder_2_4,3,1,61,5,loss,fixed_2p/repetition_1
6,560,fixed_2p/repetition_1,211a23690c7249b59eee5027400e397e,fixed_2p,1,0,47,2,loss,variable_encoder_2_4/repetition_3
6,560,variable_encoder_2_4/repetition_3,ff7c9e64890348edad17616988967f76,variable_encoder_2_4,3,1,69,3,win,fixed_2p/repetition_1
6,561,variable_encoder_2_4/repetition_3,ff7c9e64890348edad17616988967f76,variable_encoder_2_4,3,0,53,5,loss,fixed_2p/repetition_1
6,561,fixed_2p/repetition_1,211a23690c7249b59eee5027400e397e,fixed_2p,1,1,54,1,win,variable_encoder_2_4/repetition_3
6,562,fixed_2p/repetition_1,211a23690c7249b59eee5027400e397e,fixed_2p,1,0,64,1,win,variable_encoder_2_4/repetition_3
6,562,variable_encoder_2_4/repetition_3,ff7c9e64890348edad17616988967f76,variable_encoder_2_4,3,1,45,5,loss,fixed_2p/repetition_1
6,563,fixed_2p/repetition_1,211a23690c7249b59eee5027400e397e,fixed_2p,1,0,58,0,loss,variable_encoder_2_4/repetition_3
6,563,variable_encoder_2_4/repetition_3,ff7c9e64890348edad17616988967f76,variable_encoder_2_4,3,1,61,4,win,fixed_2p/repetition_1
6,564,variable_encoder_2_4/repetition_3,ff7c9e64890348edad17616988967f76,variable_encoder_2_4,3,0,68,3,win,fixed_2p/repetition_1
6,564,fixed_2p/repetition_1,211a23690c7249b59eee5027400e397e,fixed_2p,1,1,63,0,loss,variable_encoder_2_4/repetition_3
6,565,variable_encoder_2_4/repetition_3,ff7c9e64890348edad17616988967f76,variable_encoder_2_4,3,0,60,2,win,fixed_2p/repetition_1
6,565,fixed_2p/repetition_1,211a23690c7249b59eee5027400e397e,fixed_2p,1,1,57,2,loss,variable_encoder_2_4/repetition_3
6,566,variable_encoder_2_4/repetition_3,ff7c9e64890348edad17616988967f76,variable_encoder_2_4,3,0,48,5,loss,fixed_2p/repetition_1
6,566,fixed_2p/repetition_1,211a23690c7249b59eee5027400e397e,fixed_2p,1,1,52,1,win,variable_encoder_2_4/repetition_3
6,567,variable_encoder_2_4/repetition_3,ff7c9e64890348edad17616988967f76,variable_encoder_2_4,3,0,65,3,win,fixed_2p/repetition_1
6,567,fixed_2p/repetition_1,211a23690c7249b59eee5027400e397e,fixed_2p,1,1,54,2,loss,variable_encoder_2_4/repetition_3
6,568,variable_encoder_2_4/repetition_3,ff7c9e64890348edad17616988967f76,variable_encoder_2_4,3,0,52,2,win,fixed_2p/repetition_1
6,568,fixed_2p/repetition_1,211a23690c7249b59eee5027400e397e,fixed_2p,1,1,46,2,loss,variable_encoder_2_4/repetition_3
6,569,variable_encoder_2_4/repetition_3,ff7c9e64890348edad17616988967f76,variable_encoder_2_4,3,0,61,2,win,fixed_2p/repetition_1
6,569,fixed_2p/repetition_1,211a23690c7249b59eee5027400e397e,fixed_2p,1,1,50,3,loss,variable_encoder_2_4/repetition_3
6,570,variable_encoder_2_4/repetition_3,ff7c9e64890348edad17616988967f76,variable_encoder_2_4,3,0,63,3,win,fixed_2p/repetition_1
6,570,fixed_2p/repetition_1,211a23690c7249b59eee5027400e397e,fixed_2p,1,1,57,1,loss,variable_encoder_2_4/repetition_3
6,571,variable_encoder_2_4/repetition_3,ff7c9e64890348edad17616988967f76,variable_encoder_2_4,3,0,63,4,win,fixed_2p/repetition_1
6,571,fixed_2p/repetition_1,211a23690c7249b59eee5027400e397e,fixed_2p,1,1,53,1,loss,variable_encoder_2_4/repetition_3
6,572,fixed_2p/repetition_1,211a23690c7249b59eee5027400e397e,fixed_2p,1,0,67,1,win,variable_encoder_2_4/repetition_3
6,572,variable_encoder_2_4/repetition_3,ff7c9e64890348edad17616988967f76,variable_encoder_2_4,3,1,63,3,loss,fixed_2p/repetition_1
6,573,variable_encoder_2_4/repetition_3,ff7c9e64890348edad17616988967f76,variable_encoder_2_4,3,0,60,4,win,fixed_2p/repetition_1
6,573,fixed_2p/repetition_1,211a23690c7249b59eee5027400e397e,fixed_2p,1,1,55,2,loss,variable_encoder_2_4/repetition_3
6,574,variable_encoder_2_4/repetition_3,ff7c9e64890348edad17616988967f76,variable_encoder_2_4,3,0,56,4,loss,fixed_2p/repetition_1
6,574,fixed_2p/repetition_1,211a23690c7249b59eee5027400e397e,fixed_2p,1,1,58,0,win,variable_encoder_2_4/repetition_3
6,575,variable_encoder_2_4/repetition_3,ff7c9e64890348edad17616988967f76,variable_encoder_2_4,3,0,59,3,win,fixed_2p/repetition_1
6,575,fixed_2p/repetition_1,211a23690c7249b59eee5027400e397e,fixed_2p,1,1,57,1,loss,variable_encoder_2_4/repetition_3
6,576,variable_encoder_2_4/repetition_3,ff7c9e64890348edad17616988967f76,variable_encoder_2_4,3,0,39,7,loss,fixed_2p/repetition_1
6,576,fixed_2p/repetition_1,211a23690c7249b59eee5027400e397e,fixed_2p,1,1,50,0,win,variable_encoder_2_4/repetition_3
6,577,variable_encoder_2_4/repetition_3,ff7c9e64890348edad17616988967f76,variable_encoder_2_4,3,0,73,3,win,fixed_2p/repetition_1
6,577,fixed_2p/repetition_1,211a23690c7249b59eee5027400e397e,fixed_2p,1,1,63,0,loss,variable_encoder_2_4/repetition_3
6,578,fixed_2p/repetition_1,211a23690c7249b59eee5027400e397e,fixed_2p,1,0,51,2,loss,variable_encoder_2_4/repetition_3
6,578,variable_encoder_2_4/repetition_3,ff7c9e64890348edad17616988967f76,variable_encoder_2_4,3,1,62,5,win,fixed_2p/repetition_1
6,579,variable_encoder_2_4/repetition_3,ff7c9e64890348edad17616988967f76,variable_encoder_2_4,3,0,49,3,loss,fixed_2p/repetition_1
6,579,fixed_2p/repetition_1,211a23690c7249b59eee5027400e397e,fixed_2p,1,1,50,0,win,variable_encoder_2_4/repetition_3
6,580,variable_encoder_2_4/repetition_3,ff7c9e64890348edad17616988967f76,variable_encoder_2_4,3,0,48,5,loss,fixed_2p/repetition_1
6,580,fixed_2p/repetition_1,211a23690c7249b59eee5027400e397e,fixed_2p,1,1,52,2,win,variable_encoder_2_4/repetition_3
6,581,variable_encoder_2_4/repetition_3,ff7c9e64890348edad17616988967f76,variable_encoder_2_4,3,0,50,5,loss,fixed_2p/repetition_1
6,581,fixed_2p/repetition_1,211a23690c7249b59eee5027400e397e,fixed_2p,1,1,64,0,win,variable_encoder_2_4/repetition_3
6,582,fixed_2p/repetition_1,211a23690c7249b59eee5027400e397e,fixed_2p,1,0,65,1,tie,variable_encoder_2_4/repetition_3
6,582,variable_encoder_2_4/repetition_3,ff7c9e64890348edad17616988967f76,variable_encoder_2_4,3,1,65,1,tie,fixed_2p/repetition_1
6,583,fixed_2p/repetition_1,211a23690c7249b59eee5027400e397e,fixed_2p,1,0,51,1,loss,variable_encoder_2_4/repetition_3
6,583,variable_encoder_2_4/repetition_3,ff7c9e64890348edad17616988967f76,variable_encoder_2_4,3,1,55,4,win,fixed_2p/repetition_1
6,584,variable_encoder_2_4/repetition_3,ff7c9e64890348edad17616988967f76,variable_encoder_2_4,3,0,67,2,win,fixed_2p/repetition_1
6,584,fixed_2p/repetition_1,211a23690c7249b59eee5027400e397e,fixed_2p,1,1,48,2,loss,variable_encoder_2_4/repetition_3
6,585,variable_encoder_2_4/repetition_3,ff7c9e64890348edad17616988967f76,variable_encoder_2_4,3,0,60,4,win,fixed_2p/repetition_1
6,585,fixed_2p/repetition_1,211a23690c7249b59eee5027400e397e,fixed_2p,1,1,59,1,loss,variable_encoder_2_4/repetition_3
6,586,variable_encoder_2_4/repetition_3,ff7c9e64890348edad17616988967f76,variable_encoder_2_4,3,0,59,3,win,fixed_2p/repetition_1
6,586,fixed_2p/repetition_1,211a23690c7249b59eee5027400e397e,fixed_2p,1,1,56,2,loss,variable_encoder_2_4/repetition_3
6,587,variable_encoder_2_4/repetition_3,ff7c9e64890348edad17616988967f76,variable_encoder_2_4,3,0,50,5,loss,fixed_2p/repetition_1
6,587,fixed_2p/repetition_1,211a23690c7249b59eee5027400e397e,fixed_2p,1,1,57,1,win,variable_encoder_2_4/repetition_3
6,588,variable_encoder_2_4/repetition_3,ff7c9e64890348edad17616988967f76,variable_encoder_2_4,3,0,58,4,win,fixed_2p/repetition_1
6,588,fixed_2p/repetition_1,211a23690c7249b59eee5027400e397e,fixed_2p,1,1,47,0,loss,variable_encoder_2_4/repetition_3
6,589,fixed_2p/repetition_1,211a23690c7249b59eee5027400e397e,fixed_2p,1,0,61,2,loss,variable_encoder_2_4/repetition_3
6,589,variable_encoder_2_4/repetition_3,ff7c9e64890348edad17616988967f76,variable_encoder_2_4,3,1,65,2,win,fixed_2p/repetition_1
6,590,fixed_2p/repetition_1,211a23690c7249b59eee5027400e397e,fixed_2p,1,0,57,0,win,variable_encoder_2_4/repetition_3
6,590,variable_encoder_2_4/repetition_3,ff7c9e64890348edad17616988967f76,variable_encoder_2_4,3,1,55,6,loss,fixed_2p/repetition_1
6,591,fixed_2p/repetition_1,211a23690c7249b59eee5027400e397e,fixed_2p,1,0,52,0,loss,variable_encoder_2_4/repetition_3
6,591,variable_encoder_2_4/repetition_3,ff7c9e64890348edad17616988967f76,variable_encoder_2_4,3,1,60,3,win,fixed_2p/repetition_1
6,592,variable_encoder_2_4/repetition_3,ff7c9e64890348edad17616988967f76,variable_encoder_2_4,3,0,49,5,win,fixed_2p/repetition_1
6,592,fixed_2p/repetition_1,211a23690c7249b59eee5027400e397e,fixed_2p,1,1,49,2,loss,variable_encoder_2_4/repetition_3
6,593,fixed_2p/repetition_1,211a23690c7249b59eee5027400e397e,fixed_2p,1,0,54,1,win,variable_encoder_2_4/repetition_3
6,593,variable_encoder_2_4/repetition_3,ff7c9e64890348edad17616988967f76,variable_encoder_2_4,3,1,52,6,loss,fixed_2p/repetition_1
6,594,variable_encoder_2_4/repetition_3,ff7c9e64890348edad17616988967f76,variable_encoder_2_4,3,0,56,5,win,fixed_2p/repetition_1
6,594,fixed_2p/repetition_1,211a23690c7249b59eee5027400e397e,fixed_2p,1,1,52,1,loss,variable_encoder_2_4/repetition_3
6,595,variable_encoder_2_4/repetition_3,ff7c9e64890348edad17616988967f76,variable_encoder_2_4,3,0,54,4,loss,fixed_2p/repetition_1
6,595,fixed_2p/repetition_1,211a23690c7249b59eee5027400e397e,fixed_2p,1,1,57,1,win,variable_encoder_2_4/repetition_3
6,596,variable_encoder_2_4/repetition_3,ff7c9e64890348edad17616988967f76,variable_encoder_2_4,3,0,49,3,win,fixed_2p/repetition_1
6,596,fixed_2p/repetition_1,211a23690c7249b59eee5027400e397e,fixed_2p,1,1,45,2,loss,variable_encoder_2_4/repetition_3
6,597,fixed_2p/repetition_1,211a23690c7249b59eee5027400e397e,fixed_2p,1,0,58,0,win,variable_encoder_2_4/repetition_3
6,597,variable_encoder_2_4/repetition_3,ff7c9e64890348edad17616988967f76,variable_encoder_2_4,3,1,52,4,loss,fixed_2p/repetition_1
6,598,fixed_2p/repetition_1,211a23690c7249b59eee5027400e397e,fixed_2p,1,0,54,1,loss,variable_encoder_2_4/repetition_3
6,598,variable_encoder_2_4/repetition_3,ff7c9e64890348edad17616988967f76,variable_encoder_2_4,3,1,56,4,win,fixed_2p/repetition_1
6,599,fixed_2p/repetition_1,211a23690c7249b59eee5027400e397e,fixed_2p,1,0,54,2,loss,variable_encoder_2_4/repetition_3
6,599,variable_encoder_2_4/repetition_3,ff7c9e64890348edad17616988967f76,variable_encoder_2_4,3,1,63,5,win,fixed_2p/repetition_1
6,600,fixed_2p/repetition_1,211a23690c7249b59eee5027400e397e,fixed_2p,1,0,51,0,win,variable_encoder_2_4/repetition_3
6,600,variable_encoder_2_4/repetition_3,ff7c9e64890348edad17616988967f76,variable_encoder_2_4,3,1,46,5,loss,fixed_2p/repetition_1
7,601,random/repetition_1,random,random,1,0,48,4,loss,fixed_2p/repetition_1
7,601,fixed_2p/repetition_1,211a23690c7249b59eee5027400e397e,fixed_2p,1,1,77,0,win,random/repetition_1
7,602,fixed_2p/repetition_1,211a23690c7249b59eee5027400e397e,fixed_2p,1,0,56,3,win,random/repetition_1
7,602,random/repetition_1,random,random,1,1,41,3,loss,fixed_2p/repetition_1
7,603,random/repetition_1,random,random,1,0,42,5,loss,fixed_2p/repetition_1
7,603,fixed_2p/repetition_1,211a23690c7249b59eee5027400e397e,fixed_2p,1,1,59,0,win,random/repetition_1
7,604,random/repetition_1,random,random,1,0,53,3,loss,fixed_2p/repetition_1
7,604,fixed_2p/repetition_1,211a23690c7249b59eee5027400e397e,fixed_2p,1,1,62,2,win,random/repetition_1
7,605,random/repetition_1,random,random,1,0,49,3,loss,fixed_2p/repetition_1
7,605,fixed_2p/repetition_1,211a23690c7249b59eee5027400e397e,fixed_2p,1,1,62,3,win,random/repetition_1
7,606,fixed_2p/repetition_1,211a23690c7249b59eee5027400e397e,fixed_2p,1,0,54,3,win,random/repetition_1
7,606,random/repetition_1,random,random,1,1,36,3,loss,fixed_2p/repetition_1
7,607,random/repetition_1,random,random,1,0,47,3,loss,fixed_2p/repetition_1
7,607,fixed_2p/repetition_1,211a23690c7249b59eee5027400e397e,fixed_2p,1,1,73,3,win,random/repetition_1
7,608,fixed_2p/repetition_1,211a23690c7249b59eee5027400e397e,fixed_2p,1,0,66,1,win,random/repetition_1
7,608,random/repetition_1,random,random,1,1,31,5,loss,fixed_2p/repetition_1
7,609,random/repetition_1,random,random,1,0,48,3,loss,fixed_2p/repetition_1
7,609,fixed_2p/repetition_1,211a23690c7249b59eee5027400e397e,fixed_2p,1,1,61,5,win,random/repetition_1
7,610,random/repetition_1,random,random,1,0,41,5,loss,fixed_2p/repetition_1
7,610,fixed_2p/repetition_1,211a23690c7249b59eee5027400e397e,fixed_2p,1,1,72,2,win,random/repetition_1
7,611,fixed_2p/repetition_1,211a23690c7249b59eee5027400e397e,fixed_2p,1,0,68,3,win,random/repetition_1
7,611,random/repetition_1,random,random,1,1,39,4,loss,fixed_2p/repetition_1
7,612,fixed_2p/repetition_1,211a23690c7249b59eee5027400e397e,fixed_2p,1,0,69,2,win,random/repetition_1
7,612,random/repetition_1,random,random,1,1,44,4,loss,fixed_2p/repetition_1
7,613,fixed_2p/repetition_1,211a23690c7249b59eee5027400e397e,fixed_2p,1,0,65,2,win,random/repetition_1
7,613,random/repetition_1,random,random,1,1,42,3,loss,fixed_2p/repetition_1
7,614,fixed_2p/repetition_1,211a23690c7249b59eee5027400e397e,fixed_2p,1,0,78,0,win,random/repetition_1
7,614,random/repetition_1,random,random,1,1,37,5,loss,fixed_2p/repetition_1
7,615,fixed_2p/repetition_1,211a23690c7249b59eee5027400e397e,fixed_2p,1,0,66,2,win,random/repetition_1
7,615,random/repetition_1,random,random,1,1,44,3,loss,fixed_2p/repetition_1
7,616,fixed_2p/repetition_1,211a23690c7249b59eee5027400e397e,fixed_2p,1,0,67,0,win,random/repetition_1
7,616,random/repetition_1,random,random,1,1,39,6,loss,fixed_2p/repetition_1
7,617,random/repetition_1,random,random,1,0,42,5,loss,fixed_2p/repetition_1
7,617,fixed_2p/repetition_1,211a23690c7249b59eee5027400e397e,fixed_2p,1,1,69,1,win,random/repetition_1
7,618,random/repetition_1,random,random,1,0,36,6,loss,fixed_2p/repetition_1
7,618,fixed_2p/repetition_1,211a23690c7249b59eee5027400e397e,fixed_2p,1,1,72,3,win,random/repetition_1
7,619,fixed_2p/repetition_1,211a23690c7249b59eee5027400e397e,fixed_2p,1,0,74,1,win,random/repetition_1
7,619,random/repetition_1,random,random,1,1,47,3,loss,fixed_2p/repetition_1
7,620,random/repetition_1,random,random,1,0,31,4,loss,fixed_2p/repetition_1
7,620,fixed_2p/repetition_1,211a23690c7249b59eee5027400e397e,fixed_2p,1,1,70,1,win,random/repetition_1
7,621,fixed_2p/repetition_1,211a23690c7249b59eee5027400e397e,fixed_2p,1,0,59,2,win,random/repetition_1
7,621,random/repetition_1,random,random,1,1,46,4,loss,fixed_2p/repetition_1
7,622,fixed_2p/repetition_1,211a23690c7249b59eee5027400e397e,fixed_2p,1,0,58,1,win,random/repetition_1
7,622,random/repetition_1,random,random,1,1,49,4,loss,fixed_2p/repetition_1
7,623,random/repetition_1,random,random,1,0,43,2,loss,fixed_2p/repetition_1
7,623,fixed_2p/repetition_1,211a23690c7249b59eee5027400e397e,fixed_2p,1,1,74,2,win,random/repetition_1
7,624,random/repetition_1,random,random,1,0,29,6,loss,fixed_2p/repetition_1
7,624,fixed_2p/repetition_1,211a23690c7249b59eee5027400e397e,fixed_2p,1,1,58,1,win,random/repetition_1
7,625,fixed_2p/repetition_1,211a23690c7249b59eee5027400e397e,fixed_2p,1,0,58,2,win,random/repetition_1
7,625,random/repetition_1,random,random,1,1,47,5,loss,fixed_2p/repetition_1
7,626,random/repetition_1,random,random,1,0,44,2,loss,fixed_2p/repetition_1
7,626,fixed_2p/repetition_1,211a23690c7249b59eee5027400e397e,fixed_2p,1,1,67,5,win,random/repetition_1
7,627,random/repetition_1,random,random,1,0,37,4,loss,fixed_2p/repetition_1
7,627,fixed_2p/repetition_1,211a23690c7249b59eee5027400e397e,fixed_2p,1,1,57,2,win,random/repetition_1
7,628,fixed_2p/repetition_1,211a23690c7249b59eee5027400e397e,fixed_2p,1,0,65,1,win,random/repetition_1
7,628,random/repetition_1,random,random,1,1,37,6,loss,fixed_2p/repetition_1
7,629,fixed_2p/repetition_1,211a23690c7249b59eee5027400e397e,fixed_2p,1,0,60,2,win,random/repetition_1
7,629,random/repetition_1,random,random,1,1,39,2,loss,fixed_2p/repetition_1
7,630,fixed_2p/repetition_1,211a23690c7249b59eee5027400e397e,fixed_2p,1,0,63,1,win,random/repetition_1
7,630,random/repetition_1,random,random,1,1,52,1,loss,fixed_2p/repetition_1
7,631,fixed_2p/repetition_1,211a23690c7249b59eee5027400e397e,fixed_2p,1,0,66,2,win,random/repetition_1
7,631,random/repetition_1,random,random,1,1,44,3,loss,fixed_2p/repetition_1
7,632,fixed_2p/repetition_1,211a23690c7249b59eee5027400e397e,fixed_2p,1,0,60,1,win,random/repetition_1
7,632,random/repetition_1,random,random,1,1,35,8,loss,fixed_2p/repetition_1
7,633,fixed_2p/repetition_1,211a23690c7249b59eee5027400e397e,fixed_2p,1,0,59,1,win,random/repetition_1
7,633,random/repetition_1,random,random,1,1,41,2,loss,fixed_2p/repetition_1
7,634,random/repetition_1,random,random,1,0,30,2,loss,fixed_2p/repetition_1
7,634,fixed_2p/repetition_1,211a23690c7249b59eee5027400e397e,fixed_2p,1,1,66,3,win,random/repetition_1
7,635,random/repetition_1,random,random,1,0,50,2,loss,fixed_2p/repetition_1
7,635,fixed_2p/repetition_1,211a23690c7249b59eee5027400e397e,fixed_2p,1,1,63,2,win,random/repetition_1
7,636,random/repetition_1,random,random,1,0,50,4,loss,fixed_2p/repetition_1
7,636,fixed_2p/repetition_1,211a23690c7249b59eee5027400e397e,fixed_2p,1,1,58,2,win,random/repetition_1
7,637,random/repetition_1,random,random,1,0,39,3,loss,fixed_2p/repetition_1
7,637,fixed_2p/repetition_1,211a23690c7249b59eee5027400e397e,fixed_2p,1,1,62,1,win,random/repetition_1
7,638,fixed_2p/repetition_1,211a23690c7249b59eee5027400e397e,fixed_2p,1,0,67,3,win,random/repetition_1
7,638,random/repetition_1,random,random,1,1,42,3,loss,fixed_2p/repetition_1
7,639,random/repetition_1,random,random,1,0,33,3,loss,fixed_2p/repetition_1
7,639,fixed_2p/repetition_1,211a23690c7249b59eee5027400e397e,fixed_2p,1,1,52,4,win,random/repetition_1
7,640,fixed_2p/repetition_1,211a23690c7249b59eee5027400e397e,fixed_2p,1,0,62,3,win,random/repetition_1
7,640,random/repetition_1,random,random,1,1,33,3,loss,fixed_2p/repetition_1
7,641,random/repetition_1,random,random,1,0,37,4,loss,fixed_2p/repetition_1
7,641,fixed_2p/repetition_1,211a23690c7249b59eee5027400e397e,fixed_2p,1,1,65,2,win,random/repetition_1
7,642,random/repetition_1,random,random,1,0,46,4,loss,fixed_2p/repetition_1
7,642,fixed_2p/repetition_1,211a23690c7249b59eee5027400e397e,fixed_2p,1,1,64,3,win,random/repetition_1
7,643,fixed_2p/repetition_1,211a23690c7249b59eee5027400e397e,fixed_2p,1,0,62,4,win,random/repetition_1
7,643,random/repetition_1,random,random,1,1,28,3,loss,fixed_2p/repetition_1
7,644,random/repetition_1,random,random,1,0,49,4,loss,fixed_2p/repetition_1
7,644,fixed_2p/repetition_1,211a23690c7249b59eee5027400e397e,fixed_2p,1,1,51,4,win,random/repetition_1
7,645,fixed_2p/repetition_1,211a23690c7249b59eee5027400e397e,fixed_2p,1,0,65,4,win,random/repetition_1
7,645,random/repetition_1,random,random,1,1,40,3,loss,fixed_2p/repetition_1
7,646,random/repetition_1,random,random,1,0,41,4,loss,fixed_2p/repetition_1
7,646,fixed_2p/repetition_1,211a23690c7249b59eee5027400e397e,fixed_2p,1,1,65,1,win,random/repetition_1
7,647,random/repetition_1,random,random,1,0,59,3,win,fixed_2p/repetition_1
7,647,fixed_2p/repetition_1,211a23690c7249b59eee5027400e397e,fixed_2p,1,1,53,2,loss,random/repetition_1
7,648,fixed_2p/repetition_1,211a23690c7249b59eee5027400e397e,fixed_2p,1,0,64,1,win,random/repetition_1
7,648,random/repetition_1,random,random,1,1,49,5,loss,fixed_2p/repetition_1
7,649,fixed_2p/repetition_1,211a23690c7249b59eee5027400e397e,fixed_2p,1,0,60,3,win,random/repetition_1
7,649,random/repetition_1,random,random,1,1,51,5,loss,fixed_2p/repetition_1
7,650,fixed_2p/repetition_1,211a23690c7249b59eee5027400e397e,fixed_2p,1,0,71,1,win,random/repetition_1
7,650,random/repetition_1,random,random,1,1,41,4,loss,fixed_2p/repetition_1
7,651,fixed_2p/repetition_1,211a23690c7249b59eee5027400e397e,fixed_2p,1,0,49,1,loss,random/repetition_1
7,651,random/repetition_1,random,random,1,1,51,4,win,fixed_2p/repetition_1
7,652,random/repetition_1,random,random,1,0,36,1,loss,fixed_2p/repetition_1
7,652,fixed_2p/repetition_1,211a23690c7249b59eee5027400e397e,fixed_2p,1,1,65,3,win,random/repetition_1
7,653,random/repetition_1,random,random,1,0,42,3,loss,fixed_2p/repetition_1
7,653,fixed_2p/repetition_1,211a23690c7249b59eee5027400e397e,fixed_2p,1,1,69,4,win,random/repetition_1
7,654,fixed_2p/repetition_1,211a23690c7249b59eee5027400e397e,fixed_2p,1,0,66,2,win,random/repetition_1
7,654,random/repetition_1,random,random,1,1,29,2,loss,fixed_2p/repetition_1
7,655,fixed_2p/repetition_1,211a23690c7249b59eee5027400e397e,fixed_2p,1,0,69,1,win,random/repetition_1
7,655,random/repetition_1,random,random,1,1,26,7,loss,fixed_2p/repetition_1
7,656,random/repetition_1,random,random,1,0,51,3,loss,fixed_2p/repetition_1
7,656,fixed_2p/repetition_1,211a23690c7249b59eee5027400e397e,fixed_2p,1,1,63,3,win,random/repetition_1
7,657,fixed_2p/repetition_1,211a23690c7249b59eee5027400e397e,fixed_2p,1,0,71,3,win,random/repetition_1
7,657,random/repetition_1,random,random,1,1,37,2,loss,fixed_2p/repetition_1
7,658,fixed_2p/repetition_1,211a23690c7249b59eee5027400e397e,fixed_2p,1,0,76,3,win,random/repetition_1
7,658,random/repetition_1,random,random,1,1,38,3,loss,fixed_2p/repetition_1
7,659,fixed_2p/repetition_1,211a23690c7249b59eee5027400e397e,fixed_2p,1,0,58,2,win,random/repetition_1
7,659,random/repetition_1,random,random,1,1,46,4,loss,fixed_2p/repetition_1
7,660,fixed_2p/repetition_1,211a23690c7249b59eee5027400e397e,fixed_2p,1,0,52,2,win,random/repetition_1
7,660,random/repetition_1,random,random,1,1,42,1,loss,fixed_2p/repetition_1
7,661,fixed_2p/repetition_1,211a23690c7249b59eee5027400e397e,fixed_2p,1,0,60,0,win,random/repetition_1
7,661,random/repetition_1,random,random,1,1,36,6,loss,fixed_2p/repetition_1
7,662,fixed_2p/repetition_1,211a23690c7249b59eee5027400e397e,fixed_2p,1,0,59,1,win,random/repetition_1
7,662,random/repetition_1,random,random,1,1,34,3,loss,fixed_2p/repetition_1
7,663,fixed_2p/repetition_1,211a23690c7249b59eee5027400e397e,fixed_2p,1,0,74,0,win,random/repetition_1
7,663,random/repetition_1,random,random,1,1,39,6,loss,fixed_2p/repetition_1
7,664,fixed_2p/repetition_1,211a23690c7249b59eee5027400e397e,fixed_2p,1,0,52,2,win,random/repetition_1
7,664,random/repetition_1,random,random,1,1,37,4,loss,fixed_2p/repetition_1
7,665,random/repetition_1,random,random,1,0,30,4,loss,fixed_2p/repetition_1
7,665,fixed_2p/repetition_1,211a23690c7249b59eee5027400e397e,fixed_2p,1,1,60,2,win,random/repetition_1
7,666,random/repetition_1,random,random,1,0,41,3,loss,fixed_2p/repetition_1
7,666,fixed_2p/repetition_1,211a23690c7249b59eee5027400e397e,fixed_2p,1,1,72,2,win,random/repetition_1
7,667,fixed_2p/repetition_1,211a23690c7249b59eee5027400e397e,fixed_2p,1,0,70,1,win,random/repetition_1
7,667,random/repetition_1,random,random,1,1,33,4,loss,fixed_2p/repetition_1
7,668,fixed_2p/repetition_1,211a23690c7249b59eee5027400e397e,fixed_2p,1,0,73,1,win,random/repetition_1
7,668,random/repetition_1,random,random,1,1,28,5,loss,fixed_2p/repetition_1
7,669,random/repetition_1,random,random,1,0,44,4,loss,fixed_2p/repetition_1
7,669,fixed_2p/repetition_1,211a23690c7249b59eee5027400e397e,fixed_2p,1,1,72,3,win,random/repetition_1
7,670,random/repetition_1,random,random,1,0,54,3,loss,fixed_2p/repetition_1
7,670,fixed_2p/repetition_1,211a23690c7249b59eee5027400e397e,fixed_2p,1,1,62,2,win,random/repetition_1
7,671,random/repetition_1,random,random,1,0,44,5,loss,fixed_2p/repetition_1
7,671,fixed_2p/repetition_1,211a23690c7249b59eee5027400e397e,fixed_2p,1,1,57,1,win,random/repetition_1
7,672,fixed_2p/repetition_1,211a23690c7249b59eee5027400e397e,fixed_2p,1,0,59,2,win,random/repetition_1
7,672,random/repetition_1,random,random,1,1,40,3,loss,fixed_2p/repetition_1
7,673,fixed_2p/repetition_1,211a23690c7249b59eee5027400e397e,fixed_2p,1,0,71,1,win,random/repetition_1
7,673,random/repetition_1,random,random,1,1,45,3,loss,fixed_2p/repetition_1
7,674,random/repetition_1,random,random,1,0,38,3,loss,fixed_2p/repetition_1
7,674,fixed_2p/repetition_1,211a23690c7249b59eee5027400e397e,fixed_2p,1,1,64,0,win,random/repetition_1
7,675,fixed_2p/repetition_1,211a23690c7249b59eee5027400e397e,fixed_2p,1,0,53,2,win,random/repetition_1
7,675,random/repetition_1,random,random,1,1,36,4,loss,fixed_2p/repetition_1
7,676,fixed_2p/repetition_1,211a23690c7249b59eee5027400e397e,fixed_2p,1,0,68,2,win,random/repetition_1
7,676,random/repetition_1,random,random,1,1,34,4,loss,fixed_2p/repetition_1
7,677,random/repetition_1,random,random,1,0,38,3,loss,fixed_2p/repetition_1
7,677,fixed_2p/repetition_1,211a23690c7249b59eee5027400e397e,fixed_2p,1,1,65,2,win,random/repetition_1
7,678,random/repetition_1,random,random,1,0,46,4,loss,fixed_2p/repetition_1
7,678,fixed_2p/repetition_1,211a23690c7249b59eee5027400e397e,fixed_2p,1,1,58,2,win,random/repetition_1
7,679,fixed_2p/repetition_1,211a23690c7249b59eee5027400e397e,fixed_2p,1,0,56,3,win,random/repetition_1
7,679,random/repetition_1,random,random,1,1,41,2,loss,fixed_2p/repetition_1
7,680,random/repetition_1,random,random,1,0,27,4,loss,fixed_2p/repetition_1
7,680,fixed_2p/repetition_1,211a23690c7249b59eee5027400e397e,fixed_2p,1,1,52,4,win,random/repetition_1
7,681,random/repetition_1,random,random,1,0,51,2,loss,fixed_2p/repetition_1
7,681,fixed_2p/repetition_1,211a23690c7249b59eee5027400e397e,fixed_2p,1,1,65,5,win,random/repetition_1
7,682,random/repetition_1,random,random,1,0,28,3,loss,fixed_2p/repetition_1
7,682,fixed_2p/repetition_1,211a23690c7249b59eee5027400e397e,fixed_2p,1,1,56,4,win,random/repetition_1
7,683,fixed_2p/repetition_1,211a23690c7249b59eee5027400e397e,fixed_2p,1,0,65,3,win,random/repetition_1
7,683,random/repetition_1,random,random,1,1,42,4,loss,fixed_2p/repetition_1
7,684,fixed_2p/repetition_1,211a23690c7249b59eee5027400e397e,fixed_2p,1,0,63,2,win,random/repetition_1
7,684,random/repetition_1,random,random,1,1,45,4,loss,fixed_2p/repetition_1
7,685,fixed_2p/repetition_1,211a23690c7249b59eee5027400e397e,fixed_2p,1,0,53,3,win,random/repetition_1
7,685,random/repetition_1,random,random,1,1,41,3,loss,fixed_2p/repetition_1
7,686,random/repetition_1,random,random,1,0,41,5,loss,fixed_2p/repetition_1
7,686,fixed_2p/repetition_1,211a23690c7249b59eee5027400e397e,fixed_2p,1,1,58,1,win,random/repetition_1
7,687,random/repetition_1,random,random,1,0,41,6,loss,fixed_2p/repetition_1
7,687,fixed_2p/repetition_1,211a23690c7249b59eee5027400e397e,fixed_2p,1,1,68,1,win,random/repetition_1
7,688,fixed_2p/repetition_1,211a23690c7249b59eee5027400e397e,fixed_2p,1,0,67,1,win,random/repetition_1
7,688,random/repetition_1,random,random,1,1,40,4,loss,fixed_2p/repetition_1
7,689,fixed_2p/repetition_1,211a23690c7249b59eee5027400e397e,fixed_2p,1,0,64,2,win,random/repetition_1
7,689,random/repetition_1,random,random,1,1,34,1,loss,fixed_2p/repetition_1
7,690,fixed_2p/repetition_1,211a23690c7249b59eee5027400e397e,fixed_2p,1,0,59,1,win,random/repetition_1
7,690,random/repetition_1,random,random,1,1,34,5,loss,fixed_2p/repetition_1
7,691,fixed_2p/repetition_1,211a23690c7249b59eee5027400e397e,fixed_2p,1,0,59,3,win,random/repetition_1
7,691,random/repetition_1,random,random,1,1,33,3,loss,fixed_2p/repetition_1
7,692,fixed_2p/repetition_1,211a23690c7249b59eee5027400e397e,fixed_2p,1,0,60,3,win,random/repetition_1
7,692,random/repetition_1,random,random,1,1,38,5,loss,fixed_2p/repetition_1
7,693,fixed_2p/repetition_1,211a23690c7249b59eee5027400e397e,fixed_2p,1,0,71,1,win,random/repetition_1
7,693,random/repetition_1,random,random,1,1,42,2,loss,fixed_2p/repetition_1
7,694,random/repetition_1,random,random,1,0,39,4,loss,fixed_2p/repetition_1
7,694,fixed_2p/repetition_1,211a23690c7249b59eee5027400e397e,fixed_2p,1,1,78,2,win,random/repetition_1
7,695,random/repetition_1,random,random,1,0,47,2,loss,fixed_2p/repetition_1
7,695,fixed_2p/repetition_1,211a23690c7249b59eee5027400e397e,fixed_2p,1,1,66,2,win,random/repetition_1
7,696,random/repetition_1,random,random,1,0,54,4,loss,fixed_2p/repetition_1
7,696,fixed_2p/repetition_1,211a23690c7249b59eee5027400e397e,fixed_2p,1,1,64,2,win,random/repetition_1
7,697,random/repetition_1,random,random,1,0,33,6,loss,fixed_2p/repetition_1
7,697,fixed_2p/repetition_1,211a23690c7249b59eee5027400e397e,fixed_2p,1,1,68,1,win,random/repetition_1
7,698,random/repetition_1,random,random,1,0,39,1,loss,fixed_2p/repetition_1
7,698,fixed_2p/repetition_1,211a23690c7249b59eee5027400e397e,fixed_2p,1,1,66,2,win,random/repetition_1
7,699,random/repetition_1,random,random,1,0,43,7,loss,fixed_2p/repetition_1
7,699,fixed_2p/repetition_1,211a23690c7249b59eee5027400e397e,fixed_2p,1,1,64,1,win,random/repetition_1
7,700,fixed_2p/repetition_1,211a23690c7249b59eee5027400e397e,fixed_2p,1,0,58,2,win,random/repetition_1
7,700,random/repetition_1,random,random,1,1,44,4,loss,fixed_2p/repetition_1
8,701,variable_2_4/repetition_1,bf23b43ba2e94b7d994bbae85dbabef5,variable_2_4,1,0,49,5,loss,fixed_2p/repetition_2
8,701,fixed_2p/repetition_2,b0d7518c589645cfbc7e31484f382490,fixed_2p,2,1,55,3,win,variable_2_4/repetition_1
8,702,fixed_2p/repetition_2,b0d7518c589645cfbc7e31484f382490,fixed_2p,2,0,51,4,loss,variable_2_4/repetition_1
8,702,variable_2_4/repetition_1,bf23b43ba2e94b7d994bbae85dbabef5,variable_2_4,1,1,58,3,win,fixed_2p/repetition_2
8,703,fixed_2p/repetition_2,b0d7518c589645cfbc7e31484f382490,fixed_2p,2,0,62,3,win,variable_2_4/repetition_1
8,703,variable_2_4/repetition_1,bf23b43ba2e94b7d994bbae85dbabef5,variable_2_4,1,1,56,1,loss,fixed_2p/repetition_2
8,704,variable_2_4/repetition_1,bf23b43ba2e94b7d994bbae85dbabef5,variable_2_4,1,0,56,3,loss,fixed_2p/repetition_2
8,704,fixed_2p/repetition_2,b0d7518c589645cfbc7e31484f382490,fixed_2p,2,1,59,3,win,variable_2_4/repetition_1
8,705,fixed_2p/repetition_2,b0d7518c589645cfbc7e31484f382490,fixed_2p,2,0,46,3,loss,variable_2_4/repetition_1
8,705,variable_2_4/repetition_1,bf23b43ba2e94b7d994bbae85dbabef5,variable_2_4,1,1,55,3,win,fixed_2p/repetition_2
8,706,fixed_2p/repetition_2,b0d7518c589645cfbc7e31484f382490,fixed_2p,2,0,62,2,win,variable_2_4/repetition_1
8,706,variable_2_4/repetition_1,bf23b43ba2e94b7d994bbae85dbabef5,variable_2_4,1,1,55,2,loss,fixed_2p/repetition_2
8,707,fixed_2p/repetition_2,b0d7518c589645cfbc7e31484f382490,fixed_2p,2,0,43,4,win,variable_2_4/repetition_1
8,707,variable_2_4/repetition_1,bf23b43ba2e94b7d994bbae85dbabef5,variable_2_4,1,1,37,3,loss,fixed_2p/repetition_2
8,708,fixed_2p/repetition_2,b0d7518c589645cfbc7e31484f382490,fixed_2p,2,0,53,4,win,variable_2_4/repetition_1
8,708,variable_2_4/repetition_1,bf23b43ba2e94b7d994bbae85dbabef5,variable_2_4,1,1,45,3,loss,fixed_2p/repetition_2
8,709,fixed_2p/repetition_2,b0d7518c589645cfbc7e31484f382490,fixed_2p,2,0,55,1,win,variable_2_4/repetition_1
8,709,variable_2_4/repetition_1,bf23b43ba2e94b7d994bbae85dbabef5,variable_2_4,1,1,54,4,loss,fixed_2p/repetition_2
8,710,variable_2_4/repetition_1,bf23b43ba2e94b7d994bbae85dbabef5,variable_2_4,1,0,44,4,loss,fixed_2p/repetition_2
8,710,fixed_2p/repetition_2,b0d7518c589645cfbc7e31484f382490,fixed_2p,2,1,52,4,win,variable_2_4/repetition_1
8,711,fixed_2p/repetition_2,b0d7518c589645cfbc7e31484f382490,fixed_2p,2,0,53,3,loss,variable_2_4/repetition_1
8,711,variable_2_4/repetition_1,bf23b43ba2e94b7d994bbae85dbabef5,variable_2_4,1,1,57,4,win,fixed_2p/repetition_2
8,712,fixed_2p/repetition_2,b0d7518c589645cfbc7e31484f382490,fixed_2p,2,0,53,4,win,variable_2_4/repetition_1
8,712,variable_2_4/repetition_1,bf23b43ba2e94b7d994bbae85dbabef5,variable_2_4,1,1,47,2,loss,fixed_2p/repetition_2
8,713,fixed_2p/repetition_2,b0d7518c589645cfbc7e31484f382490,fixed_2p,2,0,44,4,loss,variable_2_4/repetition_1
8,713,variable_2_4/repetition_1,bf23b43ba2e94b7d994bbae85dbabef5,variable_2_4,1,1,46,3,win,fixed_2p/repetition_2
8,714,fixed_2p/repetition_2,b0d7518c589645cfbc7e31484f382490,fixed_2p,2,0,62,3,win,variable_2_4/repetition_1
8,714,variable_2_4/repetition_1,bf23b43ba2e94b7d994bbae85dbabef5,variable_2_4,1,1,57,2,loss,fixed_2p/repetition_2
8,715,variable_2_4/repetition_1,bf23b43ba2e94b7d994bbae85dbabef5,variable_2_4,1,0,50,0,loss,fixed_2p/repetition_2
8,715,fixed_2p/repetition_2,b0d7518c589645cfbc7e31484f382490,fixed_2p,2,1,50,3,win,variable_2_4/repetition_1
8,716,fixed_2p/repetition_2,b0d7518c589645cfbc7e31484f382490,fixed_2p,2,0,54,2,loss,variable_2_4/repetition_1
8,716,variable_2_4/repetition_1,bf23b43ba2e94b7d994bbae85dbabef5,variable_2_4,1,1,65,2,win,fixed_2p/repetition_2
8,717,variable_2_4/repetition_1,bf23b43ba2e94b7d994bbae85dbabef5,variable_2_4,1,0,64,2,win,fixed_2p/repetition_2
8,717,fixed_2p/repetition_2,b0d7518c589645cfbc7e31484f382490,fixed_2p,2,1,54,2,loss,variable_2_4/repetition_1
8,718,variable_2_4/repetition_1,bf23b43ba2e94b7d994bbae85dbabef5,variable_2_4,1,0,48,3,loss,fixed_2p/repetition_2
8,718,fixed_2p/repetition_2,b0d7518c589645cfbc7e31484f382490,fixed_2p,2,1,65,4,win,variable_2_4/repetition_1
8,719,fixed_2p/repetition_2,b0d7518c589645cfbc7e31484f382490,fixed_2p,2,0,54,3,win,variable_2_4/repetition_1
8,719,variable_2_4/repetition_1,bf23b43ba2e94b7d994bbae85dbabef5,variable_2_4,1,1,51,2,loss,fixed_2p/repetition_2
8,720,fixed_2p/repetition_2,b0d7518c589645cfbc7e31484f382490,fixed_2p,2,0,45,1,loss,variable_2_4/repetition_1
8,720,variable_2_4/repetition_1,bf23b43ba2e94b7d994bbae85dbabef5,variable_2_4,1,1,73,2,win,fixed_2p/repetition_2
8,721,variable_2_4/repetition_1,bf23b43ba2e94b7d994bbae85dbabef5,variable_2_4,1,0,64,3,win,fixed_2p/repetition_2
8,721,fixed_2p/repetition_2,b0d7518c589645cfbc7e31484f382490,fixed_2p,2,1,57,2,loss,variable_2_4/repetition_1
8,722,fixed_2p/repetition_2,b0d7518c589645cfbc7e31484f382490,fixed_2p,2,0,49,6,loss,variable_2_4/repetition_1
8,722,variable_2_4/repetition_1,bf23b43ba2e94b7d994bbae85dbabef5,variable_2_4,1,1,57,2,win,fixed_2p/repetition_2
8,723,variable_2_4/repetition_1,bf23b43ba2e94b7d994bbae85dbabef5,variable_2_4,1,0,40,1,loss,fixed_2p/repetition_2
8,723,fixed_2p/repetition_2,b0d7518c589645cfbc7e31484f382490,fixed_2p,2,1,46,6,win,variable_2_4/repetition_1
8,724,variable_2_4/repetition_1,bf23b43ba2e94b7d994bbae85dbabef5,variable_2_4,1,0,57,6,win,fixed_2p/repetition_2
8,724,fixed_2p/repetition_2,b0d7518c589645cfbc7e31484f382490,fixed_2p,2,1,51,2,loss,variable_2_4/repetition_1
8,725,fixed_2p/repetition_2,b0d7518c589645cfbc7e31484f382490,fixed_2p,2,0,69,2,win,variable_2_4/repetition_1
8,725,variable_2_4/repetition_1,bf23b43ba2e94b7d994bbae85dbabef5,variable_2_4,1,1,63,3,loss,fixed_2p/repetition_2
8,726,variable_2_4/repetition_1,bf23b43ba2e94b7d994bbae85dbabef5,variable_2_4,1,0,51,3,loss,fixed_2p/repetition_2
8,726,fixed_2p/repetition_2,b0d7518c589645cfbc7e31484f382490,fixed_2p,2,1,64,2,win,variable_2_4/repetition_1
8,727,fixed_2p/repetition_2,b0d7518c589645cfbc7e31484f382490,fixed_2p,2,0,61,4,win,variable_2_4/repetition_1
8,727,variable_2_4/repetition_1,bf23b43ba2e94b7d994bbae85dbabef5,variable_2_4,1,1,50,3,loss,fixed_2p/repetition_2
8,728,variable_2_4/repetition_1,bf23b43ba2e94b7d994bbae85dbabef5,variable_2_4,1,0,53,4,loss,fixed_2p/repetition_2
8,728,fixed_2p/repetition_2,b0d7518c589645cfbc7e31484f382490,fixed_2p,2,1,58,2,win,variable_2_4/repetition_1
8,729,variable_2_4/repetition_1,bf23b43ba2e94b7d994bbae85dbabef5,variable_2_4,1,0,74,2,win,fixed_2p/repetition_2
8,729,fixed_2p/repetition_2,b0d7518c589645cfbc7e31484f382490,fixed_2p,2,1,59,4,loss,variable_2_4/repetition_1
8,730,fixed_2p/repetition_2,b0d7518c589645cfbc7e31484f382490,fixed_2p,2,0,53,1,loss,variable_2_4/repetition_1
8,730,variable_2_4/repetition_1,bf23b43ba2e94b7d994bbae85dbabef5,variable_2_4,1,1,64,2,win,fixed_2p/repetition_2
8,731,fixed_2p/repetition_2,b0d7518c589645cfbc7e31484f382490,fixed_2p,2,0,59,3,win,variable_2_4/repetition_1
8,731,variable_2_4/repetition_1,bf23b43ba2e94b7d994bbae85dbabef5,variable_2_4,1,1,55,3,loss,fixed_2p/repetition_2
8,732,fixed_2p/repetition_2,b0d7518c589645cfbc7e31484f382490,fixed_2p,2,0,52,3,loss,variable_2_4/repetition_1
8,732,variable_2_4/repetition_1,bf23b43ba2e94b7d994bbae85dbabef5,variable_2_4,1,1,56,3,win,fixed_2p/repetition_2
8,733,variable_2_4/repetition_1,bf23b43ba2e94b7d994bbae85dbabef5,variable_2_4,1,0,64,3,win,fixed_2p/repetition_2
8,733,fixed_2p/repetition_2,b0d7518c589645cfbc7e31484f382490,fixed_2p,2,1,54,2,loss,variable_2_4/repetition_1
8,734,variable_2_4/repetition_1,bf23b43ba2e94b7d994bbae85dbabef5,variable_2_4,1,0,46,1,loss,fixed_2p/repetition_2
8,734,fixed_2p/repetition_2,b0d7518c589645cfbc7e31484f382490,fixed_2p,2,1,55,4,win,variable_2_4/repetition_1
8,735,fixed_2p/repetition_2,b0d7518c589645cfbc7e31484f382490,fixed_2p,2,0,55,2,loss,variable_2_4/repetition_1
8,735,variable_2_4/repetition_1,bf23b43ba2e94b7d994bbae85dbabef5,variable_2_4,1,1,64,2,win,fixed_2p/repetition_2
8,736,variable_2_4/repetition_1,bf23b43ba2e94b7d994bbae85dbabef5,variable_2_4,1,0,55,0,win,fixed_2p/repetition_2
8,736,fixed_2p/repetition_2,b0d7518c589645cfbc7e31484f382490,fixed_2p,2,1,51,4,loss,variable_2_4/repetition_1
8,737,fixed_2p/repetition_2,b0d7518c589645cfbc7e31484f382490,fixed_2p,2,0,49,3,win,variable_2_4/repetition_1
8,737,variable_2_4/repetition_1,bf23b43ba2e94b7d994bbae85dbabef5,variable_2_4,1,1,42,4,loss,fixed_2p/repetition_2
8,738,variable_2_4/repetition_1,bf23b43ba2e94b7d994bbae85dbabef5,variable_2_4,1,0,59,4,win,fixed_2p/repetition_2
8,738,fixed_2p/repetition_2,b0d7518c589645cfbc7e31484f382490,fixed_2p,2,1,43,4,loss,variable_2_4/repetition_1
8,739,fixed_2p/repetition_2,b0d7518c589645cfbc7e31484f382490,fixed_2p,2,0,59,2,loss,variable_2_4/repetition_1
8,739,variable_2_4/repetition_1,bf23b43ba2e94b7d994bbae85dbabef5,variable_2_4,1,1,73,5,win,fixed_2p/repetition_2
8,740,variable_2_4/repetition_1,bf23b43ba2e94b7d994bbae85dbabef5,variable_2_4,1,0,53,2,win,fixed_2p/repetition_2
8,740,fixed_2p/repetition_2,b0d7518c589645cfbc7e31484f382490,fixed_2p,2,1,45,6,loss,variable_2_4/repetition_1
8,741,variable_2_4/repetition_1,bf23b43ba2e94b7d994bbae85dbabef5,variable_2_4,1,0,62,2,win,fixed_2p/repetition_2
8,741,fixed_2p/repetition_2,b0d7518c589645cfbc7e31484f382490,fixed_2p,2,1,47,5,loss,variable_2_4/repetition_1
8,742,variable_2_4/repetition_1,bf23b43ba2e94b7d994bbae85dbabef5,variable_2_4,1,0,60,1,win,fixed_2p/repetition_2
8,742,fixed_2p/repetition_2,b0d7518c589645cfbc7e31484f382490,fixed_2p,2,1,47,1,loss,variable_2_4/repetition_1
8,743,fixed_2p/repetition_2,b0d7518c589645cfbc7e31484f382490,fixed_2p,2,0,47,5,loss,variable_2_4/repetition_1
8,743,variable_2_4/repetition_1,bf23b43ba2e94b7d994bbae85dbabef5,variable_2_4,1,1,55,1,win,fixed_2p/repetition_2
8,744,fixed_2p/repetition_2,b0d7518c589645cfbc7e31484f382490,fixed_2p,2,0,55,3,loss,variable_2_4/repetition_1
8,744,variable_2_4/repetition_1,bf23b43ba2e94b7d994bbae85dbabef5,variable_2_4,1,1,61,3,win,fixed_2p/repetition_2
8,745,variable_2_4/repetition_1,bf23b43ba2e94b7d994bbae85dbabef5,variable_2_4,1,0,54,1,loss,fixed_2p/repetition_2
8,745,fixed_2p/repetition_2,b0d7518c589645cfbc7e31484f382490,fixed_2p,2,1,57,5,win,variable_2_4/repetition_1
8,746,variable_2_4/repetition_1,bf23b43ba2e94b7d994bbae85dbabef5,variable_2_4,1,0,52,2,loss,fixed_2p/repetition_2
8,746,fixed_2p/repetition_2,b0d7518c589645cfbc7e31484f382490,fixed_2p,2,1,56,3,win,variable_2_4/repetition_1
8,747,fixed_2p/repetition_2,b0d7518c589645cfbc7e31484f382490,fixed_2p,2,0,62,4,win,variable_2_4/repetition_1
8,747,variable_2_4/repetition_1,bf23b43ba2e94b7d994bbae85dbabef5,variable_2_4,1,1,59,3,loss,fixed_2p/repetition_2
8,748,fixed_2p/repetition_2,b0d7518c589645cfbc7e31484f382490,fixed_2p,2,0,54,1,win,variable_2_4/repetition_1
8,748,variable_2_4/repetition_1,bf23b43ba2e94b7d994bbae85dbabef5,variable_2_4,1,1,47,3,loss,fixed_2p/repetition_2
8,749,variable_2_4/repetition_1,bf23b43ba2e94b7d994bbae85dbabef5,variable_2_4,1,0,57,4,loss,fixed_2p/repetition_2
8,749,fixed_2p/repetition_2,b0d7518c589645cfbc7e31484f382490,fixed_2p,2,1,62,1,win,variable_2_4/repetition_1
8,750,fixed_2p/repetition_2,b0d7518c589645cfbc7e31484f382490,fixed_2p,2,0,53,4,win,variable_2_4/repetition_1
8,750,variable_2_4/repetition_1,bf23b43ba2e94b7d994bbae85dbabef5,variable_2_4,1,1,38,4,loss,fixed_2p/repetition_2
8,751,variable_2_4/repetition_1,bf23b43ba2e94b7d994bbae85dbabef5,variable_2_4,1,0,62,3,win,fixed_2p/repetition_2
8,751,fixed_2p/repetition_2,b0d7518c589645cfbc7e31484f382490,fixed_2p,2,1,57,4,loss,variable_2_4/repetition_1
8,752,variable_2_4/repetition_1,bf23b43ba2e94b7d994bbae85dbabef5,variable_2_4,1,0,61,2,loss,fixed_2p/repetition_2
8,752,fixed_2p/repetition_2,b0d7518c589645cfbc7e31484f382490,fixed_2p,2,1,62,3,win,variable_2_4/repetition_1
8,753,variable_2_4/repetition_1,bf23b43ba2e94b7d994bbae85dbabef5,variable_2_4,1,0,60,2,loss,fixed_2p/repetition_2
8,753,fixed_2p/repetition_2,b0d7518c589645cfbc7e31484f382490,fixed_2p,2,1,60,5,win,variable_2_4/repetition_1
8,754,fixed_2p/repetition_2,b0d7518c589645cfbc7e31484f382490,fixed_2p,2,0,50,6,loss,variable_2_4/repetition_1
8,754,variable_2_4/repetition_1,bf23b43ba2e94b7d994bbae85dbabef5,variable_2_4,1,1,52,1,win,fixed_2p/repetition_2
8,755,variable_2_4/repetition_1,bf23b43ba2e94b7d994bbae85dbabef5,variable_2_4,1,0,70,3,win,fixed_2p/repetition_2
8,755,fixed_2p/repetition_2,b0d7518c589645cfbc7e31484f382490,fixed_2p,2,1,63,4,loss,variable_2_4/repetition_1
8,756,variable_2_4/repetition_1,bf23b43ba2e94b7d994bbae85dbabef5,variable_2_4,1,0,57,3,win,fixed_2p/repetition_2
8,756,fixed_2p/repetition_2,b0d7518c589645cfbc7e31484f382490,fixed_2p,2,1,55,3,loss,variable_2_4/repetition_1
8,757,fixed_2p/repetition_2,b0d7518c589645cfbc7e31484f382490,fixed_2p,2,0,59,3,loss,variable_2_4/repetition_1
8,757,variable_2_4/repetition_1,bf23b43ba2e94b7d994bbae85dbabef5,variable_2_4,1,1,59,6,win,fixed_2p/repetition_2
8,758,fixed_2p/repetition_2,b0d7518c589645cfbc7e31484f382490,fixed_2p,2,0,72,3,win,variable_2_4/repetition_1
8,758,variable_2_4/repetition_1,bf23b43ba2e94b7d994bbae85dbabef5,variable_2_4,1,1,63,1,loss,fixed_2p/repetition_2
8,759,variable_2_4/repetition_1,bf23b43ba2e94b7d994bbae85dbabef5,variable_2_4,1,0,46,2,loss,fixed_2p/repetition_2
8,759,fixed_2p/repetition_2,b0d7518c589645cfbc7e31484f382490,fixed_2p,2,1,49,4,win,variable_2_4/repetition_1
8,760,variable_2_4/repetition_1,bf23b43ba2e94b7d994bbae85dbabef5,variable_2_4,1,0,52,4,loss,fixed_2p/repetition_2
8,760,fixed_2p/repetition_2,b0d7518c589645cfbc7e31484f382490,fixed_2p,2,1,55,2,win,variable_2_4/repetition_1
8,761,variable_2_4/repetition_1,bf23b43ba2e94b7d994bbae85dbabef5,variable_2_4,1,0,57,1,loss,fixed_2p/repetition_2
8,761,fixed_2p/repetition_2,b0d7518c589645cfbc7e31484f382490,fixed_2p,2,1,64,2,win,variable_2_4/repetition_1
8,762,fixed_2p/repetition_2,b0d7518c589645cfbc7e31484f382490,fixed_2p,2,0,50,5,loss,variable_2_4/repetition_1
8,762,variable_2_4/repetition_1,bf23b43ba2e94b7d994bbae85dbabef5,variable_2_4,1,1,58,1,win,fixed_2p/repetition_2
8,763,fixed_2p/repetition_2,b0d7518c589645cfbc7e31484f382490,fixed_2p,2,0,46,0,loss,variable_2_4/repetition_1
8,763,variable_2_4/repetition_1,bf23b43ba2e94b7d994bbae85dbabef5,variable_2_4,1,1,58,3,win,fixed_2p/repetition_2
8,764,fixed_2p/repetition_2,b0d7518c589645cfbc7e31484f382490,fixed_2p,2,0,58,3,loss,variable_2_4/repetition_1
8,764,variable_2_4/repetition_1,bf23b43ba2e94b7d994bbae85dbabef5,variable_2_4,1,1,68,5,win,fixed_2p/repetition_2
8,765,variable_2_4/repetition_1,bf23b43ba2e94b7d994bbae85dbabef5,variable_2_4,1,0,72,1,win,fixed_2p/repetition_2
8,765,fixed_2p/repetition_2,b0d7518c589645cfbc7e31484f382490,fixed_2p,2,1,62,1,loss,variable_2_4/repetition_1
8,766,variable_2_4/repetition_1,bf23b43ba2e94b7d994bbae85dbabef5,variable_2_4,1,0,46,2,loss,fixed_2p/repetition_2
8,766,fixed_2p/repetition_2,b0d7518c589645cfbc7e31484f382490,fixed_2p,2,1,53,3,win,variable_2_4/repetition_1
8,767,variable_2_4/repetition_1,bf23b43ba2e94b7d994bbae85dbabef5,variable_2_4,1,0,60,3,win,fixed_2p/repetition_2
8,767,fixed_2p/repetition_2,b0d7518c589645cfbc7e31484f382490,fixed_2p,2,1,56,3,loss,variable_2_4/repetition_1
8,768,fixed_2p/repetition_2,b0d7518c589645cfbc7e31484f382490,fixed_2p,2,0,57,3,loss,variable_2_4/repetition_1
8,768,variable_2_4/repetition_1,bf23b43ba2e94b7d994bbae85dbabef5,variable_2_4,1,1,60,3,win,fixed_2p/repetition_2
8,769,variable_2_4/repetition_1,bf23b43ba2e94b7d994bbae85dbabef5,variable_2_4,1,0,54,2,win,fixed_2p/repetition_2
8,769,fixed_2p/repetition_2,b0d7518c589645cfbc7e31484f382490,fixed_2p,2,1,53,2,loss,variable_2_4/repetition_1
8,770,variable_2_4/repetition_1,bf23b43ba2e94b7d994bbae85dbabef5,variable_2_4,1,0,53,3,loss,fixed_2p/repetition_2
8,770,fixed_2p/repetition_2,b0d7518c589645cfbc7e31484f382490,fixed_2p,2,1,63,2,win,variable_2_4/repetition_1
8,771,fixed_2p/repetition_2,b0d7518c589645cfbc7e31484f382490,fixed_2p,2,0,37,6,loss,variable_2_4/repetition_1
8,771,variable_2_4/repetition_1,bf23b43ba2e94b7d994bbae85dbabef5,variable_2_4,1,1,69,2,win,fixed_2p/repetition_2
8,772,fixed_2p/repetition_2,b0d7518c589645cfbc7e31484f382490,fixed_2p,2,0,71,4,win,variable_2_4/repetition_1
8,772,variable_2_4/repetition_1,bf23b43ba2e94b7d994bbae85dbabef5,variable_2_4,1,1,61,1,loss,fixed_2p/repetition_2
8,773,fixed_2p/repetition_2,b0d7518c589645cfbc7e31484f382490,fixed_2p,2,0,58,2,win,variable_2_4/repetition_1
8,773,variable_2_4/repetition_1,bf23b43ba2e94b7d994bbae85dbabef5,variable_2_4,1,1,54,3,loss,fixed_2p/repetition_2
8,774,fixed_2p/repetition_2,b0d7518c589645cfbc7e31484f382490,fixed_2p,2,0,50,2,loss,variable_2_4/repetition_1
8,774,variable_2_4/repetition_1,bf23b43ba2e94b7d994bbae85dbabef5,variable_2_4,1,1,55,3,win,fixed_2p/repetition_2
8,775,fixed_2p/repetition_2,b0d7518c589645cfbc7e31484f382490,fixed_2p,2,0,55,4,loss,variable_2_4/repetition_1
8,775,variable_2_4/repetition_1,bf23b43ba2e94b7d994bbae85dbabef5,variable_2_4,1,1,66,2,win,fixed_2p/repetition_2
8,776,variable_2_4/repetition_1,bf23b43ba2e94b7d994bbae85dbabef5,variable_2_4,1,0,61,4,win,fixed_2p/repetition_2
8,776,fixed_2p/repetition_2,b0d7518c589645cfbc7e31484f382490,fixed_2p,2,1,50,2,loss,variable_2_4/repetition_1
8,777,variable_2_4/repetition_1,bf23b43ba2e94b7d994bbae85dbabef5,variable_2_4,1,0,55,1,win,fixed_2p/repetition_2
8,777,fixed_2p/repetition_2,b0d7518c589645cfbc7e31484f382490,fixed_2p,2,1,52,4,loss,variable_2_4/repetition_1
8,778,fixed_2p/repetition_2,b0d7518c589645cfbc7e31484f382490,fixed_2p,2,0,62,4,loss,variable_2_4/repetition_1
8,778,variable_2_4/repetition_1,bf23b43ba2e94b7d994bbae85dbabef5,variable_2_4,1,1,67,3,win,fixed_2p/repetition_2
8,779,fixed_2p/repetition_2,b0d7518c589645cfbc7e31484f382490,fixed_2p,2,0,58,3,win,variable_2_4/repetition_1
8,779,variable_2_4/repetition_1,bf23b43ba2e94b7d994bbae85dbabef5,variable_2_4,1,1,51,2,loss,fixed_2p/repetition_2
8,780,fixed_2p/repetition_2,b0d7518c589645cfbc7e31484f382490,fixed_2p,2,0,53,2,loss,variable_2_4/repetition_1
8,780,variable_2_4/repetition_1,bf23b43ba2e94b7d994bbae85dbabef5,variable_2_4,1,1,61,3,win,fixed_2p/repetition_2
8,781,fixed_2p/repetition_2,b0d7518c589645cfbc7e31484f382490,fixed_2p,2,0,59,4,win,variable_2_4/repetition_1
8,781,variable_2_4/repetition_1,bf23b43ba2e94b7d994bbae85dbabef5,variable_2_4,1,1,54,2,loss,fixed_2p/repetition_2
8,782,variable_2_4/repetition_1,bf23b43ba2e94b7d994bbae85dbabef5,variable_2_4,1,0,56,1,loss,fixed_2p/repetition_2
8,782,fixed_2p/repetition_2,b0d7518c589645cfbc7e31484f382490,fixed_2p,2,1,58,4,win,variable_2_4/repetition_1
8,783,fixed_2p/repetition_2,b0d7518c589645cfbc7e31484f382490,fixed_2p,2,0,58,3,win,variable_2_4/repetition_1
8,783,variable_2_4/repetition_1,bf23b43ba2e94b7d994bbae85dbabef5,variable_2_4,1,1,53,3,loss,fixed_2p/repetition_2
8,784,fixed_2p/repetition_2,b0d7518c589645cfbc7e31484f382490,fixed_2p,2,0,51,5,loss,variable_2_4/repetition_1
8,784,variable_2_4/repetition_1,bf23b43ba2e94b7d994bbae85dbabef5,variable_2_4,1,1,65,1,win,fixed_2p/repetition_2
8,785,fixed_2p/repetition_2,b0d7518c589645cfbc7e31484f382490,fixed_2p,2,0,53,1,loss,variable_2_4/repetition_1
8,785,variable_2_4/repetition_1,bf23b43ba2e94b7d994bbae85dbabef5,variable_2_4,1,1,62,2,win,fixed_2p/repetition_2
8,786,variable_2_4/repetition_1,bf23b43ba2e94b7d994bbae85dbabef5,variable_2_4,1,0,59,1,loss,fixed_2p/repetition_2
8,786,fixed_2p/repetition_2,b0d7518c589645cfbc7e31484f382490,fixed_2p,2,1,63,4,win,variable_2_4/repetition_1
8,787,variable_2_4/repetition_1,bf23b43ba2e94b7d994bbae85dbabef5,variable_2_4,1,0,43,0,win,fixed_2p/repetition_2
8,787,fixed_2p/repetition_2,b0d7518c589645cfbc7e31484f382490,fixed_2p,2,1,42,5,loss,variable_2_4/repetition_1
8,788,fixed_2p/repetition_2,b0d7518c589645cfbc7e31484f382490,fixed_2p,2,0,42,2,loss,variable_2_4/repetition_1
8,788,variable_2_4/repetition_1,bf23b43ba2e94b7d994bbae85dbabef5,variable_2_4,1,1,57,3,win,fixed_2p/repetition_2
8,789,variable_2_4/repetition_1,bf23b43ba2e94b7d994bbae85dbabef5,variable_2_4,1,0,48,4,loss,fixed_2p/repetition_2
8,789,fixed_2p/repetition_2,b0d7518c589645cfbc7e31484f382490,fixed_2p,2,1,54,3,win,variable_2_4/repetition_1
8,790,fixed_2p/repetition_2,b0d7518c589645cfbc7e31484f382490,fixed_2p,2,0,54,2,loss,variable_2_4/repetition_1
8,790,variable_2_4/repetition_1,bf23b43ba2e94b7d994bbae85dbabef5,variable_2_4,1,1,67,3,win,fixed_2p/repetition_2
8,791,fixed_2p/repetition_2,b0d7518c589645cfbc7e31484f382490,fixed_2p,2,0,60,3,loss,variable_2_4/repetition_1
8,791,variable_2_4/repetition_1,bf23b43ba2e94b7d994bbae85dbabef5,variable_2_4,1,1,63,3,win,fixed_2p/repetition_2
8,792,fixed_2p/repetition_2,b0d7518c589645cfbc7e31484f382490,fixed_2p,2,0,46,4,loss,variable_2_4/repetition_1
8,792,variable_2_4/repetition_1,bf23b43ba2e94b7d994bbae85dbabef5,variable_2_4,1,1,49,3,win,fixed_2p/repetition_2
8,793,variable_2_4/repetition_1,bf23b43ba2e94b7d994bbae85dbabef5,variable_2_4,1,0,63,3,win,fixed_2p/repetition_2
8,793,fixed_2p/repetition_2,b0d7518c589645cfbc7e31484f382490,fixed_2p,2,1,42,2,loss,variable_2_4/repetition_1
8,794,fixed_2p/repetition_2,b0d7518c589645cfbc7e31484f382490,fixed_2p,2,0,58,5,loss,variable_2_4/repetition_1
8,794,variable_2_4/repetition_1,bf23b43ba2e94b7d994bbae85dbabef5,variable_2_4,1,1,59,0,win,fixed_2p/repetition_2
8,795,variable_2_4/repetition_1,bf23b43ba2e94b7d994bbae85dbabef5,variable_2_4,1,0,55,2,win,fixed_2p/repetition_2
8,795,fixed_2p/repetition_2,b0d7518c589645cfbc7e31484f382490,fixed_2p,2,1,53,2,loss,variable_2_4/repetition_1
8,796,fixed_2p/repetition_2,b0d7518c589645cfbc7e31484f382490,fixed_2p,2,0,62,5,win,variable_2_4/repetition_1
8,796,variable_2_4/repetition_1,bf23b43ba2e94b7d994bbae85dbabef5,variable_2_4,1,1,56,2,loss,fixed_2p/repetition_2
8,797,variable_2_4/repetition_1,bf23b43ba2e94b7d994bbae85dbabef5,variable_2_4,1,0,62,1,loss,fixed_2p/repetition_2
8,797,fixed_2p/repetition_2,b0d7518c589645cfbc7e31484f382490,fixed_2p,2,1,63,3,win,variable_2_4/repetition_1
8,798,variable_2_4/repetition_1,bf23b43ba2e94b7d994bbae85dbabef5,variable_2_4,1,0,50,1,loss,fixed_2p/repetition_2
8,798,fixed_2p/repetition_2,b0d7518c589645cfbc7e31484f382490,fixed_2p,2,1,51,4,win,variable_2_4/repetition_1
8,799,variable_2_4/repetition_1,bf23b43ba2e94b7d994bbae85dbabef5,variable_2_4,1,0,52,3,loss,fixed_2p/repetition_2
8,799,fixed_2p/repetition_2,b0d7518c589645cfbc7e31484f382490,fixed_2p,2,1,60,2,win,variable_2_4/repetition_1
8,800,fixed_2p/repetition_2,b0d7518c589645cfbc7e31484f382490,fixed_2p,2,0,44,2,loss,variable_2_4/repetition_1
8,800,variable_2_4/repetition_1,bf23b43ba2e94b7d994bbae85dbabef5,variable_2_4,1,1,46,4,win,fixed_2p/repetition_2
9,801,fixed_2p/repetition_2,b0d7518c589645cfbc7e31484f382490,fixed_2p,2,0,51,2,loss,variable_2_4/repetition_2
9,801,variable_2_4/repetition_2,bb09607dedb34a45b4ea410e5fa000d0,variable_2_4,2,1,58,4,win,fixed_2p/repetition_2
9,802,fixed_2p/repetition_2,b0d7518c589645cfbc7e31484f382490,fixed_2p,2,0,32,3,loss,variable_2_4/repetition_2
9,802,variable_2_4/repetition_2,bb09607dedb34a45b4ea410e5fa000d0,variable_2_4,2,1,49,5,win,fixed_2p/repetition_2
9,803,variable_2_4/repetition_2,bb09607dedb34a45b4ea410e5fa000d0,variable_2_4,2,0,67,1,win,fixed_2p/repetition_2
9,803,fixed_2p/repetition_2,b0d7518c589645cfbc7e31484f382490,fixed_2p,2,1,58,4,loss,variable_2_4/repetition_2
9,804,variable_2_4/repetition_2,bb09607dedb34a45b4ea410e5fa000d0,variable_2_4,2,0,46,2,loss,fixed_2p/repetition_2
9,804,fixed_2p/repetition_2,b0d7518c589645cfbc7e31484f382490,fixed_2p,2,1,49,3,win,variable_2_4/repetition_2
9,805,fixed_2p/repetition_2,b0d7518c589645cfbc7e31484f382490,fixed_2p,2,0,39,6,loss,variable_2_4/repetition_2
9,805,variable_2_4/repetition_2,bb09607dedb34a45b4ea410e5fa000d0,variable_2_4,2,1,56,2,win,fixed_2p/repetition_2
9,806,fixed_2p/repetition_2,b0d7518c589645cfbc7e31484f382490,fixed_2p,2,0,67,3,win,variable_2_4/repetition_2
9,806,variable_2_4/repetition_2,bb09607dedb34a45b4ea410e5fa000d0,variable_2_4,2,1,60,2,loss,fixed_2p/repetition_2
9,807,fixed_2p/repetition_2,b0d7518c589645cfbc7e31484f382490,fixed_2p,2,0,58,3,win,variable_2_4/repetition_2
9,807,variable_2_4/repetition_2,bb09607dedb34a45b4ea410e5fa000d0,variable_2_4,2,1,53,1,loss,fixed_2p/repetition_2
9,808,fixed_2p/repetition_2,b0d7518c589645cfbc7e31484f382490,fixed_2p,2,0,60,5,win,variable_2_4/repetition_2
9,808,variable_2_4/repetition_2,bb09607dedb34a45b4ea410e5fa000d0,variable_2_4,2,1,51,1,loss,fixed_2p/repetition_2
9,809,fixed_2p/repetition_2,b0d7518c589645cfbc7e31484f382490,fixed_2p,2,0,59,0,loss,variable_2_4/repetition_2
9,809,variable_2_4/repetition_2,bb09607dedb34a45b4ea410e5fa000d0,variable_2_4,2,1,63,3,win,fixed_2p/repetition_2
9,810,variable_2_4/repetition_2,bb09607dedb34a45b4ea410e5fa000d0,variable_2_4,2,0,44,5,loss,fixed_2p/repetition_2
9,810,fixed_2p/repetition_2,b0d7518c589645cfbc7e31484f382490,fixed_2p,2,1,48,2,win,variable_2_4/repetition_2
9,811,variable_2_4/repetition_2,bb09607dedb34a45b4ea410e5fa000d0,variable_2_4,2,0,62,4,win,fixed_2p/repetition_2
9,811,fixed_2p/repetition_2,b0d7518c589645cfbc7e31484f382490,fixed_2p,2,1,57,2,loss,variable_2_4/repetition_2
9,812,fixed_2p/repetition_2,b0d7518c589645cfbc7e31484f382490,fixed_2p,2,0,56,4,loss,variable_2_4/repetition_2
9,812,variable_2_4/repetition_2,bb09607dedb34a45b4ea410e5fa000d0,variable_2_4,2,1,61,1,win,fixed_2p/repetition_2
9,813,variable_2_4/repetition_2,bb09607dedb34a45b4ea410e5fa000d0,variable_2_4,2,0,62,2,loss,fixed_2p/repetition_2
9,813,fixed_2p/repetition_2,b0d7518c589645cfbc7e31484f382490,fixed_2p,2,1,64,2,win,variable_2_4/repetition_2
9,814,fixed_2p/repetition_2,b0d7518c589645cfbc7e31484f382490,fixed_2p,2,0,52,2,loss,variable_2_4/repetition_2
9,814,variable_2_4/repetition_2,bb09607dedb34a45b4ea410e5fa000d0,variable_2_4,2,1,54,3,win,fixed_2p/repetition_2
9,815,variable_2_4/repetition_2,bb09607dedb34a45b4ea410e5fa000d0,variable_2_4,2,0,51,0,loss,fixed_2p/repetition_2
9,815,fixed_2p/repetition_2,b0d7518c589645cfbc7e31484f382490,fixed_2p,2,1,72,2,win,variable_2_4/repetition_2
9,816,fixed_2p/repetition_2,b0d7518c589645cfbc7e31484f382490,fixed_2p,2,0,47,5,loss,variable_2_4/repetition_2
9,816,variable_2_4/repetition_2,bb09607dedb34a45b4ea410e5fa000d0,variable_2_4,2,1,64,2,win,fixed_2p/repetition_2
9,817,variable_2_4/repetition_2,bb09607dedb34a45b4ea410e5fa000d0,variable_2_4,2,0,60,4,win,fixed_2p/repetition_2
9,817,fixed_2p/repetition_2,b0d7518c589645cfbc7e31484f382490,fixed_2p,2,1,48,1,loss,variable_2_4/repetition_2
9,818,fixed_2p/repetition_2,b0d7518c589645cfbc7e31484f382490,fixed_2p,2,0,52,2,loss,variable_2_4/repetition_2
9,818,variable_2_4/repetition_2,bb09607dedb34a45b4ea410e5fa000d0,variable_2_4,2,1,66,4,win,fixed_2p/repetition_2
9,819,variable_2_4/repetition_2,bb09607dedb34a45b4ea410e5fa000d0,variable_2_4,2,0,62,2,win,fixed_2p/repetition_2
9,819,fixed_2p/repetition_2,b0d7518c589645cfbc7e31484f382490,fixed_2p,2,1,54,5,loss,variable_2_4/repetition_2
9,820,variable_2_4/repetition_2,bb09607dedb34a45b4ea410e5fa000d0,variable_2_4,2,0,49,2,loss,fixed_2p/repetition_2
9,820,fixed_2p/repetition_2,b0d7518c589645cfbc7e31484f382490,fixed_2p,2,1,51,5,win,variable_2_4/repetition_2
9,821,fixed_2p/repetition_2,b0d7518c589645cfbc7e31484f382490,fixed_2p,2,0,54,3,loss,variable_2_4/repetition_2
9,821,variable_2_4/repetition_2,bb09607dedb34a45b4ea410e5fa000d0,variable_2_4,2,1,60,1,win,fixed_2p/repetition_2
9,822,variable_2_4/repetition_2,bb09607dedb34a45b4ea410e5fa000d0,variable_2_4,2,0,47,3,win,fixed_2p/repetition_2
9,822,fixed_2p/repetition_2,b0d7518c589645cfbc7e31484f382490,fixed_2p,2,1,46,2,loss,variable_2_4/repetition_2
9,823,variable_2_4/repetition_2,bb09607dedb34a45b4ea410e5fa000d0,variable_2_4,2,0,52,3,loss,fixed_2p/repetition_2
9,823,fixed_2p/repetition_2,b0d7518c589645cfbc7e31484f382490,fixed_2p,2,1,56,1,win,variable_2_4/repetition_2
9,824,fixed_2p/repetition_2,b0d7518c589645cfbc7e31484f382490,fixed_2p,2,0,38,2,loss,variable_2_4/repetition_2
9,824,variable_2_4/repetition_2,bb09607dedb34a45b4ea410e5fa000d0,variable_2_4,2,1,39,4,win,fixed_2p/repetition_2
9,825,variable_2_4/repetition_2,bb09607dedb34a45b4ea410e5fa000d0,variable_2_4,2,0,51,3,loss,fixed_2p/repetition_2
9,825,fixed_2p/repetition_2,b0d7518c589645cfbc7e31484f382490,fixed_2p,2,1,58,2,win,variable_2_4/repetition_2
9,826,variable_2_4/repetition_2,bb09607dedb34a45b4ea410e5fa000d0,variable_2_4,2,0,54,1,win,fixed_2p/repetition_2
9,826,fixed_2p/repetition_2,b0d7518c589645cfbc7e31484f382490,fixed_2p,2,1,52,5,loss,variable_2_4/repetition_2
9,827,fixed_2p/repetition_2,b0d7518c589645cfbc7e31484f382490,fixed_2p,2,0,47,4,loss,variable_2_4/repetition_2
9,827,variable_2_4/repetition_2,bb09607dedb34a45b4ea410e5fa000d0,variable_2_4,2,1,47,5,win,fixed_2p/repetition_2
9,828,fixed_2p/repetition_2,b0d7518c589645cfbc7e31484f382490,fixed_2p,2,0,61,1,loss,variable_2_4/repetition_2
9,828,variable_2_4/repetition_2,bb09607dedb34a45b4ea410e5fa000d0,variable_2_4,2,1,68,3,win,fixed_2p/repetition_2
9,829,variable_2_4/repetition_2,bb09607dedb34a45b4ea410e5fa000d0,variable_2_4,2,0,69,3,win,fixed_2p/repetition_2
9,829,fixed_2p/repetition_2,b0d7518c589645cfbc7e31484f382490,fixed_2p,2,1,41,2,loss,variable_2_4/repetition_2
9,830,fixed_2p/repetition_2,b0d7518c589645cfbc7e31484f382490,fixed_2p,2,0,57,5,loss,variable_2_4/repetition_2
9,830,variable_2_4/repetition_2,bb09607dedb34a45b4ea410e5fa000d0,variable_2_4,2,1,62,1,win,fixed_2p/repetition_2
9,831,fixed_2p/repetition_2,b0d7518c589645cfbc7e31484f382490,fixed_2p,2,0,48,1,loss,variable_2_4/repetition_2
9,831,variable_2_4/repetition_2,bb09607dedb34a45b4ea410e5fa000d0,variable_2_4,2,1,60,2,win,fixed_2p/repetition_2
9,832,variable_2_4/repetition_2,bb09607dedb34a45b4ea410e5fa000d0,variable_2_4,2,0,47,5,win,fixed_2p/repetition_2
9,832,fixed_2p/repetition_2,b0d7518c589645cfbc7e31484f382490,fixed_2p,2,1,42,2,loss,variable_2_4/repetition_2
9,833,variable_2_4/repetition_2,bb09607dedb34a45b4ea410e5fa000d0,variable_2_4,2,0,58,4,win,fixed_2p/repetition_2
9,833,fixed_2p/repetition_2,b0d7518c589645cfbc7e31484f382490,fixed_2p,2,1,57,3,loss,variable_2_4/repetition_2
9,834,fixed_2p/repetition_2,b0d7518c589645cfbc7e31484f382490,fixed_2p,2,0,52,4,loss,variable_2_4/repetition_2
9,834,variable_2_4/repetition_2,bb09607dedb34a45b4ea410e5fa000d0,variable_2_4,2,1,58,2,win,fixed_2p/repetition_2
9,835,variable_2_4/repetition_2,bb09607dedb34a45b4ea410e5fa000d0,variable_2_4,2,0,56,0,loss,fixed_2p/repetition_2
9,835,fixed_2p/repetition_2,b0d7518c589645cfbc7e31484f382490,fixed_2p,2,1,61,4,win,variable_2_4/repetition_2
9,836,fixed_2p/repetition_2,b0d7518c589645cfbc7e31484f382490,fixed_2p,2,0,57,3,win,variable_2_4/repetition_2
9,836,variable_2_4/repetition_2,bb09607dedb34a45b4ea410e5fa000d0,variable_2_4,2,1,50,2,loss,fixed_2p/repetition_2
9,837,fixed_2p/repetition_2,b0d7518c589645cfbc7e31484f382490,fixed_2p,2,0,44,3,win,variable_2_4/repetition_2
9,837,variable_2_4/repetition_2,bb09607dedb34a45b4ea410e5fa000d0,variable_2_4,2,1,42,0,loss,fixed_2p/repetition_2
9,838,variable_2_4/repetition_2,bb09607dedb34a45b4ea410e5fa000d0,variable_2_4,2,0,59,4,win,fixed_2p/repetition_2
9,838,fixed_2p/repetition_2,b0d7518c589645cfbc7e31484f382490,fixed_2p,2,1,39,0,loss,variable_2_4/repetition_2
9,839,variable_2_4/repetition_2,bb09607dedb34a45b4ea410e5fa000d0,variable_2_4,2,0,58,2,loss,fixed_2p/repetition_2
9,839,fixed_2p/repetition_2,b0d7518c589645cfbc7e31484f382490,fixed_2p,2,1,70,4,win,variable_2_4/repetition_2
9,840,variable_2_4/repetition_2,bb09607dedb34a45b4ea410e5fa000d0,variable_2_4,2,0,51,3,loss,fixed_2p/repetition_2
9,840,fixed_2p/repetition_2,b0d7518c589645cfbc7e31484f382490,fixed_2p,2,1,52,3,win,variable_2_4/repetition_2
9,841,fixed_2p/repetition_2,b0d7518c589645cfbc7e31484f382490,fixed_2p,2,0,55,1,loss,variable_2_4/repetition_2
9,841,variable_2_4/repetition_2,bb09607dedb34a45b4ea410e5fa000d0,variable_2_4,2,1,71,2,win,fixed_2p/repetition_2
9,842,fixed_2p/repetition_2,b0d7518c589645cfbc7e31484f382490,fixed_2p,2,0,65,1,win,variable_2_4/repetition_2
9,842,variable_2_4/repetition_2,bb09607dedb34a45b4ea410e5fa000d0,variable_2_4,2,1,61,5,loss,fixed_2p/repetition_2
9,843,fixed_2p/repetition_2,b0d7518c589645cfbc7e31484f382490,fixed_2p,2,0,51,2,win,variable_2_4/repetition_2
9,843,variable_2_4/repetition_2,bb09607dedb34a45b4ea410e5fa000d0,variable_2_4,2,1,49,3,loss,fixed_2p/repetition_2
9,844,fixed_2p/repetition_2,b0d7518c589645cfbc7e31484f382490,fixed_2p,2,0,60,4,win,variable_2_4/repetition_2
9,844,variable_2_4/repetition_2,bb09607dedb34a45b4ea410e5fa000d0,variable_2_4,2,1,51,2,loss,fixed_2p/repetition_2
9,845,variable_2_4/repetition_2,bb09607dedb34a45b4ea410e5fa000d0,variable_2_4,2,0,60,6,win,fixed_2p/repetition_2
9,845,fixed_2p/repetition_2,b0d7518c589645cfbc7e31484f382490,fixed_2p,2,1,53,2,loss,variable_2_4/repetition_2
9,846,fixed_2p/repetition_2,b0d7518c589645cfbc7e31484f382490,fixed_2p,2,0,54,5,win,variable_2_4/repetition_2
9,846,variable_2_4/repetition_2,bb09607dedb34a45b4ea410e5fa000d0,variable_2_4,2,1,50,1,loss,fixed_2p/repetition_2
9,847,fixed_2p/repetition_2,b0d7518c589645cfbc7e31484f382490,fixed_2p,2,0,57,5,win,variable_2_4/repetition_2
9,847,variable_2_4/repetition_2,bb09607dedb34a45b4ea410e5fa000d0,variable_2_4,2,1,54,1,loss,fixed_2p/repetition_2
9,848,variable_2_4/repetition_2,bb09607dedb34a45b4ea410e5fa000d0,variable_2_4,2,0,46,5,loss,fixed_2p/repetition_2
9,848,fixed_2p/repetition_2,b0d7518c589645cfbc7e31484f382490,fixed_2p,2,1,50,2,win,variable_2_4/repetition_2
9,849,variable_2_4/repetition_2,bb09607dedb34a45b4ea410e5fa000d0,variable_2_4,2,0,58,4,win,fixed_2p/repetition_2
9,849,fixed_2p/repetition_2,b0d7518c589645cfbc7e31484f382490,fixed_2p,2,1,53,2,loss,variable_2_4/repetition_2
9,850,variable_2_4/repetition_2,bb09607dedb34a45b4ea410e5fa000d0,variable_2_4,2,0,42,5,loss,fixed_2p/repetition_2
9,850,fixed_2p/repetition_2,b0d7518c589645cfbc7e31484f382490,fixed_2p,2,1,52,1,win,variable_2_4/repetition_2
9,851,fixed_2p/repetition_2,b0d7518c589645cfbc7e31484f382490,fixed_2p,2,0,70,2,win,variable_2_4/repetition_2
9,851,variable_2_4/repetition_2,bb09607dedb34a45b4ea410e5fa000d0,variable_2_4,2,1,59,2,loss,fixed_2p/repetition_2
9,852,variable_2_4/repetition_2,bb09607dedb34a45b4ea410e5fa000d0,variable_2_4,2,0,55,2,loss,fixed_2p/repetition_2
9,852,fixed_2p/repetition_2,b0d7518c589645cfbc7e31484f382490,fixed_2p,2,1,60,3,win,variable_2_4/repetition_2
9,853,variable_2_4/repetition_2,bb09607dedb34a45b4ea410e5fa000d0,variable_2_4,2,0,61,5,loss,fixed_2p/repetition_2
9,853,fixed_2p/repetition_2,b0d7518c589645cfbc7e31484f382490,fixed_2p,2,1,63,1,win,variable_2_4/repetition_2
9,854,fixed_2p/repetition_2,b0d7518c589645cfbc7e31484f382490,fixed_2p,2,0,56,3,loss,variable_2_4/repetition_2
9,854,variable_2_4/repetition_2,bb09607dedb34a45b4ea410e5fa000d0,variable_2_4,2,1,63,2,win,fixed_2p/repetition_2
9,855,variable_2_4/repetition_2,bb09607dedb34a45b4ea410e5fa000d0,variable_2_4,2,0,58,2,loss,fixed_2p/repetition_2
9,855,fixed_2p/repetition_2,b0d7518c589645cfbc7e31484f382490,fixed_2p,2,1,62,6,win,variable_2_4/repetition_2
9,856,variable_2_4/repetition_2,bb09607dedb34a45b4ea410e5fa000d0,variable_2_4,2,0,48,1,loss,fixed_2p/repetition_2
9,856,fixed_2p/repetition_2,b0d7518c589645cfbc7e31484f382490,fixed_2p,2,1,57,3,win,variable_2_4/repetition_2
9,857,fixed_2p/repetition_2,b0d7518c589645cfbc7e31484f382490,fixed_2p,2,0,45,4,loss,variable_2_4/repetition_2
9,857,variable_2_4/repetition_2,bb09607dedb34a45b4ea410e5fa000d0,variable_2_4,2,1,54,1,win,fixed_2p/repetition_2
9,858,variable_2_4/repetition_2,bb09607dedb34a45b4ea410e5fa000d0,variable_2_4,2,0,48,1,loss,fixed_2p/repetition_2
9,858,fixed_2p/repetition_2,b0d7518c589645cfbc7e31484f382490,fixed_2p,2,1,57,3,win,variable_2_4/repetition_2
9,859,variable_2_4/repetition_2,bb09607dedb34a45b4ea410e5fa000d0,variable_2_4,2,0,62,1,win,fixed_2p/repetition_2
9,859,fixed_2p/repetition_2,b0d7518c589645cfbc7e31484f382490,fixed_2p,2,1,58,3,loss,variable_2_4/repetition_2
9,860,variable_2_4/repetition_2,bb09607dedb34a45b4ea410e5fa000d0,variable_2_4,2,0,58,5,loss,fixed_2p/repetition_2
9,860,fixed_2p/repetition_2,b0d7518c589645cfbc7e31484f382490,fixed_2p,2,1,60,1,win,variable_2_4/repetition_2
9,861,fixed_2p/repetition_2,b0d7518c589645cfbc7e31484f382490,fixed_2p,2,0,48,2,loss,variable_2_4/repetition_2
9,861,variable_2_4/repetition_2,bb09607dedb34a45b4ea410e5fa000d0,variable_2_4,2,1,57,3,win,fixed_2p/repetition_2
9,862,fixed_2p/repetition_2,b0d7518c589645cfbc7e31484f382490,fixed_2p,2,0,64,6,win,variable_2_4/repetition_2
9,862,variable_2_4/repetition_2,bb09607dedb34a45b4ea410e5fa000d0,variable_2_4,2,1,49,2,loss,fixed_2p/repetition_2
9,863,fixed_2p/repetition_2,b0d7518c589645cfbc7e31484f382490,fixed_2p,2,0,45,5,loss,variable_2_4/repetition_2
9,863,variable_2_4/repetition_2,bb09607dedb34a45b4ea410e5fa000d0,variable_2_4,2,1,53,0,win,fixed_2p/repetition_2
9,864,fixed_2p/repetition_2,b0d7518c589645cfbc7e31484f382490,fixed_2p,2,0,47,5,loss,variable_2_4/repetition_2
9,864,variable_2_4/repetition_2,bb09607dedb34a45b4ea410e5fa000d0,variable_2_4,2,1,51,4,win,fixed_2p/repetition_2
9,865,fixed_2p/repetition_2,b0d7518c589645cfbc7e31484f382490,fixed_2p,2,0,58,3,loss,variable_2_4/repetition_2
9,865,variable_2_4/repetition_2,bb09607dedb34a45b4ea410e5fa000d0,variable_2_4,2,1,59,3,win,fixed_2p/repetition_2
9,866,variable_2_4/repetition_2,bb09607dedb34a45b4ea410e5fa000d0,variable_2_4,2,0,41,4,loss,fixed_2p/repetition_2
9,866,fixed_2p/repetition_2,b0d7518c589645cfbc7e31484f382490,fixed_2p,2,1,53,3,win,variable_2_4/repetition_2
9,867,variable_2_4/repetition_2,bb09607dedb34a45b4ea410e5fa000d0,variable_2_4,2,0,60,1,loss,fixed_2p/repetition_2
9,867,fixed_2p/repetition_2,b0d7518c589645cfbc7e31484f382490,fixed_2p,2,1,66,3,win,variable_2_4/repetition_2
9,868,fixed_2p/repetition_2,b0d7518c589645cfbc7e31484f382490,fixed_2p,2,0,62,2,loss,variable_2_4/repetition_2
9,868,variable_2_4/repetition_2,bb09607dedb34a45b4ea410e5fa000d0,variable_2_4,2,1,65,4,win,fixed_2p/repetition_2
9,869,fixed_2p/repetition_2,b0d7518c589645cfbc7e31484f382490,fixed_2p,2,0,59,2,loss,variable_2_4/repetition_2
9,869,variable_2_4/repetition_2,bb09607dedb34a45b4ea410e5fa000d0,variable_2_4,2,1,67,4,win,fixed_2p/repetition_2
9,870,fixed_2p/repetition_2,b0d7518c589645cfbc7e31484f382490,fixed_2p,2,0,61,5,win,variable_2_4/repetition_2
9,870,variable_2_4/repetition_2,bb09607dedb34a45b4ea410e5fa000d0,variable_2_4,2,1,61,2,loss,fixed_2p/repetition_2
9,871,fixed_2p/repetition_2,b0d7518c589645cfbc7e31484f382490,fixed_2p,2,0,46,4,loss,variable_2_4/repetition_2
9,871,variable_2_4/repetition_2,bb09607dedb34a45b4ea410e5fa000d0,variable_2_4,2,1,55,3,win,fixed_2p/repetition_2
9,872,variable_2_4/repetition_2,bb09607dedb34a45b4ea410e5fa000d0,variable_2_4,2,0,63,3,win,fixed_2p/repetition_2
9,872,fixed_2p/repetition_2,b0d7518c589645cfbc7e31484f382490,fixed_2p,2,1,53,3,loss,variable_2_4/repetition_2
9,873,variable_2_4/repetition_2,bb09607dedb34a45b4ea410e5fa000d0,variable_2_4,2,0,62,4,win,fixed_2p/repetition_2
9,873,fixed_2p/repetition_2,b0d7518c589645cfbc7e31484f382490,fixed_2p,2,1,53,2,loss,variable_2_4/repetition_2
9,874,variable_2_4/repetition_2,bb09607dedb34a45b4ea410e5fa000d0,variable_2_4,2,0,57,2,win,fixed_2p/repetition_2
9,874,fixed_2p/repetition_2,b0d7518c589645cfbc7e31484f382490,fixed_2p,2,1,46,3,loss,variable_2_4/repetition_2
9,875,variable_2_4/repetition_2,bb09607dedb34a45b4ea410e5fa000d0,variable_2_4,2,0,54,3,win,fixed_2p/repetition_2
9,875,fixed_2p/repetition_2,b0d7518c589645cfbc7e31484f382490,fixed_2p,2,1,54,0,loss,variable_2_4/repetition_2
9,876,variable_2_4/repetition_2,bb09607dedb34a45b4ea410e5fa000d0,variable_2_4,2,0,58,4,win,fixed_2p/repetition_2
9,876,fixed_2p/repetition_2,b0d7518c589645cfbc7e31484f382490,fixed_2p,2,1,53,1,loss,variable_2_4/repetition_2
9,877,variable_2_4/repetition_2,bb09607dedb34a45b4ea410e5fa000d0,variable_2_4,2,0,57,2,win,fixed_2p/repetition_2
9,877,fixed_2p/repetition_2,b0d7518c589645cfbc7e31484f382490,fixed_2p,2,1,50,4,loss,variable_2_4/repetition_2
9,878,variable_2_4/repetition_2,bb09607dedb34a45b4ea410e5fa000d0,variable_2_4,2,0,56,3,loss,fixed_2p/repetition_2
9,878,fixed_2p/repetition_2,b0d7518c589645cfbc7e31484f382490,fixed_2p,2,1,56,4,win,variable_2_4/repetition_2
9,879,fixed_2p/repetition_2,b0d7518c589645cfbc7e31484f382490,fixed_2p,2,0,34,2,loss,variable_2_4/repetition_2
9,879,variable_2_4/repetition_2,bb09607dedb34a45b4ea410e5fa000d0,variable_2_4,2,1,65,3,win,fixed_2p/repetition_2
9,880,variable_2_4/repetition_2,bb09607dedb34a45b4ea410e5fa000d0,variable_2_4,2,0,40,2,loss,fixed_2p/repetition_2
9,880,fixed_2p/repetition_2,b0d7518c589645cfbc7e31484f382490,fixed_2p,2,1,49,3,win,variable_2_4/repetition_2
9,881,variable_2_4/repetition_2,bb09607dedb34a45b4ea410e5fa000d0,variable_2_4,2,0,54,3,win,fixed_2p/repetition_2
9,881,fixed_2p/repetition_2,b0d7518c589645cfbc7e31484f382490,fixed_2p,2,1,54,2,loss,variable_2_4/repetition_2
9,882,fixed_2p/repetition_2,b0d7518c589645cfbc7e31484f382490,fixed_2p,2,0,55,6,loss,variable_2_4/repetition_2
9,882,variable_2_4/repetition_2,bb09607dedb34a45b4ea410e5fa000d0,variable_2_4,2,1,58,1,win,fixed_2p/repetition_2
9,883,variable_2_4/repetition_2,bb09607dedb34a45b4ea410e5fa000d0,variable_2_4,2,0,66,0,win,fixed_2p/repetition_2
9,883,fixed_2p/repetition_2,b0d7518c589645cfbc7e31484f382490,fixed_2p,2,1,54,4,loss,variable_2_4/repetition_2
9,884,variable_2_4/repetition_2,bb09607dedb34a45b4ea410e5fa000d0,variable_2_4,2,0,59,3,loss,fixed_2p/repetition_2
9,884,fixed_2p/repetition_2,b0d7518c589645cfbc7e31484f382490,fixed_2p,2,1,61,2,win,variable_2_4/repetition_2
9,885,fixed_2p/repetition_2,b0d7518c589645cfbc7e31484f382490,fixed_2p,2,0,58,2,loss,variable_2_4/repetition_2
9,885,variable_2_4/repetition_2,bb09607dedb34a45b4ea410e5fa000d0,variable_2_4,2,1,62,2,win,fixed_2p/repetition_2
9,886,fixed_2p/repetition_2,b0d7518c589645cfbc7e31484f382490,fixed_2p,2,0,54,0,loss,variable_2_4/repetition_2
9,886,variable_2_4/repetition_2,bb09607dedb34a45b4ea410e5fa000d0,variable_2_4,2,1,56,3,win,fixed_2p/repetition_2
9,887,fixed_2p/repetition_2,b0d7518c589645cfbc7e31484f382490,fixed_2p,2,0,57,2,loss,variable_2_4/repetition_2
9,887,variable_2_4/repetition_2,bb09607dedb34a45b4ea410e5fa000d0,variable_2_4,2,1,63,3,win,fixed_2p/repetition_2
9,888,variable_2_4/repetition_2,bb09607dedb34a45b4ea410e5fa000d0,variable_2_4,2,0,48,2,win,fixed_2p/repetition_2
9,888,fixed_2p/repetition_2,b0d7518c589645cfbc7e31484f382490,fixed_2p,2,1,46,5,loss,variable_2_4/repetition_2
9,889,fixed_2p/repetition_2,b0d7518c589645cfbc7e31484f382490,fixed_2p,2,0,49,3,loss,variable_2_4/repetition_2
9,889,variable_2_4/repetition_2,bb09607dedb34a45b4ea410e5fa000d0,variable_2_4,2,1,59,2,win,fixed_2p/repetition_2
9,890,variable_2_4/repetition_2,bb09607dedb34a45b4ea410e5fa000d0,variable_2_4,2,0,56,1,loss,fixed_2p/repetition_2
9,890,fixed_2p/repetition_2,b0d7518c589645cfbc7e31484f382490,fixed_2p,2,1,64,3,win,variable_2_4/repetition_2
9,891,variable_2_4/repetition_2,bb09607dedb34a45b4ea410e5fa000d0,variable_2_4,2,0,55,2,loss,fixed_2p/repetition_2
9,891,fixed_2p/repetition_2,b0d7518c589645cfbc7e31484f382490,fixed_2p,2,1,65,3,win,variable_2_4/repetition_2
9,892,fixed_2p/repetition_2,b0d7518c589645cfbc7e31484f382490,fixed_2p,2,0,52,1,loss,variable_2_4/repetition_2
9,892,variable_2_4/repetition_2,bb09607dedb34a45b4ea410e5fa000d0,variable_2_4,2,1,56,5,win,fixed_2p/repetition_2
9,893,fixed_2p/repetition_2,b0d7518c589645cfbc7e31484f382490,fixed_2p,2,0,57,1,loss,variable_2_4/repetition_2
9,893,variable_2_4/repetition_2,bb09607dedb34a45b4ea410e5fa000d0,variable_2_4,2,1,69,2,win,fixed_2p/repetition_2
9,894,fixed_2p/repetition_2,b0d7518c589645cfbc7e31484f382490,fixed_2p,2,0,62,2,win,variable_2_4/repetition_2
9,894,variable_2_4/repetition_2,bb09607dedb34a45b4ea410e5fa000d0,variable_2_4,2,1,60,2,loss,fixed_2p/repetition_2
9,895,fixed_2p/repetition_2,b0d7518c589645cfbc7e31484f382490,fixed_2p,2,0,55,3,win,variable_2_4/repetition_2
9,895,variable_2_4/repetition_2,bb09607dedb34a45b4ea410e5fa000d0,variable_2_4,2,1,49,1,loss,fixed_2p/repetition_2
9,896,fixed_2p/repetition_2,b0d7518c589645cfbc7e31484f382490,fixed_2p,2,0,54,3,win,variable_2_4/repetition_2
9,896,variable_2_4/repetition_2,bb09607dedb34a45b4ea410e5fa000d0,variable_2_4,2,1,49,2,loss,fixed_2p/repetition_2
9,897,fixed_2p/repetition_2,b0d7518c589645cfbc7e31484f382490,fixed_2p,2,0,37,7,loss,variable_2_4/repetition_2
9,897,variable_2_4/repetition_2,bb09607dedb34a45b4ea410e5fa000d0,variable_2_4,2,1,51,0,win,fixed_2p/repetition_2
9,898,fixed_2p/repetition_2,b0d7518c589645cfbc7e31484f382490,fixed_2p,2,0,52,3,win,variable_2_4/repetition_2
9,898,variable_2_4/repetition_2,bb09607dedb34a45b4ea410e5fa000d0,variable_2_4,2,1,43,2,loss,fixed_2p/repetition_2
9,899,fixed_2p/repetition_2,b0d7518c589645cfbc7e31484f382490,fixed_2p,2,0,54,3,loss,variable_2_4/repetition_2
9,899,variable_2_4/repetition_2,bb09607dedb34a45b4ea410e5fa000d0,variable_2_4,2,1,58,4,win,fixed_2p/repetition_2
9,900,variable_2_4/repetition_2,bb09607dedb34a45b4ea410e5fa000d0,variable_2_4,2,0,49,1,loss,fixed_2p/repetition_2
9,900,fixed_2p/repetition_2,b0d7518c589645cfbc7e31484f382490,fixed_2p,2,1,55,5,win,variable_2_4/repetition_2
10,901,variable_2_4/repetition_3,982b1b91707d4b87abdfcc7aecfa5350,variable_2_4,3,0,51,6,loss,fixed_2p/repetition_2
10,901,fixed_2p/repetition_2,b0d7518c589645cfbc7e31484f382490,fixed_2p,2,1,59,3,win,variable_2_4/repetition_3
10,902,fixed_2p/repetition_2,b0d7518c589645cfbc7e31484f382490,fixed_2p,2,0,61,2,loss,variable_2_4/repetition_3
10,902,variable_2_4/repetition_3,982b1b91707d4b87abdfcc7aecfa5350,variable_2_4,3,1,61,3,win,fixed_2p/repetition_2
10,903,fixed_2p/repetition_2,b0d7518c589645cfbc7e31484f382490,fixed_2p,2,0,50,3,loss,variable_2_4/repetition_3
10,903,variable_2_4/repetition_3,982b1b91707d4b87abdfcc7aecfa5350,variable_2_4,3,1,55,3,win,fixed_2p/repetition_2
10,904,variable_2_4/repetition_3,982b1b91707d4b87abdfcc7aecfa5350,variable_2_4,3,0,54,3,win,fixed_2p/repetition_2
10,904,fixed_2p/repetition_2,b0d7518c589645cfbc7e31484f382490,fixed_2p,2,1,50,4,loss,variable_2_4/repetition_3
10,905,variable_2_4/repetition_3,982b1b91707d4b87abdfcc7aecfa5350,variable_2_4,3,0,64,4,loss,fixed_2p/repetition_2
10,905,fixed_2p/repetition_2,b0d7518c589645cfbc7e31484f382490,fixed_2p,2,1,68,1,win,variable_2_4/repetition_3
10,906,fixed_2p/repetition_2,b0d7518c589645cfbc7e31484f382490,fixed_2p,2,0,51,0,loss,variable_2_4/repetition_3
10,906,variable_2_4/repetition_3,982b1b91707d4b87abdfcc7aecfa5350,variable_2_4,3,1,62,7,win,fixed_2p/repetition_2
10,907,variable_2_4/repetition_3,982b1b91707d4b87abdfcc7aecfa5350,variable_2_4,3,0,52,8,loss,fixed_2p/repetition_2
10,907,fixed_2p/repetition_2,b0d7518c589645cfbc7e31484f382490,fixed_2p,2,1,56,2,win,variable_2_4/repetition_3
10,908,variable_2_4/repetition_3,982b1b91707d4b87abdfcc7aecfa5350,variable_2_4,3,0,52,3,loss,fixed_2p/repetition_2
10,908,fixed_2p/repetition_2,b0d7518c589645cfbc7e31484f382490,fixed_2p,2,1,71,1,win,variable_2_4/repetition_3
10,909,fixed_2p/repetition_2,b0d7518c589645cfbc7e31484f382490,fixed_2p,2,0,41,4,loss,variable_2_4/repetition_3
10,909,variable_2_4/repetition_3,982b1b91707d4b87abdfcc7aecfa5350,variable_2_4,3,1,42,3,win,fixed_2p/repetition_2
10,910,fixed_2p/repetition_2,b0d7518c589645cfbc7e31484f382490,fixed_2p,2,0,66,2,win,variable_2_4/repetition_3
10,910,variable_2_4/repetition_3,982b1b91707d4b87abdfcc7aecfa5350,variable_2_4,3,1,51,1,loss,fixed_2p/repetition_2
10,911,variable_2_4/repetition_3,982b1b91707d4b87abdfcc7aecfa5350,variable_2_4,3,0,56,5,win,fixed_2p/repetition_2
10,911,fixed_2p/repetition_2,b0d7518c589645cfbc7e31484f382490,fixed_2p,2,1,54,2,loss,variable_2_4/repetition_3
10,912,variable_2_4/repetition_3,982b1b91707d4b87abdfcc7aecfa5350,variable_2_4,3,0,63,2,win,fixed_2p/repetition_2
10,912,fixed_2p/repetition_2,b0d7518c589645cfbc7e31484f382490,fixed_2p,2,1,47,5,loss,variable_2_4/repetition_3
10,913,variable_2_4/repetition_3,982b1b91707d4b87abdfcc7aecfa5350,variable_2_4,3,0,58,5,win,fixed_2p/repetition_2
10,913,fixed_2p/repetition_2,b0d7518c589645cfbc7e31484f382490,fixed_2p,2,1,47,1,loss,variable_2_4/repetition_3
10,914,fixed_2p/repetition_2,b0d7518c589645cfbc7e31484f382490,fixed_2p,2,0,59,2,win,variable_2_4/repetition_3
10,914,variable_2_4/repetition_3,982b1b91707d4b87abdfcc7aecfa5350,variable_2_4,3,1,51,1,loss,fixed_2p/repetition_2
10,915,variable_2_4/repetition_3,982b1b91707d4b87abdfcc7aecfa5350,variable_2_4,3,0,68,3,win,fixed_2p/repetition_2
10,915,fixed_2p/repetition_2,b0d7518c589645cfbc7e31484f382490,fixed_2p,2,1,56,0,loss,variable_2_4/repetition_3
10,916,fixed_2p/repetition_2,b0d7518c589645cfbc7e31484f382490,fixed_2p,2,0,52,4,win,variable_2_4/repetition_3
10,916,variable_2_4/repetition_3,982b1b91707d4b87abdfcc7aecfa5350,variable_2_4,3,1,49,2,loss,fixed_2p/repetition_2
10,917,fixed_2p/repetition_2,b0d7518c589645cfbc7e31484f382490,fixed_2p,2,0,55,2,loss,variable_2_4/repetition_3
10,917,variable_2_4/repetition_3,982b1b91707d4b87abdfcc7aecfa5350,variable_2_4,3,1,62,5,win,fixed_2p/repetition_2
10,918,fixed_2p/repetition_2,b0d7518c589645cfbc7e31484f382490,fixed_2p,2,0,62,1,loss,variable_2_4/repetition_3
10,918,variable_2_4/repetition_3,982b1b91707d4b87abdfcc7aecfa5350,variable_2_4,3,1,67,1,win,fixed_2p/repetition_2
10,919,fixed_2p/repetition_2,b0d7518c589645cfbc7e31484f382490,fixed_2p,2,0,66,2,win,variable_2_4/repetition_3
10,919,variable_2_4/repetition_3,982b1b91707d4b87abdfcc7aecfa5350,variable_2_4,3,1,63,1,loss,fixed_2p/repetition_2
10,920,fixed_2p/repetition_2,b0d7518c589645cfbc7e31484f382490,fixed_2p,2,0,60,2,win,variable_2_4/repetition_3
10,920,variable_2_4/repetition_3,982b1b91707d4b87abdfcc7aecfa5350,variable_2_4,3,1,60,0,loss,fixed_2p/repetition_2
10,921,fixed_2p/repetition_2,b0d7518c589645cfbc7e31484f382490,fixed_2p,2,0,55,1,win,variable_2_4/repetition_3
10,921,variable_2_4/repetition_3,982b1b91707d4b87abdfcc7aecfa5350,variable_2_4,3,1,51,4,loss,fixed_2p/repetition_2
10,922,variable_2_4/repetition_3,982b1b91707d4b87abdfcc7aecfa5350,variable_2_4,3,0,50,3,win,fixed_2p/repetition_2
10,922,fixed_2p/repetition_2,b0d7518c589645cfbc7e31484f382490,fixed_2p,2,1,49,3,loss,variable_2_4/repetition_3
10,923,fixed_2p/repetition_2,b0d7518c589645cfbc7e31484f382490,fixed_2p,2,0,65,3,loss,variable_2_4/repetition_3
10,923,variable_2_4/repetition_3,982b1b91707d4b87abdfcc7aecfa5350,variable_2_4,3,1,69,3,win,fixed_2p/repetition_2
10,924,variable_2_4/repetition_3,982b1b91707d4b87abdfcc7aecfa5350,variable_2_4,3,0,46,2,loss,fixed_2p/repetition_2
10,924,fixed_2p/repetition_2,b0d7518c589645cfbc7e31484f382490,fixed_2p,2,1,75,3,win,variable_2_4/repetition_3
10,925,variable_2_4/repetition_3,982b1b91707d4b87abdfcc7aecfa5350,variable_2_4,3,0,44,1,win,fixed_2p/repetition_2
10,925,fixed_2p/repetition_2,b0d7518c589645cfbc7e31484f382490,fixed_2p,2,1,43,3,loss,variable_2_4/repetition_3
10,926,fixed_2p/repetition_2,b0d7518c589645cfbc7e31484f382490,fixed_2p,2,0,47,2,loss,variable_2_4/repetition_3
10,926,variable_2_4/repetition_3,982b1b91707d4b87abdfcc7aecfa5350,variable_2_4,3,1,50,4,win,fixed_2p/repetition_2
10,927,variable_2_4/repetition_3,982b1b91707d4b87abdfcc7aecfa5350,variable_2_4,3,0,60,1,win,fixed_2p/repetition_2
10,927,fixed_2p/repetition_2,b0d7518c589645cfbc7e31484f382490,fixed_2p,2,1,53,1,loss,variable_2_4/repetition_3
10,928,fixed_2p/repetition_2,b0d7518c589645cfbc7e31484f382490,fixed_2p,2,0,53,1,win,variable_2_4/repetition_3
10,928,variable_2_4/repetition_3,982b1b91707d4b87abdfcc7aecfa5350,variable_2_4,3,1,51,1,loss,fixed_2p/repetition_2
10,929,variable_2_4/repetition_3,982b1b91707d4b87abdfcc7aecfa5350,variable_2_4,3,0,55,6,win,fixed_2p/repetition_2
10,929,fixed_2p/repetition_2,b0d7518c589645cfbc7e31484f382490,fixed_2p,2,1,54,1,loss,variable_2_4/repetition_3
10,930,fixed_2p/repetition_2,b0d7518c589645cfbc7e31484f382490,fixed_2p,2,0,66,1,win,variable_2_4/repetition_3
10,930,variable_2_4/repetition_3,982b1b91707d4b87abdfcc7aecfa5350,variable_2_4,3,1,54,3,loss,fixed_2p/repetition_2
10,931,variable_2_4/repetition_3,982b1b91707d4b87abdfcc7aecfa5350,variable_2_4,3,0,58,5,win,fixed_2p/repetition_2
10,931,fixed_2p/repetition_2,b0d7518c589645cfbc7e31484f382490,fixed_2p,2,1,53,0,loss,variable_2_4/repetition_3
10,932,fixed_2p/repetition_2,b0d7518c589645cfbc7e31484f382490,fixed_2p,2,0,69,2,win,variable_2_4/repetition_3
10,932,variable_2_4/repetition_3,982b1b91707d4b87abdfcc7aecfa5350,variable_2_4,3,1,61,3,loss,fixed_2p/repetition_2
10,933,variable_2_4/repetition_3,982b1b91707d4b87abdfcc7aecfa5350,variable_2_4,3,0,55,4,win,fixed_2p/repetition_2
10,933,fixed_2p/repetition_2,b0d7518c589645cfbc7e31484f382490,fixed_2p,2,1,55,2,loss,variable_2_4/repetition_3
10,934,fixed_2p/repetition_2,b0d7518c589645cfbc7e31484f382490,fixed_2p,2,0,62,1,win,variable_2_4/repetition_3
10,934,variable_2_4/repetition_3,982b1b91707d4b87abdfcc7aecfa5350,variable_2_4,3,1,50,5,loss,fixed_2p/repetition_2
10,935,fixed_2p/repetition_2,b0d7518c589645cfbc7e31484f382490,fixed_2p,2,0,49,5,loss,variable_2_4/repetition_3
10,935,variable_2_4/repetition_3,982b1b91707d4b87abdfcc7aecfa5350,variable_2_4,3,1,52,2,win,fixed_2p/repetition_2
10,936,variable_2_4/repetition_3,982b1b91707d4b87abdfcc7aecfa5350,variable_2_4,3,0,45,2,loss,fixed_2p/repetition_2
10,936,fixed_2p/repetition_2,b0d7518c589645cfbc7e31484f382490,fixed_2p,2,1,56,4,win,variable_2_4/repetition_3
10,937,fixed_2p/repetition_2,b0d7518c589645cfbc7e31484f382490,fixed_2p,2,0,55,2,loss,variable_2_4/repetition_3
10,937,variable_2_4/repetition_3,982b1b91707d4b87abdfcc7aecfa5350,variable_2_4,3,1,56,3,win,fixed_2p/repetition_2
10,938,fixed_2p/repetition_2,b0d7518c589645cfbc7e31484f382490,fixed_2p,2,0,46,3,loss,variable_2_4/repetition_3
10,938,variable_2_4/repetition_3,982b1b91707d4b87abdfcc7aecfa5350,variable_2_4,3,1,48,5,win,fixed_2p/repetition_2
10,939,fixed_2p/repetition_2,b0d7518c589645cfbc7e31484f382490,fixed_2p,2,0,48,1,loss,variable_2_4/repetition_3
10,939,variable_2_4/repetition_3,982b1b91707d4b87abdfcc7aecfa5350,variable_2_4,3,1,54,5,win,fixed_2p/repetition_2
10,940,variable_2_4/repetition_3,982b1b91707d4b87abdfcc7aecfa5350,variable_2_4,3,0,45,2,loss,fixed_2p/repetition_2
10,940,fixed_2p/repetition_2,b0d7518c589645cfbc7e31484f382490,fixed_2p,2,1,56,4,win,variable_2_4/repetition_3
10,941,variable_2_4/repetition_3,982b1b91707d4b87abdfcc7aecfa5350,variable_2_4,3,0,55,2,loss,fixed_2p/repetition_2
10,941,fixed_2p/repetition_2,b0d7518c589645cfbc7e31484f382490,fixed_2p,2,1,61,5,win,variable_2_4/repetition_3
10,942,fixed_2p/repetition_2,b0d7518c589645cfbc7e31484f382490,fixed_2p,2,0,63,0,loss,variable_2_4/repetition_3
10,942,variable_2_4/repetition_3,982b1b91707d4b87abdfcc7aecfa5350,variable_2_4,3,1,66,2,win,fixed_2p/repetition_2
10,943,variable_2_4/repetition_3,982b1b91707d4b87abdfcc7aecfa5350,variable_2_4,3,0,53,5,win,fixed_2p/repetition_2
10,943,fixed_2p/repetition_2,b0d7518c589645cfbc7e31484f382490,fixed_2p,2,1,53,2,loss,variable_2_4/repetition_3
10,944,fixed_2p/repetition_2,b0d7518c589645cfbc7e31484f382490,fixed_2p,2,0,63,3,loss,variable_2_4/repetition_3
10,944,variable_2_4/repetition_3,982b1b91707d4b87abdfcc7aecfa5350,variable_2_4,3,1,64,4,win,fixed_2p/repetition_2
10,945,variable_2_4/repetition_3,982b1b91707d4b87abdfcc7aecfa5350,variable_2_4,3,0,60,1,loss,fixed_2p/repetition_2
10,945,fixed_2p/repetition_2,b0d7518c589645cfbc7e31484f382490,fixed_2p,2,1,62,4,win,variable_2_4/repetition_3
10,946,fixed_2p/repetition_2,b0d7518c589645cfbc7e31484f382490,fixed_2p,2,0,50,1,loss,variable_2_4/repetition_3
10,946,variable_2_4/repetition_3,982b1b91707d4b87abdfcc7aecfa5350,variable_2_4,3,1,62,4,win,fixed_2p/repetition_2
10,947,variable_2_4/repetition_3,982b1b91707d4b87abdfcc7aecfa5350,variable_2_4,3,0,47,2,loss,fixed_2p/repetition_2
10,947,fixed_2p/repetition_2,b0d7518c589645cfbc7e31484f382490,fixed_2p,2,1,49,2,win,variable_2_4/repetition_3
10,948,variable_2_4/repetition_3,982b1b91707d4b87abdfcc7aecfa5350,variable_2_4,3,0,37,4,loss,fixed_2p/repetition_2
10,948,fixed_2p/repetition_2,b0d7518c589645cfbc7e31484f382490,fixed_2p,2,1,52,5,win,variable_2_4/repetition_3
10,949,fixed_2p/repetition_2,b0d7518c589645cfbc7e31484f382490,fixed_2p,2,0,40,5,loss,variable_2_4/repetition_3
10,949,variable_2_4/repetition_3,982b1b91707d4b87abdfcc7aecfa5350,variable_2_4,3,1,65,2,win,fixed_2p/repetition_2
10,950,variable_2_4/repetition_3,982b1b91707d4b87abdfcc7aecfa5350,variable_2_4,3,0,50,3,loss,fixed_2p/repetition_2
10,950,fixed_2p/repetition_2,b0d7518c589645cfbc7e31484f382490,fixed_2p,2,1,51,4,win,variable_2_4/repetition_3
10,951,fixed_2p/repetition_2,b0d7518c589645cfbc7e31484f382490,fixed_2p,2,0,49,2,win,variable_2_4/repetition_3
10,951,variable_2_4/repetition_3,982b1b91707d4b87abdfcc7aecfa5350,variable_2_4,3,1,48,3,loss,fixed_2p/repetition_2
10,952,fixed_2p/repetition_2,b0d7518c589645cfbc7e31484f382490,fixed_2p,2,0,56,4,win,variable_2_4/repetition_3
10,952,variable_2_4/repetition_3,982b1b91707d4b87abdfcc7aecfa5350,variable_2_4,3,1,50,3,loss,fixed_2p/repetition_2
10,953,fixed_2p/repetition_2,b0d7518c589645cfbc7e31484f382490,fixed_2p,2,0,48,4,loss,variable_2_4/repetition_3
10,953,variable_2_4/repetition_3,982b1b91707d4b87abdfcc7aecfa5350,variable_2_4,3,1,55,2,win,fixed_2p/repetition_2
10,954,fixed_2p/repetition_2,b0d7518c589645cfbc7e31484f382490,fixed_2p,2,0,52,5,win,variable_2_4/repetition_3
10,954,variable_2_4/repetition_3,982b1b91707d4b87abdfcc7aecfa5350,variable_2_4,3,1,39,3,loss,fixed_2p/repetition_2
10,955,fixed_2p/repetition_2,b0d7518c589645cfbc7e31484f382490,fixed_2p,2,0,55,2,win,variable_2_4/repetition_3
10,955,variable_2_4/repetition_3,982b1b91707d4b87abdfcc7aecfa5350,variable_2_4,3,1,46,2,loss,fixed_2p/repetition_2
10,956,variable_2_4/repetition_3,982b1b91707d4b87abdfcc7aecfa5350,variable_2_4,3,0,56,4,win,fixed_2p/repetition_2
10,956,fixed_2p/repetition_2,b0d7518c589645cfbc7e31484f382490,fixed_2p,2,1,51,1,loss,variable_2_4/repetition_3
10,957,variable_2_4/repetition_3,982b1b91707d4b87abdfcc7aecfa5350,variable_2_4,3,0,50,2,win,fixed_2p/repetition_2
10,957,fixed_2p/repetition_2,b0d7518c589645cfbc7e31484f382490,fixed_2p,2,1,45,2,loss,variable_2_4/repetition_3
10,958,fixed_2p/repetition_2,b0d7518c589645cfbc7e31484f382490,fixed_2p,2,0,57,4,loss,variable_2_4/repetition_3
10,958,variable_2_4/repetition_3,982b1b91707d4b87abdfcc7aecfa5350,variable_2_4,3,1,64,0,win,fixed_2p/repetition_2
10,959,variable_2_4/repetition_3,982b1b91707d4b87abdfcc7aecfa5350,variable_2_4,3,0,52,3,win,fixed_2p/repetition_2
10,959,fixed_2p/repetition_2,b0d7518c589645cfbc7e31484f382490,fixed_2p,2,1,40,3,loss,variable_2_4/repetition_3
10,960,fixed_2p/repetition_2,b0d7518c589645cfbc7e31484f382490,fixed_2p,2,0,68,0,win,variable_2_4/repetition_3
10,960,variable_2_4/repetition_3,982b1b91707d4b87abdfcc7aecfa5350,variable_2_4,3,1,43,5,loss,fixed_2p/repetition_2
10,961,variable_2_4/repetition_3,982b1b91707d4b87abdfcc7aecfa5350,variable_2_4,3,0,47,4,win,fixed_2p/repetition_2
10,961,fixed_2p/repetition_2,b0d7518c589645cfbc7e31484f382490,fixed_2p,2,1,37,3,loss,variable_2_4/repetition_3
10,962,variable_2_4/repetition_3,982b1b91707d4b87abdfcc7aecfa5350,variable_2_4,3,0,57,3,win,fixed_2p/repetition_2
10,962,fixed_2p/repetition_2,b0d7518c589645cfbc7e31484f382490,fixed_2p,2,1,55,2,loss,variable_2_4/repetition_3
10,963,fixed_2p/repetition_2,b0d7518c589645cfbc7e31484f382490,fixed_2p,2,0,47,5,loss,variable_2_4/repetition_3
10,963,variable_2_4/repetition_3,982b1b91707d4b87abdfcc7aecfa5350,variable_2_4,3,1,55,1,win,fixed_2p/repetition_2
10,964,fixed_2p/repetition_2,b0d7518c589645cfbc7e31484f382490,fixed_2p,2,0,60,2,win,variable_2_4/repetition_3
10,964,variable_2_4/repetition_3,982b1b91707d4b87abdfcc7aecfa5350,variable_2_4,3,1,58,4,loss,fixed_2p/repetition_2
10,965,fixed_2p/repetition_2,b0d7518c589645cfbc7e31484f382490,fixed_2p,2,0,55,4,loss,variable_2_4/repetition_3
10,965,variable_2_4/repetition_3,982b1b91707d4b87abdfcc7aecfa5350,variable_2_4,3,1,57,3,win,fixed_2p/repetition_2
10,966,fixed_2p/repetition_2,b0d7518c589645cfbc7e31484f382490,fixed_2p,2,0,50,1,loss,variable_2_4/repetition_3
10,966,variable_2_4/repetition_3,982b1b91707d4b87abdfcc7aecfa5350,variable_2_4,3,1,58,4,win,fixed_2p/repetition_2
10,967,fixed_2p/repetition_2,b0d7518c589645cfbc7e31484f382490,fixed_2p,2,0,58,2,loss,variable_2_4/repetition_3
10,967,variable_2_4/repetition_3,982b1b91707d4b87abdfcc7aecfa5350,variable_2_4,3,1,59,4,win,fixed_2p/repetition_2
10,968,fixed_2p/repetition_2,b0d7518c589645cfbc7e31484f382490,fixed_2p,2,0,41,3,loss,variable_2_4/repetition_3
10,968,variable_2_4/repetition_3,982b1b91707d4b87abdfcc7aecfa5350,variable_2_4,3,1,45,3,win,fixed_2p/repetition_2
10,969,variable_2_4/repetition_3,982b1b91707d4b87abdfcc7aecfa5350,variable_2_4,3,0,54,0,win,fixed_2p/repetition_2
10,969,fixed_2p/repetition_2,b0d7518c589645cfbc7e31484f382490,fixed_2p,2,1,48,4,loss,variable_2_4/repetition_3
10,970,fixed_2p/repetition_2,b0d7518c589645cfbc7e31484f382490,fixed_2p,2,0,57,2,loss,variable_2_4/repetition_3
10,970,variable_2_4/repetition_3,982b1b91707d4b87abdfcc7aecfa5350,variable_2_4,3,1,59,6,win,fixed_2p/repetition_2
10,971,variable_2_4/repetition_3,982b1b91707d4b87abdfcc7aecfa5350,variable_2_4,3,0,53,4,loss,fixed_2p/repetition_2
10,971,fixed_2p/repetition_2,b0d7518c589645cfbc7e31484f382490,fixed_2p,2,1,59,1,win,variable_2_4/repetition_3
10,972,variable_2_4/repetition_3,982b1b91707d4b87abdfcc7aecfa5350,variable_2_4,3,0,60,3,win,fixed_2p/repetition_2
10,972,fixed_2p/repetition_2,b0d7518c589645cfbc7e31484f382490,fixed_2p,2,1,51,2,loss,variable_2_4/repetition_3
10,973,variable_2_4/repetition_3,982b1b91707d4b87abdfcc7aecfa5350,variable_2_4,3,0,60,4,win,fixed_2p/repetition_2
10,973,fixed_2p/repetition_2,b0d7518c589645cfbc7e31484f382490,fixed_2p,2,1,60,2,loss,variable_2_4/repetition_3
10,974,fixed_2p/repetition_2,b0d7518c589645cfbc7e31484f382490,fixed_2p,2,0,46,1,win,variable_2_4/repetition_3
10,974,variable_2_4/repetition_3,982b1b91707d4b87abdfcc7aecfa5350,variable_2_4,3,1,41,3,loss,fixed_2p/repetition_2
10,975,variable_2_4/repetition_3,982b1b91707d4b87abdfcc7aecfa5350,variable_2_4,3,0,55,2,win,fixed_2p/repetition_2
10,975,fixed_2p/repetition_2,b0d7518c589645cfbc7e31484f382490,fixed_2p,2,1,54,3,loss,variable_2_4/repetition_3
10,976,variable_2_4/repetition_3,982b1b91707d4b87abdfcc7aecfa5350,variable_2_4,3,0,51,4,loss,fixed_2p/repetition_2
10,976,fixed_2p/repetition_2,b0d7518c589645cfbc7e31484f382490,fixed_2p,2,1,53,2,win,variable_2_4/repetition_3
10,977,variable_2_4/repetition_3,982b1b91707d4b87abdfcc7aecfa5350,variable_2_4,3,0,59,0,win,fixed_2p/repetition_2
10,977,fixed_2p/repetition_2,b0d7518c589645cfbc7e31484f382490,fixed_2p,2,1,42,5,loss,variable_2_4/repetition_3
10,978,variable_2_4/repetition_3,982b1b91707d4b87abdfcc7aecfa5350,variable_2_4,3,0,62,3,win,fixed_2p/repetition_2
10,978,fixed_2p/repetition_2,b0d7518c589645cfbc7e31484f382490,fixed_2p,2,1,51,4,loss,variable_2_4/repetition_3
10,979,variable_2_4/repetition_3,982b1b91707d4b87abdfcc7aecfa5350,variable_2_4,3,0,79,1,win,fixed_2p/repetition_2
10,979,fixed_2p/repetition_2,b0d7518c589645cfbc7e31484f382490,fixed_2p,2,1,57,1,loss,variable_2_4/repetition_3
10,980,variable_2_4/repetition_3,982b1b91707d4b87abdfcc7aecfa5350,variable_2_4,3,0,45,5,loss,fixed_2p/repetition_2
10,980,fixed_2p/repetition_2,b0d7518c589645cfbc7e31484f382490,fixed_2p,2,1,60,1,win,variable_2_4/repetition_3
10,981,variable_2_4/repetition_3,982b1b91707d4b87abdfcc7aecfa5350,variable_2_4,3,0,49,2,loss,fixed_2p/repetition_2
10,981,fixed_2p/repetition_2,b0d7518c589645cfbc7e31484f382490,fixed_2p,2,1,55,3,win,variable_2_4/repetition_3
10,982,fixed_2p/repetition_2,b0d7518c589645cfbc7e31484f382490,fixed_2p,2,0,58,2,loss,variable_2_4/repetition_3
10,982,variable_2_4/repetition_3,982b1b91707d4b87abdfcc7aecfa5350,variable_2_4,3,1,70,4,win,fixed_2p/repetition_2
10,983,fixed_2p/repetition_2,b0d7518c589645cfbc7e31484f382490,fixed_2p,2,0,60,3,loss,variable_2_4/repetition_3
10,983,variable_2_4/repetition_3,982b1b91707d4b87abdfcc7aecfa5350,variable_2_4,3,1,64,3,win,fixed_2p/repetition_2
10,984,fixed_2p/repetition_2,b0d7518c589645cfbc7e31484f382490,fixed_2p,2,0,63,2,win,variable_2_4/repetition_3
10,984,variable_2_4/repetition_3,982b1b91707d4b87abdfcc7aecfa5350,variable_2_4,3,1,58,3,loss,fixed_2p/repetition_2
10,985,variable_2_4/repetition_3,982b1b91707d4b87abdfcc7aecfa5350,variable_2_4,3,0,69,3,win,fixed_2p/repetition_2
10,985,fixed_2p/repetition_2,b0d7518c589645cfbc7e31484f382490,fixed_2p,2,1,57,3,loss,variable_2_4/repetition_3
10,986,fixed_2p/repetition_2,b0d7518c589645cfbc7e31484f382490,fixed_2p,2,0,61,1,win,variable_2_4/repetition_3
10,986,variable_2_4/repetition_3,982b1b91707d4b87abdfcc7aecfa5350,variable_2_4,3,1,45,4,loss,fixed_2p/repetition_2
10,987,fixed_2p/repetition_2,b0d7518c589645cfbc7e31484f382490,fixed_2p,2,0,48,1,loss,variable_2_4/repetition_3
10,987,variable_2_4/repetition_3,982b1b91707d4b87abdfcc7aecfa5350,variable_2_4,3,1,53,3,win,fixed_2p/repetition_2
10,988,variable_2_4/repetition_3,982b1b91707d4b87abdfcc7aecfa5350,variable_2_4,3,0,54,2,win,fixed_2p/repetition_2
10,988,fixed_2p/repetition_2,b0d7518c589645cfbc7e31484f382490,fixed_2p,2,1,50,5,loss,variable_2_4/repetition_3
10,989,fixed_2p/repetition_2,b0d7518c589645cfbc7e31484f382490,fixed_2p,2,0,57,3,win,variable_2_4/repetition_3
10,989,variable_2_4/repetition_3,982b1b91707d4b87abdfcc7aecfa5350,variable_2_4,3,1,51,6,loss,fixed_2p/repetition_2
10,990,fixed_2p/repetition_2,b0d7518c589645cfbc7e31484f382490,fixed_2p,2,0,49,4,loss,variable_2_4/repetition_3
10,990,variable_2_4/repetition_3,982b1b91707d4b87abdfcc7aecfa5350,variable_2_4,3,1,52,2,win,fixed_2p/repetition_2
10,991,fixed_2p/repetition_2,b0d7518c589645cfbc7e31484f382490,fixed_2p,2,0,57,2,win,variable_2_4/repetition_3
10,991,variable_2_4/repetition_3,982b1b91707d4b87abdfcc7aecfa5350,variable_2_4,3,1,52,4,loss,fixed_2p/repetition_2
10,992,fixed_2p/repetition_2,b0d7518c589645cfbc7e31484f382490,fixed_2p,2,0,57,0,win,variable_2_4/repetition_3
10,992,variable_2_4/repetition_3,982b1b91707d4b87abdfcc7aecfa5350,variable_2_4,3,1,54,3,loss,fixed_2p/repetition_2
10,993,fixed_2p/repetition_2,b0d7518c589645cfbc7e31484f382490,fixed_2p,2,0,47,1,loss,variable_2_4/repetition_3
10,993,variable_2_4/repetition_3,982b1b91707d4b87abdfcc7aecfa5350,variable_2_4,3,1,60,4,win,fixed_2p/repetition_2
10,994,variable_2_4/repetition_3,982b1b91707d4b87abdfcc7aecfa5350,variable_2_4,3,0,58,2,loss,fixed_2p/repetition_2
10,994,fixed_2p/repetition_2,b0d7518c589645cfbc7e31484f382490,fixed_2p,2,1,63,2,win,variable_2_4/repetition_3
10,995,fixed_2p/repetition_2,b0d7518c589645cfbc7e31484f382490,fixed_2p,2,0,63,1,loss,variable_2_4/repetition_3
10,995,variable_2_4/repetition_3,982b1b91707d4b87abdfcc7aecfa5350,variable_2_4,3,1,63,4,win,fixed_2p/repetition_2
10,996,variable_2_4/repetition_3,982b1b91707d4b87abdfcc7aecfa5350,variable_2_4,3,0,63,6,win,fixed_2p/repetition_2
10,996,fixed_2p/repetition_2,b0d7518c589645cfbc7e31484f382490,fixed_2p,2,1,59,1,loss,variable_2_4/repetition_3
10,997,fixed_2p/repetition_2,b0d7518c589645cfbc7e31484f382490,fixed_2p,2,0,68,3,tie,variable_2_4/repetition_3
10,997,variable_2_4/repetition_3,982b1b91707d4b87abdfcc7aecfa5350,variable_2_4,3,1,68,3,tie,fixed_2p/repetition_2
10,998,fixed_2p/repetition_2,b0d7518c589645cfbc7e31484f382490,fixed_2p,2,0,50,3,loss,variable_2_4/repetition_3
10,998,variable_2_4/repetition_3,982b1b91707d4b87abdfcc7aecfa5350,variable_2_4,3,1,50,4,win,fixed_2p/repetition_2
10,999,fixed_2p/repetition_2,b0d7518c589645cfbc7e31484f382490,fixed_2p,2,0,59,3,win,variable_2_4/repetition_3
10,999,variable_2_4/repetition_3,982b1b91707d4b87abdfcc7aecfa5350,variable_2_4,3,1,56,3,loss,fixed_2p/repetition_2
10,1000,fixed_2p/repetition_2,b0d7518c589645cfbc7e31484f382490,fixed_2p,2,0,65,3,win,variable_2_4/repetition_3
10,1000,variable_2_4/repetition_3,982b1b91707d4b87abdfcc7aecfa5350,variable_2_4,3,1,46,2,loss,fixed_2p/repetition_2
11,1001,variable_encoder_2_4/repetition_1,420770657a844be6ab5e55e02edf3782,variable_encoder_2_4,1,0,61,3,win,fixed_2p/repetition_2
11,1001,fixed_2p/repetition_2,b0d7518c589645cfbc7e31484f382490,fixed_2p,2,1,52,0,loss,variable_encoder_2_4/repetition_1
11,1002,variable_encoder_2_4/repetition_1,420770657a844be6ab5e55e02edf3782,variable_encoder_2_4,1,0,68,5,win,fixed_2p/repetition_2
11,1002,fixed_2p/repetition_2,b0d7518c589645cfbc7e31484f382490,fixed_2p,2,1,61,1,loss,variable_encoder_2_4/repetition_1
11,1003,variable_encoder_2_4/repetition_1,420770657a844be6ab5e55e02edf3782,variable_encoder_2_4,1,0,55,4,loss,fixed_2p/repetition_2
11,1003,fixed_2p/repetition_2,b0d7518c589645cfbc7e31484f382490,fixed_2p,2,1,61,1,win,variable_encoder_2_4/repetition_1
11,1004,variable_encoder_2_4/repetition_1,420770657a844be6ab5e55e02edf3782,variable_encoder_2_4,1,0,56,5,win,fixed_2p/repetition_2
11,1004,fixed_2p/repetition_2,b0d7518c589645cfbc7e31484f382490,fixed_2p,2,1,42,2,loss,variable_encoder_2_4/repetition_1
11,1005,variable_encoder_2_4/repetition_1,420770657a844be6ab5e55e02edf3782,variable_encoder_2_4,1,0,61,5,win,fixed_2p/repetition_2
11,1005,fixed_2p/repetition_2,b0d7518c589645cfbc7e31484f382490,fixed_2p,2,1,59,0,loss,variable_encoder_2_4/repetition_1
11,1006,variable_encoder_2_4/repetition_1,420770657a844be6ab5e55e02edf3782,variable_encoder_2_4,1,0,64,2,win,fixed_2p/repetition_2
11,1006,fixed_2p/repetition_2,b0d7518c589645cfbc7e31484f382490,fixed_2p,2,1,60,1,loss,variable_encoder_2_4/repetition_1
11,1007,variable_encoder_2_4/repetition_1,420770657a844be6ab5e55e02edf3782,variable_encoder_2_4,1,0,60,4,loss,fixed_2p/repetition_2
11,1007,fixed_2p/repetition_2,b0d7518c589645cfbc7e31484f382490,fixed_2p,2,1,63,2,win,variable_encoder_2_4/repetition_1
11,1008,variable_encoder_2_4/repetition_1,420770657a844be6ab5e55e02edf3782,variable_encoder_2_4,1,0,66,3,win,fixed_2p/repetition_2
11,1008,fixed_2p/repetition_2,b0d7518c589645cfbc7e31484f382490,fixed_2p,2,1,48,1,loss,variable_encoder_2_4/repetition_1
11,1009,fixed_2p/repetition_2,b0d7518c589645cfbc7e31484f382490,fixed_2p,2,0,46,2,loss,variable_encoder_2_4/repetition_1
11,1009,variable_encoder_2_4/repetition_1,420770657a844be6ab5e55e02edf3782,variable_encoder_2_4,1,1,61,3,win,fixed_2p/repetition_2
11,1010,variable_encoder_2_4/repetition_1,420770657a844be6ab5e55e02edf3782,variable_encoder_2_4,1,0,62,2,win,fixed_2p/repetition_2
11,1010,fixed_2p/repetition_2,b0d7518c589645cfbc7e31484f382490,fixed_2p,2,1,55,1,loss,variable_encoder_2_4/repetition_1
11,1011,variable_encoder_2_4/repetition_1,420770657a844be6ab5e55e02edf3782,variable_encoder_2_4,1,0,57,2,tie,fixed_2p/repetition_2
11,1011,fixed_2p/repetition_2,b0d7518c589645cfbc7e31484f382490,fixed_2p,2,1,57,2,tie,variable_encoder_2_4/repetition_1
11,1012,fixed_2p/repetition_2,b0d7518c589645cfbc7e31484f382490,fixed_2p,2,0,48,2,loss,variable_encoder_2_4/repetition_1
11,1012,variable_encoder_2_4/repetition_1,420770657a844be6ab5e55e02edf3782,variable_encoder_2_4,1,1,57,4,win,fixed_2p/repetition_2
11,1013,fixed_2p/repetition_2,b0d7518c589645cfbc7e31484f382490,fixed_2p,2,0,64,0,win,variable_encoder_2_4/repetition_1
11,1013,variable_encoder_2_4/repetition_1,420770657a844be6ab5e55e02edf3782,variable_encoder_2_4,1,1,55,5,loss,fixed_2p/repetition_2
11,1014,fixed_2p/repetition_2,b0d7518c589645cfbc7e31484f382490,fixed_2p,2,0,51,1,loss,variable_encoder_2_4/repetition_1
11,1014,variable_encoder_2_4/repetition_1,420770657a844be6ab5e55e02edf3782,variable_encoder_2_4,1,1,56,4,win,fixed_2p/repetition_2
11,1015,fixed_2p/repetition_2,b0d7518c589645cfbc7e31484f382490,fixed_2p,2,0,55,1,win,variable_encoder_2_4/repetition_1
11,1015,variable_encoder_2_4/repetition_1,420770657a844be6ab5e55e02edf3782,variable_encoder_2_4,1,1,50,2,loss,fixed_2p/repetition_2
11,1016,variable_encoder_2_4/repetition_1,420770657a844be6ab5e55e02edf3782,variable_encoder_2_4,1,0,62,2,win,fixed_2p/repetition_2
11,1016,fixed_2p/repetition_2,b0d7518c589645cfbc7e31484f382490,fixed_2p,2,1,62,0,loss,variable_encoder_2_4/repetition_1
11,1017,fixed_2p/repetition_2,b0d7518c589645cfbc7e31484f382490,fixed_2p,2,0,60,1,win,variable_encoder_2_4/repetition_1
11,1017,variable_encoder_2_4/repetition_1,420770657a844be6ab5e55e02edf3782,variable_encoder_2_4,1,1,55,5,loss,fixed_2p/repetition_2
11,1018,variable_encoder_2_4/repetition_1,420770657a844be6ab5e55e02edf3782,variable_encoder_2_4,1,0,50,5,win,fixed_2p/repetition_2
11,1018,fixed_2p/repetition_2,b0d7518c589645cfbc7e31484f382490,fixed_2p,2,1,44,1,loss,variable_encoder_2_4/repetition_1
11,1019,variable_encoder_2_4/repetition_1,420770657a844be6ab5e55e02edf3782,variable_encoder_2_4,1,0,56,4,win,fixed_2p/repetition_2
11,1019,fixed_2p/repetition_2,b0d7518c589645cfbc7e31484f382490,fixed_2p,2,1,46,4,loss,variable_encoder_2_4/repetition_1
11,1020,fixed_2p/repetition_2,b0d7518c589645cfbc7e31484f382490,fixed_2p,2,0,51,1,loss,variable_encoder_2_4/repetition_1
11,1020,variable_encoder_2_4/repetition_1,420770657a844be6ab5e55e02edf3782,variable_encoder_2_4,1,1,61,4,win,fixed_2p/repetition_2
11,1021,fixed_2p/repetition_2,b0d7518c589645cfbc7e31484f382490,fixed_2p,2,0,47,0,loss,variable_encoder_2_4/repetition_1
11,1021,variable_encoder_2_4/repetition_1,420770657a844be6ab5e55e02edf3782,variable_encoder_2_4,1,1,63,4,win,fixed_2p/repetition_2
11,1022,fixed_2p/repetition_2,b0d7518c589645cfbc7e31484f382490,fixed_2p,2,0,59,1,loss,variable_encoder_2_4/repetition_1
11,1022,variable_encoder_2_4/repetition_1,420770657a844be6ab5e55e02edf3782,variable_encoder_2_4,1,1,61,3,win,fixed_2p/repetition_2
11,1023,variable_encoder_2_4/repetition_1,420770657a844be6ab5e55e02edf3782,variable_encoder_2_4,1,0,60,4,win,fixed_2p/repetition_2
11,1023,fixed_2p/repetition_2,b0d7518c589645cfbc7e31484f382490,fixed_2p,2,1,56,3,loss,variable_encoder_2_4/repetition_1
11,1024,variable_encoder_2_4/repetition_1,420770657a844be6ab5e55e02edf3782,variable_encoder_2_4,1,0,59,3,loss,fixed_2p/repetition_2
11,1024,fixed_2p/repetition_2,b0d7518c589645cfbc7e31484f382490,fixed_2p,2,1,59,4,win,variable_encoder_2_4/repetition_1
11,1025,variable_encoder_2_4/repetition_1,420770657a844be6ab5e55e02edf3782,variable_encoder_2_4,1,0,62,3,win,fixed_2p/repetition_2
11,1025,fixed_2p/repetition_2,b0d7518c589645cfbc7e31484f382490,fixed_2p,2,1,42,2,loss,variable_encoder_2_4/repetition_1
11,1026,fixed_2p/repetition_2,b0d7518c589645cfbc7e31484f382490,fixed_2p,2,0,45,3,loss,variable_encoder_2_4/repetition_1
11,1026,variable_encoder_2_4/repetition_1,420770657a844be6ab5e55e02edf3782,variable_encoder_2_4,1,1,56,1,win,fixed_2p/repetition_2
11,1027,fixed_2p/repetition_2,b0d7518c589645cfbc7e31484f382490,fixed_2p,2,0,55,1,win,variable_encoder_2_4/repetition_1
11,1027,variable_encoder_2_4/repetition_1,420770657a844be6ab5e55e02edf3782,variable_encoder_2_4,1,1,48,5,loss,fixed_2p/repetition_2
11,1028,fixed_2p/repetition_2,b0d7518c589645cfbc7e31484f382490,fixed_2p,2,0,47,5,loss,variable_encoder_2_4/repetition_1
11,1028,variable_encoder_2_4/repetition_1,420770657a844be6ab5e55e02edf3782,variable_encoder_2_4,1,1,57,5,win,fixed_2p/repetition_2
11,1029,fixed_2p/repetition_2,b0d7518c589645cfbc7e31484f382490,fixed_2p,2,0,50,4,loss,variable_encoder_2_4/repetition_1
11,1029,variable_encoder_2_4/repetition_1,420770657a844be6ab5e55e02edf3782,variable_encoder_2_4,1,1,61,4,win,fixed_2p/repetition_2
11,1030,fixed_2p/repetition_2,b0d7518c589645cfbc7e31484f382490,fixed_2p,2,0,58,1,loss,variable_encoder_2_4/repetition_1
11,1030,variable_encoder_2_4/repetition_1,420770657a844be6ab5e55e02edf3782,variable_encoder_2_4,1,1,64,5,win,fixed_2p/repetition_2
11,1031,variable_encoder_2_4/repetition_1,420770657a844be6ab5e55e02edf3782,variable_encoder_2_4,1,0,62,4,loss,fixed_2p/repetition_2
11,1031,fixed_2p/repetition_2,b0d7518c589645cfbc7e31484f382490,fixed_2p,2,1,64,1,win,variable_encoder_2_4/repetition_1
11,1032,fixed_2p/repetition_2,b0d7518c589645cfbc7e31484f382490,fixed_2p,2,0,59,1,win,variable_encoder_2_4/repetition_1
11,1032,variable_encoder_2_4/repetition_1,420770657a844be6ab5e55e02edf3782,variable_encoder_2_4,1,1,56,4,loss,fixed_2p/repetition_2
11,1033,fixed_2p/repetition_2,b0d7518c589645cfbc7e31484f382490,fixed_2p,2,0,59,3,win,variable_encoder_2_4/repetition_1
11,1033,variable_encoder_2_4/repetition_1,420770657a844be6ab5e55e02edf3782,variable_encoder_2_4,1,1,55,5,loss,fixed_2p/repetition_2
11,1034,fixed_2p/repetition_2,b0d7518c589645cfbc7e31484f382490,fixed_2p,2,0,52,2,loss,variable_encoder_2_4/repetition_1
11,1034,variable_encoder_2_4/repetition_1,420770657a844be6ab5e55e02edf3782,variable_encoder_2_4,1,1,53,5,win,fixed_2p/repetition_2
11,1035,fixed_2p/repetition_2,b0d7518c589645cfbc7e31484f382490,fixed_2p,2,0,55,2,loss,variable_encoder_2_4/repetition_1
11,1035,variable_encoder_2_4/repetition_1,420770657a844be6ab5e55e02edf3782,variable_encoder_2_4,1,1,56,2,win,fixed_2p/repetition_2
11,1036,variable_encoder_2_4/repetition_1,420770657a844be6ab5e55e02edf3782,variable_encoder_2_4,1,0,58,4,win,fixed_2p/repetition_2
11,1036,fixed_2p/repetition_2,b0d7518c589645cfbc7e31484f382490,fixed_2p,2,1,52,2,loss,variable_encoder_2_4/repetition_1
11,1037,fixed_2p/repetition_2,b0d7518c589645cfbc7e31484f382490,fixed_2p,2,0,56,2,win,variable_encoder_2_4/repetition_1
11,1037,variable_encoder_2_4/repetition_1,420770657a844be6ab5e55e02edf3782,variable_encoder_2_4,1,1,41,5,loss,fixed_2p/repetition_2
11,1038,variable_encoder_2_4/repetition_1,420770657a844be6ab5e55e02edf3782,variable_encoder_2_4,1,0,59,4,win,fixed_2p/repetition_2
11,1038,fixed_2p/repetition_2,b0d7518c589645cfbc7e31484f382490,fixed_2p,2,1,45,3,loss,variable_encoder_2_4/repetition_1
11,1039,fixed_2p/repetition_2,b0d7518c589645cfbc7e31484f382490,fixed_2p,2,0,46,2,loss,variable_encoder_2_4/repetition_1
11,1039,variable_encoder_2_4/repetition_1,420770657a844be6ab5e55e02edf3782,variable_encoder_2_4,1,1,53,3,win,fixed_2p/repetition_2
11,1040,fixed_2p/repetition_2,b0d7518c589645cfbc7e31484f382490,fixed_2p,2,0,44,3,loss,variable_encoder_2_4/repetition_1
11,1040,variable_encoder_2_4/repetition_1,420770657a844be6ab5e55e02edf3782,variable_encoder_2_4,1,1,59,2,win,fixed_2p/repetition_2
11,1041,fixed_2p/repetition_2,b0d7518c589645cfbc7e31484f382490,fixed_2p,2,0,44,2,loss,variable_encoder_2_4/repetition_1
11,1041,variable_encoder_2_4/repetition_1,420770657a844be6ab5e55e02edf3782,variable_encoder_2_4,1,1,54,4,win,fixed_2p/repetition_2
11,1042,fixed_2p/repetition_2,b0d7518c589645cfbc7e31484f382490,fixed_2p,2,0,60,2,loss,variable_encoder_2_4/repetition_1
11,1042,variable_encoder_2_4/repetition_1,420770657a844be6ab5e55e02edf3782,variable_encoder_2_4,1,1,64,5,win,fixed_2p/repetition_2
11,1043,fixed_2p/repetition_2,b0d7518c589645cfbc7e31484f382490,fixed_2p,2,0,53,2,loss,variable_encoder_2_4/repetition_1
11,1043,variable_encoder_2_4/repetition_1,420770657a844be6ab5e55e02edf3782,variable_encoder_2_4,1,1,68,3,win,fixed_2p/repetition_2
11,1044,variable_encoder_2_4/repetition_1,420770657a844be6ab5e55e02edf3782,variable_encoder_2_4,1,0,57,5,loss,fixed_2p/repetition_2
11,1044,fixed_2p/repetition_2,b0d7518c589645cfbc7e31484f382490,fixed_2p,2,1,60,2,win,variable_encoder_2_4/repetition_1
11,1045,fixed_2p/repetition_2,b0d7518c589645cfbc7e31484f382490,fixed_2p,2,0,51,2,win,variable_encoder_2_4/repetition_1
11,1045,variable_encoder_2_4/repetition_1,420770657a844be6ab5e55e02edf3782,variable_encoder_2_4,1,1,45,1,loss,fixed_2p/repetition_2
11,1046,fixed_2p/repetition_2,b0d7518c589645cfbc7e31484f382490,fixed_2p,2,0,56,1,loss,variable_encoder_2_4/repetition_1
11,1046,variable_encoder_2_4/repetition_1,420770657a844be6ab5e55e02edf3782,variable_encoder_2_4,1,1,62,3,win,fixed_2p/repetition_2
11,1047,fixed_2p/repetition_2,b0d7518c589645cfbc7e31484f382490,fixed_2p,2,0,50,1,loss,variable_encoder_2_4/repetition_1
11,1047,variable_encoder_2_4/repetition_1,420770657a844be6ab5e55e02edf3782,variable_encoder_2_4,1,1,54,5,win,fixed_2p/repetition_2
11,1048,fixed_2p/repetition_2,b0d7518c589645cfbc7e31484f382490,fixed_2p,2,0,37,1,loss,variable_encoder_2_4/repetition_1
11,1048,variable_encoder_2_4/repetition_1,420770657a844be6ab5e55e02edf3782,variable_encoder_2_4,1,1,53,5,win,fixed_2p/repetition_2
11,1049,variable_encoder_2_4/repetition_1,420770657a844be6ab5e55e02edf3782,variable_encoder_2_4,1,0,63,4,win,fixed_2p/repetition_2
11,1049,fixed_2p/repetition_2,b0d7518c589645cfbc7e31484f382490,fixed_2p,2,1,51,2,loss,variable_encoder_2_4/repetition_1
11,1050,variable_encoder_2_4/repetition_1,420770657a844be6ab5e55e02edf3782,variable_encoder_2_4,1,0,61,4,win,fixed_2p/repetition_2
11,1050,fixed_2p/repetition_2,b0d7518c589645cfbc7e31484f382490,fixed_2p,2,1,48,3,loss,variable_encoder_2_4/repetition_1
11,1051,fixed_2p/repetition_2,b0d7518c589645cfbc7e31484f382490,fixed_2p,2,0,50,1,loss,variable_encoder_2_4/repetition_1
11,1051,variable_encoder_2_4/repetition_1,420770657a844be6ab5e55e02edf3782,variable_encoder_2_4,1,1,51,2,win,fixed_2p/repetition_2
11,1052,variable_encoder_2_4/repetition_1,420770657a844be6ab5e55e02edf3782,variable_encoder_2_4,1,0,67,4,win,fixed_2p/repetition_2
11,1052,fixed_2p/repetition_2,b0d7518c589645cfbc7e31484f382490,fixed_2p,2,1,56,0,loss,variable_encoder_2_4/repetition_1
11,1053,fixed_2p/repetition_2,b0d7518c589645cfbc7e31484f382490,fixed_2p,2,0,56,3,loss,variable_encoder_2_4/repetition_1
11,1053,variable_encoder_2_4/repetition_1,420770657a844be6ab5e55e02edf3782,variable_encoder_2_4,1,1,63,3,win,fixed_2p/repetition_2
11,1054,fixed_2p/repetition_2,b0d7518c589645cfbc7e31484f382490,fixed_2p,2,0,58,1,loss,variable_encoder_2_4/repetition_1
11,1054,variable_encoder_2_4/repetition_1,420770657a844be6ab5e55e02edf3782,variable_encoder_2_4,1,1,67,3,win,fixed_2p/repetition_2
11,1055,variable_encoder_2_4/repetition_1,420770657a844be6ab5e55e02edf3782,variable_encoder_2_4,1,0,61,3,win,fixed_2p/repetition_2
11,1055,fixed_2p/repetition_2,b0d7518c589645cfbc7e31484f382490,fixed_2p,2,1,59,4,loss,variable_encoder_2_4/repetition_1
11,1056,fixed_2p/repetition_2,b0d7518c589645cfbc7e31484f382490,fixed_2p,2,0,51,2,loss,variable_encoder_2_4/repetition_1
11,1056,variable_encoder_2_4/repetition_1,420770657a844be6ab5e55e02edf3782,variable_encoder_2_4,1,1,53,5,win,fixed_2p/repetition_2
11,1057,variable_encoder_2_4/repetition_1,420770657a844be6ab5e55e02edf3782,variable_encoder_2_4,1,0,61,6,win,fixed_2p/repetition_2
11,1057,fixed_2p/repetition_2,b0d7518c589645cfbc7e31484f382490,fixed_2p,2,1,55,2,loss,variable_encoder_2_4/repetition_1
11,1058,fixed_2p/repetition_2,b0d7518c589645cfbc7e31484f382490,fixed_2p,2,0,50,2,loss,variable_encoder_2_4/repetition_1
11,1058,variable_encoder_2_4/repetition_1,420770657a844be6ab5e55e02edf3782,variable_encoder_2_4,1,1,55,3,win,fixed_2p/repetition_2
11,1059,variable_encoder_2_4/repetition_1,420770657a844be6ab5e55e02edf3782,variable_encoder_2_4,1,0,71,1,win,fixed_2p/repetition_2
11,1059,fixed_2p/repetition_2,b0d7518c589645cfbc7e31484f382490,fixed_2p,2,1,59,3,loss,variable_encoder_2_4/repetition_1
11,1060,fixed_2p/repetition_2,b0d7518c589645cfbc7e31484f382490,fixed_2p,2,0,54,3,tie,variable_encoder_2_4/repetition_1
11,1060,variable_encoder_2_4/repetition_1,420770657a844be6ab5e55e02edf3782,variable_encoder_2_4,1,1,54,3,tie,fixed_2p/repetition_2
11,1061,variable_encoder_2_4/repetition_1,420770657a844be6ab5e55e02edf3782,variable_encoder_2_4,1,0,71,4,win,fixed_2p/repetition_2
11,1061,fixed_2p/repetition_2,b0d7518c589645cfbc7e31484f382490,fixed_2p,2,1,59,2,loss,variable_encoder_2_4/repetition_1
11,1062,variable_encoder_2_4/repetition_1,420770657a844be6ab5e55e02edf3782,variable_encoder_2_4,1,0,55,4,win,fixed_2p/repetition_2
11,1062,fixed_2p/repetition_2,b0d7518c589645cfbc7e31484f382490,fixed_2p,2,1,55,2,loss,variable_encoder_2_4/repetition_1
11,1063,fixed_2p/repetition_2,b0d7518c589645cfbc7e31484f382490,fixed_2p,2,0,69,2,tie,variable_encoder_2_4/repetition_1
11,1063,variable_encoder_2_4/repetition_1,420770657a844be6ab5e55e02edf3782,variable_encoder_2_4,1,1,69,2,tie,fixed_2p/repetition_2
11,1064,fixed_2p/repetition_2,b0d7518c589645cfbc7e31484f382490,fixed_2p,2,0,65,0,win,variable_encoder_2_4/repetition_1
11,1064,variable_encoder_2_4/repetition_1,420770657a844be6ab5e55e02edf3782,variable_encoder_2_4,1,1,63,4,loss,fixed_2p/repetition_2
11,1065,variable_encoder_2_4/repetition_1,420770657a844be6ab5e55e02edf3782,variable_encoder_2_4,1,0,57,5,win,fixed_2p/repetition_2
11,1065,fixed_2p/repetition_2,b0d7518c589645cfbc7e31484f382490,fixed_2p,2,1,51,2,loss,variable_encoder_2_4/repetition_1
11,1066,fixed_2p/repetition_2,b0d7518c589645cfbc7e31484f382490,fixed_2p,2,0,46,3,loss,variable_encoder_2_4/repetition_1
11,1066,variable_encoder_2_4/repetition_1,420770657a844be6ab5e55e02edf3782,variable_encoder_2_4,1,1,56,4,win,fixed_2p/repetition_2
11,1067,fixed_2p/repetition_2,b0d7518c589645cfbc7e31484f382490,fixed_2p,2,0,51,1,loss,variable_encoder_2_4/repetition_1
11,1067,variable_encoder_2_4/repetition_1,420770657a844be6ab5e55e02edf3782,variable_encoder_2_4,1,1,54,4,win,fixed_2p/repetition_2
11,1068,fixed_2p/repetition_2,b0d7518c589645cfbc7e31484f382490,fixed_2p,2,0,54,2,loss,variable_encoder_2_4/repetition_1
11,1068,variable_encoder_2_4/repetition_1,420770657a844be6ab5e55e02edf3782,variable_encoder_2_4,1,1,57,5,win,fixed_2p/repetition_2
11,1069,fixed_2p/repetition_2,b0d7518c589645cfbc7e31484f382490,fixed_2p,2,0,58,2,loss,variable_encoder_2_4/repetition_1
11,1069,variable_encoder_2_4/repetition_1,420770657a844be6ab5e55e02edf3782,variable_encoder_2_4,1,1,62,3,win,fixed_2p/repetition_2
11,1070,variable_encoder_2_4/repetition_1,420770657a844be6ab5e55e02edf3782,variable_encoder_2_4,1,0,62,6,win,fixed_2p/repetition_2
11,1070,fixed_2p/repetition_2,b0d7518c589645cfbc7e31484f382490,fixed_2p,2,1,57,3,loss,variable_encoder_2_4/repetition_1
11,1071,variable_encoder_2_4/repetition_1,420770657a844be6ab5e55e02edf3782,variable_encoder_2_4,1,0,70,3,win,fixed_2p/repetition_2
11,1071,fixed_2p/repetition_2,b0d7518c589645cfbc7e31484f382490,fixed_2p,2,1,58,2,loss,variable_encoder_2_4/repetition_1
11,1072,fixed_2p/repetition_2,b0d7518c589645cfbc7e31484f382490,fixed_2p,2,0,58,1,win,variable_encoder_2_4/repetition_1
11,1072,variable_encoder_2_4/repetition_1,420770657a844be6ab5e55e02edf3782,variable_encoder_2_4,1,1,54,5,loss,fixed_2p/repetition_2
11,1073,variable_encoder_2_4/repetition_1,420770657a844be6ab5e55e02edf3782,variable_encoder_2_4,1,0,43,5,loss,fixed_2p/repetition_2
11,1073,fixed_2p/repetition_2,b0d7518c589645cfbc7e31484f382490,fixed_2p,2,1,47,2,win,variable_encoder_2_4/repetition_1
11,1074,fixed_2p/repetition_2,b0d7518c589645cfbc7e31484f382490,fixed_2p,2,0,53,1,loss,variable_encoder_2_4/repetition_1
11,1074,variable_encoder_2_4/repetition_1,420770657a844be6ab5e55e02edf3782,variable_encoder_2_4,1,1,78,3,win,fixed_2p/repetition_2
11,1075,fixed_2p/repetition_2,b0d7518c589645cfbc7e31484f382490,fixed_2p,2,0,57,1,win,variable_encoder_2_4/repetition_1
11,1075,variable_encoder_2_4/repetition_1,420770657a844be6ab5e55e02edf3782,variable_encoder_2_4,1,1,53,2,loss,fixed_2p/repetition_2
11,1076,fixed_2p/repetition_2,b0d7518c589645cfbc7e31484f382490,fixed_2p,2,0,61,3,loss,variable_encoder_2_4/repetition_1
11,1076,variable_encoder_2_4/repetition_1,420770657a844be6ab5e55e02edf3782,variable_encoder_2_4,1,1,72,3,win,fixed_2p/repetition_2
11,1077,fixed_2p/repetition_2,b0d7518c589645cfbc7e31484f382490,fixed_2p,2,0,51,3,loss,variable_encoder_2_4/repetition_1
11,1077,variable_encoder_2_4/repetition_1,420770657a844be6ab5e55e02edf3782,variable_encoder_2_4,1,1,63,4,win,fixed_2p/repetition_2
11,1078,variable_encoder_2_4/repetition_1,420770657a844be6ab5e55e02edf3782,variable_encoder_2_4,1,0,68,4,win,fixed_2p/repetition_2
11,1078,fixed_2p/repetition_2,b0d7518c589645cfbc7e31484f382490,fixed_2p,2,1,62,2,loss,variable_encoder_2_4/repetition_1
11,1079,fixed_2p/repetition_2,b0d7518c589645cfbc7e31484f382490,fixed_2p,2,0,54,3,loss,variable_encoder_2_4/repetition_1
11,1079,variable_encoder_2_4/repetition_1,420770657a844be6ab5e55e02edf3782,variable_encoder_2_4,1,1,58,6,win,fixed_2p/repetition_2
11,1080,variable_encoder_2_4/repetition_1,420770657a844be6ab5e55e02edf3782,variable_encoder_2_4,1,0,68,3,win,fixed_2p/repetition_2
11,1080,fixed_2p/repetition_2,b0d7518c589645cfbc7e31484f382490,fixed_2p,2,1,51,2,loss,variable_encoder_2_4/repetition_1
11,1081,fixed_2p/repetition_2,b0d7518c589645cfbc7e31484f382490,fixed_2p,2,0,54,3,loss,variable_encoder_2_4/repetition_1
11,1081,variable_encoder_2_4/repetition_1,420770657a844be6ab5e55e02edf3782,variable_encoder_2_4,1,1,59,3,win,fixed_2p/repetition_2
11,1082,fixed_2p/repetition_2,b0d7518c589645cfbc7e31484f382490,fixed_2p,2,0,47,2,loss,variable_encoder_2_4/repetition_1
11,1082,variable_encoder_2_4/repetition_1,420770657a844be6ab5e55e02edf3782,variable_encoder_2_4,1,1,49,1,win,fixed_2p/repetition_2
11,1083,fixed_2p/repetition_2,b0d7518c589645cfbc7e31484f382490,fixed_2p,2,0,47,2,loss,variable_encoder_2_4/repetition_1
11,1083,variable_encoder_2_4/repetition_1,420770657a844be6ab5e55e02edf3782,variable_encoder_2_4,1,1,54,5,win,fixed_2p/repetition_2
11,1084,fixed_2p/repetition_2,b0d7518c589645cfbc7e31484f382490,fixed_2p,2,0,53,1,win,variable_encoder_2_4/repetition_1
11,1084,variable_encoder_2_4/repetition_1,420770657a844be6ab5e55e02edf3782,variable_encoder_2_4,1,1,48,5,loss,fixed_2p/repetition_2
11,1085,variable_encoder_2_4/repetition_1,420770657a844be6ab5e55e02edf3782,variable_encoder_2_4,1,0,59,5,win,fixed_2p/repetition_2
11,1085,fixed_2p/repetition_2,b0d7518c589645cfbc7e31484f382490,fixed_2p,2,1,53,0,loss,variable_encoder_2_4/repetition_1
11,1086,fixed_2p/repetition_2,b0d7518c589645cfbc7e31484f382490,fixed_2p,2,0,54,3,loss,variable_encoder_2_4/repetition_1
11,1086,variable_encoder_2_4/repetition_1,420770657a844be6ab5e55e02edf3782,variable_encoder_2_4,1,1,69,4,win,fixed_2p/repetition_2
11,1087,variable_encoder_2_4/repetition_1,420770657a844be6ab5e55e02edf3782,variable_encoder_2_4,1,0,53,4,loss,fixed_2p/repetition_2
11,1087,fixed_2p/repetition_2,b0d7518c589645cfbc7e31484f382490,fixed_2p,2,1,60,2,win,variable_encoder_2_4/repetition_1
11,1088,fixed_2p/repetition_2,b0d7518c589645cfbc7e31484f382490,fixed_2p,2,0,58,2,loss,variable_encoder_2_4/repetition_1
11,1088,variable_encoder_2_4/repetition_1,420770657a844be6ab5e55e02edf3782,variable_encoder_2_4,1,1,58,3,win,fixed_2p/repetition_2
11,1089,variable_encoder_2_4/repetition_1,420770657a844be6ab5e55e02edf3782,variable_encoder_2_4,1,0,60,3,win,fixed_2p/repetition_2
11,1089,fixed_2p/repetition_2,b0d7518c589645cfbc7e31484f382490,fixed_2p,2,1,54,2,loss,variable_encoder_2_4/repetition_1
11,1090,variable_encoder_2_4/repetition_1,420770657a844be6ab5e55e02edf3782,variable_encoder_2_4,1,0,73,5,win,fixed_2p/repetition_2
11,1090,fixed_2p/repetition_2,b0d7518c589645cfbc7e31484f382490,fixed_2p,2,1,47,2,loss,variable_encoder_2_4/repetition_1
11,1091,fixed_2p/repetition_2,b0d7518c589645cfbc7e31484f382490,fixed_2p,2,0,56,2,loss,variable_encoder_2_4/repetition_1
11,1091,variable_encoder_2_4/repetition_1,420770657a844be6ab5e55e02edf3782,variable_encoder_2_4,1,1,56,5,win,fixed_2p/repetition_2
11,1092,variable_encoder_2_4/repetition_1,420770657a844be6ab5e55e02edf3782,variable_encoder_2_4,1,0,58,3,win,fixed_2p/repetition_2
11,1092,fixed_2p/repetition_2,b0d7518c589645cfbc7e31484f382490,fixed_2p,2,1,48,1,loss,variable_encoder_2_4/repetition_1
11,1093,fixed_2p/repetition_2,b0d7518c589645cfbc7e31484f382490,fixed_2p,2,0,55,3,win,variable_encoder_2_4/repetition_1
11,1093,variable_encoder_2_4/repetition_1,420770657a844be6ab5e55e02edf3782,variable_encoder_2_4,1,1,54,3,loss,fixed_2p/repetition_2
11,1094,fixed_2p/repetition_2,b0d7518c589645cfbc7e31484f382490,fixed_2p,2,0,61,1,win,variable_encoder_2_4/repetition_1
11,1094,variable_encoder_2_4/repetition_1,420770657a844be6ab5e55e02edf3782,variable_encoder_2_4,1,1,59,2,loss,fixed_2p/repetition_2
11,1095,variable_encoder_2_4/repetition_1,420770657a844be6ab5e55e02edf3782,variable_encoder_2_4,1,0,63,5,win,fixed_2p/repetition_2
11,1095,fixed_2p/repetition_2,b0d7518c589645cfbc7e31484f382490,fixed_2p,2,1,48,1,loss,variable_encoder_2_4/repetition_1
11,1096,fixed_2p/repetition_2,b0d7518c589645cfbc7e31484f382490,fixed_2p,2,0,60,1,loss,variable_encoder_2_4/repetition_1
11,1096,variable_encoder_2_4/repetition_1,420770657a844be6ab5e55e02edf3782,variable_encoder_2_4,1,1,68,3,win,fixed_2p/repetition_2
11,1097,fixed_2p/repetition_2,b0d7518c589645cfbc7e31484f382490,fixed_2p,2,0,46,2,loss,variable_encoder_2_4/repetition_1
11,1097,variable_encoder_2_4/repetition_1,420770657a844be6ab5e55e02edf3782,variable_encoder_2_4,1,1,70,4,win,fixed_2p/repetition_2
11,1098,fixed_2p/repetition_2,b0d7518c589645cfbc7e31484f382490,fixed_2p,2,0,49,1,loss,variable_encoder_2_4/repetition_1
11,1098,variable_encoder_2_4/repetition_1,420770657a844be6ab5e55e02edf3782,variable_encoder_2_4,1,1,58,3,win,fixed_2p/repetition_2
11,1099,variable_encoder_2_4/repetition_1,420770657a844be6ab5e55e02edf3782,variable_encoder_2_4,1,0,60,4,loss,fixed_2p/repetition_2
11,1099,fixed_2p/repetition_2,b0d7518c589645cfbc7e31484f382490,fixed_2p,2,1,61,2,win,variable_encoder_2_4/repetition_1
11,1100,variable_encoder_2_4/repetition_1,420770657a844be6ab5e55e02edf3782,variable_encoder_2_4,1,0,60,3,win,fixed_2p/repetition_2
11,1100,fixed_2p/repetition_2,b0d7518c589645cfbc7e31484f382490,fixed_2p,2,1,50,1,loss,variable_encoder_2_4/repetition_1
12,1101,variable_encoder_2_4/repetition_2,a665630867144200adb56738eed146da,variable_encoder_2_4,2,0,60,3,win,fixed_2p/repetition_2
12,1101,fixed_2p/repetition_2,b0d7518c589645cfbc7e31484f382490,fixed_2p,2,1,58,0,loss,variable_encoder_2_4/repetition_2
12,1102,fixed_2p/repetition_2,b0d7518c589645cfbc7e31484f382490,fixed_2p,2,0,44,3,loss,variable_encoder_2_4/repetition_2
12,1102,variable_encoder_2_4/repetition_2,a665630867144200adb56738eed146da,variable_encoder_2_4,2,1,63,4,win,fixed_2p/repetition_2
12,1103,fixed_2p/repetition_2,b0d7518c589645cfbc7e31484f382490,fixed_2p,2,0,60,2,loss,variable_encoder_2_4/repetition_2
12,1103,variable_encoder_2_4/repetition_2,a665630867144200adb56738eed146da,variable_encoder_2_4,2,1,60,3,win,fixed_2p/repetition_2
12,1104,fixed_2p/repetition_2,b0d7518c589645cfbc7e31484f382490,fixed_2p,2,0,43,3,loss,variable_encoder_2_4/repetition_2
12,1104,variable_encoder_2_4/repetition_2,a665630867144200adb56738eed146da,variable_encoder_2_4,2,1,57,4,win,fixed_2p/repetition_2
12,1105,variable_encoder_2_4/repetition_2,a665630867144200adb56738eed146da,variable_encoder_2_4,2,0,53,5,loss,fixed_2p/repetition_2
12,1105,fixed_2p/repetition_2,b0d7518c589645cfbc7e31484f382490,fixed_2p,2,1,57,2,win,variable_encoder_2_4/repetition_2
12,1106,fixed_2p/repetition_2,b0d7518c589645cfbc7e31484f382490,fixed_2p,2,0,47,1,loss,variable_encoder_2_4/repetition_2
12,1106,variable_encoder_2_4/repetition_2,a665630867144200adb56738eed146da,variable_encoder_2_4,2,1,67,4,win,fixed_2p/repetition_2
12,1107,fixed_2p/repetition_2,b0d7518c589645cfbc7e31484f382490,fixed_2p,2,0,40,1,loss,variable_encoder_2_4/repetition_2
12,1107,variable_encoder_2_4/repetition_2,a665630867144200adb56738eed146da,variable_encoder_2_4,2,1,64,2,win,fixed_2p/repetition_2
12,1108,variable_encoder_2_4/repetition_2,a665630867144200adb56738eed146da,variable_encoder_2_4,2,0,53,4,win,fixed_2p/repetition_2
12,1108,fixed_2p/repetition_2,b0d7518c589645cfbc7e31484f382490,fixed_2p,2,1,51,1,loss,variable_encoder_2_4/repetition_2
12,1109,fixed_2p/repetition_2,b0d7518c589645cfbc7e31484f382490,fixed_2p,2,0,50,1,loss,variable_encoder_2_4/repetition_2
12,1109,variable_encoder_2_4/repetition_2,a665630867144200adb56738eed146da,variable_encoder_2_4,2,1,52,4,win,fixed_2p/repetition_2
12,1110,fixed_2p/repetition_2,b0d7518c589645cfbc7e31484f382490,fixed_2p,2,0,55,1,loss,variable_encoder_2_4/repetition_2
12,1110,variable_encoder_2_4/repetition_2,a665630867144200adb56738eed146da,variable_encoder_2_4,2,1,62,4,win,fixed_2p/repetition_2
12,1111,variable_encoder_2_4/repetition_2,a665630867144200adb56738eed146da,variable_encoder_2_4,2,0,67,1,win,fixed_2p/repetition_2
12,1111,fixed_2p/repetition_2,b0d7518c589645cfbc7e31484f382490,fixed_2p,2,1,56,3,loss,variable_encoder_2_4/repetition_2
12,1112,fixed_2p/repetition_2,b0d7518c589645cfbc7e31484f382490,fixed_2p,2,0,63,2,win,variable_encoder_2_4/repetition_2
12,1112,variable_encoder_2_4/repetition_2,a665630867144200adb56738eed146da,variable_encoder_2_4,2,1,58,3,loss,fixed_2p/repetition_2
12,1113,variable_encoder_2_4/repetition_2,a665630867144200adb56738eed146da,variable_encoder_2_4,2,0,71,3,win,fixed_2p/repetition_2
12,1113,fixed_2p/repetition_2,b0d7518c589645cfbc7e31484f382490,fixed_2p,2,1,46,2,loss,variable_encoder_2_4/repetition_2
12,1114,fixed_2p/repetition_2,b0d7518c589645cfbc7e31484f382490,fixed_2p,2,0,51,2,win,variable_encoder_2_4/repetition_2
12,1114,variable_encoder_2_4/repetition_2,a665630867144200adb56738eed146da,variable_encoder_2_4,2,1,51,1,loss,fixed_2p/repetition_2
12,1115,fixed_2p/repetition_2,b0d7518c589645cfbc7e31484f382490,fixed_2p,2,0,43,4,loss,variable_encoder_2_4/repetition_2
12,1115,variable_encoder_2_4/repetition_2,a665630867144200adb56738eed146da,variable_encoder_2_4,2,1,68,2,win,fixed_2p/repetition_2
12,1116,variable_encoder_2_4/repetition_2,a665630867144200adb56738eed146da,variable_encoder_2_4,2,0,76,2,win,fixed_2p/repetition_2
12,1116,fixed_2p/repetition_2,b0d7518c589645cfbc7e31484f382490,fixed_2p,2,1,57,2,loss,variable_encoder_2_4/repetition_2
12,1117,variable_encoder_2_4/repetition_2,a665630867144200adb56738eed146da,variable_encoder_2_4,2,0,67,5,win,fixed_2p/repetition_2
12,1117,fixed_2p/repetition_2,b0d7518c589645cfbc7e31484f382490,fixed_2p,2,1,50,2,loss,variable_encoder_2_4/repetition_2
12,1118,variable_encoder_2_4/repetition_2,a665630867144200adb56738eed146da,variable_encoder_2_4,2,0,53,2,loss,fixed_2p/repetition_2
12,1118,fixed_2p/repetition_2,b0d7518c589645cfbc7e31484f382490,fixed_2p,2,1,58,2,win,variable_encoder_2_4/repetition_2
12,1119,fixed_2p/repetition_2,b0d7518c589645cfbc7e31484f382490,fixed_2p,2,0,59,1,loss,variable_encoder_2_4/repetition_2
12,1119,variable_encoder_2_4/repetition_2,a665630867144200adb56738eed146da,variable_encoder_2_4,2,1,66,3,win,fixed_2p/repetition_2
12,1120,fixed_2p/repetition_2,b0d7518c589645cfbc7e31484f382490,fixed_2p,2,0,47,3,loss,variable_encoder_2_4/repetition_2
12,1120,variable_encoder_2_4/repetition_2,a665630867144200adb56738eed146da,variable_encoder_2_4,2,1,59,5,win,fixed_2p/repetition_2
12,1121,fixed_2p/repetition_2,b0d7518c589645cfbc7e31484f382490,fixed_2p,2,0,54,1,loss,variable_encoder_2_4/repetition_2
12,1121,variable_encoder_2_4/repetition_2,a665630867144200adb56738eed146da,variable_encoder_2_4,2,1,57,6,win,fixed_2p/repetition_2
12,1122,fixed_2p/repetition_2,b0d7518c589645cfbc7e31484f382490,fixed_2p,2,0,66,1,loss,variable_encoder_2_4/repetition_2
12,1122,variable_encoder_2_4/repetition_2,a665630867144200adb56738eed146da,variable_encoder_2_4,2,1,66,3,win,fixed_2p/repetition_2
12,1123,variable_encoder_2_4/repetition_2,a665630867144200adb56738eed146da,variable_encoder_2_4,2,0,64,5,win,fixed_2p/repetition_2
12,1123,fixed_2p/repetition_2,b0d7518c589645cfbc7e31484f382490,fixed_2p,2,1,54,2,loss,variable_encoder_2_4/repetition_2
12,1124,fixed_2p/repetition_2,b0d7518c589645cfbc7e31484f382490,fixed_2p,2,0,55,3,loss,variable_encoder_2_4/repetition_2
12,1124,variable_encoder_2_4/repetition_2,a665630867144200adb56738eed146da,variable_encoder_2_4,2,1,58,3,win,fixed_2p/repetition_2
12,1125,variable_encoder_2_4/repetition_2,a665630867144200adb56738eed146da,variable_encoder_2_4,2,0,65,2,win,fixed_2p/repetition_2
12,1125,fixed_2p/repetition_2,b0d7518c589645cfbc7e31484f382490,fixed_2p,2,1,59,0,loss,variable_encoder_2_4/repetition_2
12,1126,fixed_2p/repetition_2,b0d7518c589645cfbc7e31484f382490,fixed_2p,2,0,53,4,loss,variable_encoder_2_4/repetition_2
12,1126,variable_encoder_2_4/repetition_2,a665630867144200adb56738eed146da,variable_encoder_2_4,2,1,60,3,win,fixed_2p/repetition_2
12,1127,fixed_2p/repetition_2,b0d7518c589645cfbc7e31484f382490,fixed_2p,2,0,48,2,loss,variable_encoder_2_4/repetition_2
12,1127,variable_encoder_2_4/repetition_2,a665630867144200adb56738eed146da,variable_encoder_2_4,2,1,53,6,win,fixed_2p/repetition_2
12,1128,fixed_2p/repetition_2,b0d7518c589645cfbc7e31484f382490,fixed_2p,2,0,37,2,loss,variable_encoder_2_4/repetition_2
12,1128,variable_encoder_2_4/repetition_2,a665630867144200adb56738eed146da,variable_encoder_2_4,2,1,57,4,win,fixed_2p/repetition_2
12,1129,variable_encoder_2_4/repetition_2,a665630867144200adb56738eed146da,variable_encoder_2_4,2,0,59,5,loss,fixed_2p/repetition_2
12,1129,fixed_2p/repetition_2,b0d7518c589645cfbc7e31484f382490,fixed_2p,2,1,65,0,win,variable_encoder_2_4/repetition_2
12,1130,fixed_2p/repetition_2,b0d7518c589645cfbc7e31484f382490,fixed_2p,2,0,68,1,loss,variable_encoder_2_4/repetition_2
12,1130,variable_encoder_2_4/repetition_2,a665630867144200adb56738eed146da,variable_encoder_2_4,2,1,69,4,win,fixed_2p/repetition_2
12,1131,variable_encoder_2_4/repetition_2,a665630867144200adb56738eed146da,variable_encoder_2_4,2,0,61,3,win,fixed_2p/repetition_2
12,1131,fixed_2p/repetition_2,b0d7518c589645cfbc7e31484f382490,fixed_2p,2,1,50,2,loss,variable_encoder_2_4/repetition_2
12,1132,variable_encoder_2_4/repetition_2,a665630867144200adb56738eed146da,variable_encoder_2_4,2,0,51,5,loss,fixed_2p/repetition_2
12,1132,fixed_2p/repetition_2,b0d7518c589645cfbc7e31484f382490,fixed_2p,2,1,53,2,win,variable_encoder_2_4/repetition_2
12,1133,variable_encoder_2_4/repetition_2,a665630867144200adb56738eed146da,variable_encoder_2_4,2,0,51,4,loss,fixed_2p/repetition_2
12,1133,fixed_2p/repetition_2,b0d7518c589645cfbc7e31484f382490,fixed_2p,2,1,56,0,win,variable_encoder_2_4/repetition_2
12,1134,variable_encoder_2_4/repetition_2,a665630867144200adb56738eed146da,variable_encoder_2_4,2,0,52,5,loss,fixed_2p/repetition_2
12,1134,fixed_2p/repetition_2,b0d7518c589645cfbc7e31484f382490,fixed_2p,2,1,67,0,win,variable_encoder_2_4/repetition_2
12,1135,fixed_2p/repetition_2,b0d7518c589645cfbc7e31484f382490,fixed_2p,2,0,58,1,loss,variable_encoder_2_4/repetition_2
12,1135,variable_encoder_2_4/repetition_2,a665630867144200adb56738eed146da,variable_encoder_2_4,2,1,58,2,win,fixed_2p/repetition_2
12,1136,fixed_2p/repetition_2,b0d7518c589645cfbc7e31484f382490,fixed_2p,2,0,60,1,loss,variable_encoder_2_4/repetition_2
12,1136,variable_encoder_2_4/repetition_2,a665630867144200adb56738eed146da,variable_encoder_2_4,2,1,65,3,win,fixed_2p/repetition_2
12,1137,fixed_2p/repetition_2,b0d7518c589645cfbc7e31484f382490,fixed_2p,2,0,51,1,loss,variable_encoder_2_4/repetition_2
12,1137,variable_encoder_2_4/repetition_2,a665630867144200adb56738eed146da,variable_encoder_2_4,2,1,66,2,win,fixed_2p/repetition_2
12,1138,variable_encoder_2_4/repetition_2,a665630867144200adb56738eed146da,variable_encoder_2_4,2,0,46,4,win,fixed_2p/repetition_2
12,1138,fixed_2p/repetition_2,b0d7518c589645cfbc7e31484f382490,fixed_2p,2,1,44,3,loss,variable_encoder_2_4/repetition_2
12,1139,variable_encoder_2_4/repetition_2,a665630867144200adb56738eed146da,variable_encoder_2_4,2,0,50,3,loss,fixed_2p/repetition_2
12,1139,fixed_2p/repetition_2,b0d7518c589645cfbc7e31484f382490,fixed_2p,2,1,51,4,win,variable_encoder_2_4/repetition_2
12,1140,fixed_2p/repetition_2,b0d7518c589645cfbc7e31484f382490,fixed_2p,2,0,55,3,loss,variable_encoder_2_4/repetition_2
12,1140,variable_encoder_2_4/repetition_2,a665630867144200adb56738eed146da,variable_encoder_2_4,2,1,60,5,win,fixed_2p/repetition_2
12,1141,fixed_2p/repetition_2,b0d7518c589645cfbc7e31484f382490,fixed_2p,2,0,48,2,loss,variable_encoder_2_4/repetition_2
12,1141,variable_encoder_2_4/repetition_2,a665630867144200adb56738eed146da,variable_encoder_2_4,2,1,61,3,win,fixed_2p/repetition_2
12,1142,variable_encoder_2_4/repetition_2,a665630867144200adb56738eed146da,variable_encoder_2_4,2,0,57,5,loss,fixed_2p/repetition_2
12,1142,fixed_2p/repetition_2,b0d7518c589645cfbc7e31484f382490,fixed_2p,2,1,61,1,win,variable_encoder_2_4/repetition_2
12,1143,fixed_2p/repetition_2,b0d7518c589645cfbc7e31484f382490,fixed_2p,2,0,59,2,loss,variable_encoder_2_4/repetition_2
12,1143,variable_encoder_2_4/repetition_2,a665630867144200adb56738eed146da,variable_encoder_2_4,2,1,59,3,win,fixed_2p/repetition_2
12,1144,fixed_2p/repetition_2,b0d7518c589645cfbc7e31484f382490,fixed_2p,2,0,64,2,win,variable_encoder_2_4/repetition_2
12,1144,variable_encoder_2_4/repetition_2,a665630867144200adb56738eed146da,variable_encoder_2_4,2,1,57,4,loss,fixed_2p/repetition_2
12,1145,variable_encoder_2_4/repetition_2,a665630867144200adb56738eed146da,variable_encoder_2_4,2,0,55,6,win,fixed_2p/repetition_2
12,1145,fixed_2p/repetition_2,b0d7518c589645cfbc7e31484f382490,fixed_2p,2,1,52,2,loss,variable_encoder_2_4/repetition_2
12,1146,variable_encoder_2_4/repetition_2,a665630867144200adb56738eed146da,variable_encoder_2_4,2,0,59,2,loss,fixed_2p/repetition_2
12,1146,fixed_2p/repetition_2,b0d7518c589645cfbc7e31484f382490,fixed_2p,2,1,60,2,win,variable_encoder_2_4/repetition_2
12,1147,fixed_2p/repetition_2,b0d7518c589645cfbc7e31484f382490,fixed_2p,2,0,51,2,loss,variable_encoder_2_4/repetition_2
12,1147,variable_encoder_2_4/repetition_2,a665630867144200adb56738eed146da,variable_encoder_2_4,2,1,64,3,win,fixed_2p/repetition_2
12,1148,fixed_2p/repetition_2,b0d7518c589645cfbc7e31484f382490,fixed_2p,2,0,57,1,win,variable_encoder_2_4/repetition_2
12,1148,variable_encoder_2_4/repetition_2,a665630867144200adb56738eed146da,variable_encoder_2_4,2,1,51,5,loss,fixed_2p/repetition_2
12,1149,variable_encoder_2_4/repetition_2,a665630867144200adb56738eed146da,variable_encoder_2_4,2,0,59,4,win,fixed_2p/repetition_2
12,1149,fixed_2p/repetition_2,b0d7518c589645cfbc7e31484f382490,fixed_2p,2,1,50,2,loss,variable_encoder_2_4/repetition_2
12,1150,fixed_2p/repetition_2,b0d7518c589645cfbc7e31484f382490,fixed_2p,2,0,54,0,win,variable_encoder_2_4/repetition_2
12,1150,variable_encoder_2_4/repetition_2,a665630867144200adb56738eed146da,variable_encoder_2_4,2,1,51,5,loss,fixed_2p/repetition_2
12,1151,fixed_2p/repetition_2,b0d7518c589645cfbc7e31484f382490,fixed_2p,2,0,43,2,loss,variable_encoder_2_4/repetition_2
12,1151,variable_encoder_2_4/repetition_2,a665630867144200adb56738eed146da,variable_encoder_2_4,2,1,48,4,win,fixed_2p/repetition_2
12,1152,fixed_2p/repetition_2,b0d7518c589645cfbc7e31484f382490,fixed_2p,2,0,50,5,win,variable_encoder_2_4/repetition_2
12,1152,variable_encoder_2_4/repetition_2,a665630867144200adb56738eed146da,variable_encoder_2_4,2,1,44,4,loss,fixed_2p/repetition_2
12,1153,fixed_2p/repetition_2,b0d7518c589645cfbc7e31484f382490,fixed_2p,2,0,45,2,loss,variable_encoder_2_4/repetition_2
12,1153,variable_encoder_2_4/repetition_2,a665630867144200adb56738eed146da,variable_encoder_2_4,2,1,56,6,win,fixed_2p/repetition_2
12,1154,fixed_2p/repetition_2,b0d7518c589645cfbc7e31484f382490,fixed_2p,2,0,52,1,loss,variable_encoder_2_4/repetition_2
12,1154,variable_encoder_2_4/repetition_2,a665630867144200adb56738eed146da,variable_encoder_2_4,2,1,64,4,win,fixed_2p/repetition_2
12,1155,fixed_2p/repetition_2,b0d7518c589645cfbc7e31484f382490,fixed_2p,2,0,53,1,loss,variable_encoder_2_4/repetition_2
12,1155,variable_encoder_2_4/repetition_2,a665630867144200adb56738eed146da,variable_encoder_2_4,2,1,63,4,win,fixed_2p/repetition_2
12,1156,variable_encoder_2_4/repetition_2,a665630867144200adb56738eed146da,variable_encoder_2_4,2,0,55,4,win,fixed_2p/repetition_2
12,1156,fixed_2p/repetition_2,b0d7518c589645cfbc7e31484f382490,fixed_2p,2,1,47,2,loss,variable_encoder_2_4/repetition_2
12,1157,variable_encoder_2_4/repetition_2,a665630867144200adb56738eed146da,variable_encoder_2_4,2,0,61,2,win,fixed_2p/repetition_2
12,1157,fixed_2p/repetition_2,b0d7518c589645cfbc7e31484f382490,fixed_2p,2,1,52,5,loss,variable_encoder_2_4/repetition_2
12,1158,fixed_2p/repetition_2,b0d7518c589645cfbc7e31484f382490,fixed_2p,2,0,52,1,loss,variable_encoder_2_4/repetition_2
12,1158,variable_encoder_2_4/repetition_2,a665630867144200adb56738eed146da,variable_encoder_2_4,2,1,63,2,win,fixed_2p/repetition_2
12,1159,fixed_2p/repetition_2,b0d7518c589645cfbc7e31484f382490,fixed_2p,2,0,54,0,loss,variable_encoder_2_4/repetition_2
12,1159,variable_encoder_2_4/repetition_2,a665630867144200adb56738eed146da,variable_encoder_2_4,2,1,61,3,win,fixed_2p/repetition_2
12,1160,fixed_2p/repetition_2,b0d7518c589645cfbc7e31484f382490,fixed_2p,2,0,51,2,win,variable_encoder_2_4/repetition_2
12,1160,variable_encoder_2_4/repetition_2,a665630867144200adb56738eed146da,variable_encoder_2_4,2,1,50,2,loss,fixed_2p/repetition_2
12,1161,variable_encoder_2_4/repetition_2,a665630867144200adb56738eed146da,variable_encoder_2_4,2,0,62,4,loss,fixed_2p/repetition_2
12,1161,fixed_2p/repetition_2,b0d7518c589645cfbc7e31484f382490,fixed_2p,2,1,65,0,win,variable_encoder_2_4/repetition_2
12,1162,variable_encoder_2_4/repetition_2,a665630867144200adb56738eed146da,variable_encoder_2_4,2,0,58,1,win,fixed_2p/repetition_2
12,1162,fixed_2p/repetition_2,b0d7518c589645cfbc7e31484f382490,fixed_2p,2,1,53,4,loss,variable_encoder_2_4/repetition_2
12,1163,variable_encoder_2_4/repetition_2,a665630867144200adb56738eed146da,variable_encoder_2_4,2,0,57,3,win,fixed_2p/repetition_2
12,1163,fixed_2p/repetition_2,b0d7518c589645cfbc7e31484f382490,fixed_2p,2,1,45,3,loss,variable_encoder_2_4/repetition_2
12,1164,variable_encoder_2_4/repetition_2,a665630867144200adb56738eed146da,variable_encoder_2_4,2,0,61,3,win,fixed_2p/repetition_2
12,1164,fixed_2p/repetition_2,b0d7518c589645cfbc7e31484f382490,fixed_2p,2,1,55,1,loss,variable_encoder_2_4/repetition_2
12,1165,variable_encoder_2_4/repetition_2,a665630867144200adb56738eed146da,variable_encoder_2_4,2,0,60,4,win,fixed_2p/repetition_2
12,1165,fixed_2p/repetition_2,b0d7518c589645cfbc7e31484f382490,fixed_2p,2,1,54,1,loss,variable_encoder_2_4/repetition_2
12,1166,variable_encoder_2_4/repetition_2,a665630867144200adb56738eed146da,variable_encoder_2_4,2,0,55,4,win,fixed_2p/repetition_2
12,1166,fixed_2p/repetition_2,b0d7518c589645cfbc7e31484f382490,fixed_2p,2,1,55,0,loss,variable_encoder_2_4/repetition_2
12,1167,fixed_2p/repetition_2,b0d7518c589645cfbc7e31484f382490,fixed_2p,2,0,50,4,loss,variable_encoder_2_4/repetition_2
12,1167,variable_encoder_2_4/repetition_2,a665630867144200adb56738eed146da,variable_encoder_2_4,2,1,54,6,win,fixed_2p/repetition_2
12,1168,variable_encoder_2_4/repetition_2,a665630867144200adb56738eed146da,variable_encoder_2_4,2,0,57,3,win,fixed_2p/repetition_2
12,1168,fixed_2p/repetition_2,b0d7518c589645cfbc7e31484f382490,fixed_2p,2,1,53,4,loss,variable_encoder_2_4/repetition_2
12,1169,fixed_2p/repetition_2,b0d7518c589645cfbc7e31484f382490,fixed_2p,2,0,46,4,loss,variable_encoder_2_4/repetition_2
12,1169,variable_encoder_2_4/repetition_2,a665630867144200adb56738eed146da,variable_encoder_2_4,2,1,49,3,win,fixed_2p/repetition_2
12,1170,fixed_2p/repetition_2,b0d7518c589645cfbc7e31484f382490,fixed_2p,2,0,54,1,loss,variable_encoder_2_4/repetition_2
12,1170,variable_encoder_2_4/repetition_2,a665630867144200adb56738eed146da,variable_encoder_2_4,2,1,66,1,win,fixed_2p/repetition_2
12,1171,variable_encoder_2_4/repetition_2,a665630867144200adb56738eed146da,variable_encoder_2_4,2,0,55,2,win,fixed_2p/repetition_2
12,1171,fixed_2p/repetition_2,b0d7518c589645cfbc7e31484f382490,fixed_2p,2,1,50,2,loss,variable_encoder_2_4/repetition_2
12,1172,variable_encoder_2_4/repetition_2,a665630867144200adb56738eed146da,variable_encoder_2_4,2,0,59,5,loss,fixed_2p/repetition_2
12,1172,fixed_2p/repetition_2,b0d7518c589645cfbc7e31484f382490,fixed_2p,2,1,60,1,win,variable_encoder_2_4/repetition_2
12,1173,fixed_2p/repetition_2,b0d7518c589645cfbc7e31484f382490,fixed_2p,2,0,48,2,loss,variable_encoder_2_4/repetition_2
12,1173,variable_encoder_2_4/repetition_2,a665630867144200adb56738eed146da,variable_encoder_2_4,2,1,60,3,win,fixed_2p/repetition_2
12,1174,variable_encoder_2_4/repetition_2,a665630867144200adb56738eed146da,variable_encoder_2_4,2,0,52,1,loss,fixed_2p/repetition_2
12,1174,fixed_2p/repetition_2,b0d7518c589645cfbc7e31484f382490,fixed_2p,2,1,55,2,win,variable_encoder_2_4/repetition_2
12,1175,fixed_2p/repetition_2,b0d7518c589645cfbc7e31484f382490,fixed_2p,2,0,41,2,loss,variable_encoder_2_4/repetition_2
12,1175,variable_encoder_2_4/repetition_2,a665630867144200adb56738eed146da,variable_encoder_2_4,2,1,58,3,win,fixed_2p/repetition_2
12,1176,variable_encoder_2_4/repetition_2,a665630867144200adb56738eed146da,variable_encoder_2_4,2,0,70,3,win,fixed_2p/repetition_2
12,1176,fixed_2p/repetition_2,b0d7518c589645cfbc7e31484f382490,fixed_2p,2,1,54,0,loss,variable_encoder_2_4/repetition_2
12,1177,variable_encoder_2_4/repetition_2,a665630867144200adb56738eed146da,variable_encoder_2_4,2,0,44,3,loss,fixed_2p/repetition_2
12,1177,fixed_2p/repetition_2,b0d7518c589645cfbc7e31484f382490,fixed_2p,2,1,56,4,win,variable_encoder_2_4/repetition_2
12,1178,variable_encoder_2_4/repetition_2,a665630867144200adb56738eed146da,variable_encoder_2_4,2,0,60,3,win,fixed_2p/repetition_2
12,1178,fixed_2p/repetition_2,b0d7518c589645cfbc7e31484f382490,fixed_2p,2,1,57,0,loss,variable_encoder_2_4/repetition_2
12,1179,variable_encoder_2_4/repetition_2,a665630867144200adb56738eed146da,variable_encoder_2_4,2,0,56,3,loss,fixed_2p/repetition_2
12,1179,fixed_2p/repetition_2,b0d7518c589645cfbc7e31484f382490,fixed_2p,2,1,60,1,win,variable_encoder_2_4/repetition_2
12,1180,variable_encoder_2_4/repetition_2,a665630867144200adb56738eed146da,variable_encoder_2_4,2,0,44,6,loss,fixed_2p/repetition_2
12,1180,fixed_2p/repetition_2,b0d7518c589645cfbc7e31484f382490,fixed_2p,2,1,60,0,win,variable_encoder_2_4/repetition_2
12,1181,variable_encoder_2_4/repetition_2,a665630867144200adb56738eed146da,variable_encoder_2_4,2,0,51,6,win,fixed_2p/repetition_2
12,1181,fixed_2p/repetition_2,b0d7518c589645cfbc7e31484f382490,fixed_2p,2,1,48,0,loss,variable_encoder_2_4/repetition_2
12,1182,fixed_2p/repetition_2,b0d7518c589645cfbc7e31484f382490,fixed_2p,2,0,60,3,loss,variable_encoder_2_4/repetition_2
12,1182,variable_encoder_2_4/repetition_2,a665630867144200adb56738eed146da,variable_encoder_2_4,2,1,72,3,win,fixed_2p/repetition_2
12,1183,fixed_2p/repetition_2,b0d7518c589645cfbc7e31484f382490,fixed_2p,2,0,60,1,loss,variable_encoder_2_4/repetition_2
12,1183,variable_encoder_2_4/repetition_2,a665630867144200adb56738eed146da,variable_encoder_2_4,2,1,65,4,win,fixed_2p/repetition_2
12,1184,fixed_2p/repetition_2,b0d7518c589645cfbc7e31484f382490,fixed_2p,2,0,52,2,loss,variable_encoder_2_4/repetition_2
12,1184,variable_encoder_2_4/repetition_2,a665630867144200adb56738eed146da,variable_encoder_2_4,2,1,65,2,win,fixed_2p/repetition_2
12,1185,variable_encoder_2_4/repetition_2,a665630867144200adb56738eed146da,variable_encoder_2_4,2,0,55,3,loss,fixed_2p/repetition_2
12,1185,fixed_2p/repetition_2,b0d7518c589645cfbc7e31484f382490,fixed_2p,2,1,55,4,win,variable_encoder_2_4/repetition_2
12,1186,fixed_2p/repetition_2,b0d7518c589645cfbc7e31484f382490,fixed_2p,2,0,57,3,loss,variable_encoder_2_4/repetition_2
12,1186,variable_encoder_2_4/repetition_2,a665630867144200adb56738eed146da,variable_encoder_2_4,2,1,62,3,win,fixed_2p/repetition_2
12,1187,variable_encoder_2_4/repetition_2,a665630867144200adb56738eed146da,variable_encoder_2_4,2,0,46,2,loss,fixed_2p/repetition_2
12,1187,fixed_2p/repetition_2,b0d7518c589645cfbc7e31484f382490,fixed_2p,2,1,64,3,win,variable_encoder_2_4/repetition_2
12,1188,fixed_2p/repetition_2,b0d7518c589645cfbc7e31484f382490,fixed_2p,2,0,58,3,loss,variable_encoder_2_4/repetition_2
12,1188,variable_encoder_2_4/repetition_2,a665630867144200adb56738eed146da,variable_encoder_2_4,2,1,64,3,win,fixed_2p/repetition_2
12,1189,fixed_2p/repetition_2,b0d7518c589645cfbc7e31484f382490,fixed_2p,2,0,55,1,loss,variable_encoder_2_4/repetition_2
12,1189,variable_encoder_2_4/repetition_2,a665630867144200adb56738eed146da,variable_encoder_2_4,2,1,56,5,win,fixed_2p/repetition_2
12,1190,variable_encoder_2_4/repetition_2,a665630867144200adb56738eed146da,variable_encoder_2_4,2,0,54,5,tie,fixed_2p/repetition_2
12,1190,fixed_2p/repetition_2,b0d7518c589645cfbc7e31484f382490,fixed_2p,2,1,54,5,tie,variable_encoder_2_4/repetition_2
12,1191,variable_encoder_2_4/repetition_2,a665630867144200adb56738eed146da,variable_encoder_2_4,2,0,54,7,loss,fixed_2p/repetition_2
12,1191,fixed_2p/repetition_2,b0d7518c589645cfbc7e31484f382490,fixed_2p,2,1,58,0,win,variable_encoder_2_4/repetition_2
12,1192,fixed_2p/repetition_2,b0d7518c589645cfbc7e31484f382490,fixed_2p,2,0,59,0,loss,variable_encoder_2_4/repetition_2
12,1192,variable_encoder_2_4/repetition_2,a665630867144200adb56738eed146da,variable_encoder_2_4,2,1,62,2,win,fixed_2p/repetition_2
12,1193,variable_encoder_2_4/repetition_2,a665630867144200adb56738eed146da,variable_encoder_2_4,2,0,61,5,win,fixed_2p/repetition_2
12,1193,fixed_2p/repetition_2,b0d7518c589645cfbc7e31484f382490,fixed_2p,2,1,46,2,loss,variable_encoder_2_4/repetition_2
12,1194,fixed_2p/repetition_2,b0d7518c589645cfbc7e31484f382490,fixed_2p,2,0,47,2,loss,variable_encoder_2_4/repetition_2
12,1194,variable_encoder_2_4/repetition_2,a665630867144200adb56738eed146da,variable_encoder_2_4,2,1,54,3,win,fixed_2p/repetition_2
12,1195,fixed_2p/repetition_2,b0d7518c589645cfbc7e31484f382490,fixed_2p,2,0,51,4,loss,variable_encoder_2_4/repetition_2
12,1195,variable_encoder_2_4/repetition_2,a665630867144200adb56738eed146da,variable_encoder_2_4,2,1,57,3,win,fixed_2p/repetition_2
12,1196,variable_encoder_2_4/repetition_2,a665630867144200adb56738eed146da,variable_encoder_2_4,2,0,64,6,win,fixed_2p/repetition_2
12,1196,fixed_2p/repetition_2,b0d7518c589645cfbc7e31484f382490,fixed_2p,2,1,63,3,loss,variable_encoder_2_4/repetition_2
12,1197,variable_encoder_2_4/repetition_2,a665630867144200adb56738eed146da,variable_encoder_2_4,2,0,58,5,loss,fixed_2p/repetition_2
12,1197,fixed_2p/repetition_2,b0d7518c589645cfbc7e31484f382490,fixed_2p,2,1,61,2,win,variable_encoder_2_4/repetition_2
12,1198,fixed_2p/repetition_2,b0d7518c589645cfbc7e31484f382490,fixed_2p,2,0,50,0,loss,variable_encoder_2_4/repetition_2
12,1198,variable_encoder_2_4/repetition_2,a665630867144200adb56738eed146da,variable_encoder_2_4,2,1,62,3,win,fixed_2p/repetition_2
12,1199,variable_encoder_2_4/repetition_2,a665630867144200adb56738eed146da,variable_encoder_2_4,2,0,64,3,win,fixed_2p/repetition_2
12,1199,fixed_2p/repetition_2,b0d7518c589645cfbc7e31484f382490,fixed_2p,2,1,61,3,loss,variable_encoder_2_4/repetition_2
12,1200,fixed_2p/repetition_2,b0d7518c589645cfbc7e31484f382490,fixed_2p,2,0,52,1,win,variable_encoder_2_4/repetition_2
12,1200,variable_encoder_2_4/repetition_2,a665630867144200adb56738eed146da,variable_encoder_2_4,2,1,49,2,loss,fixed_2p/repetition_2
13,1201,fixed_2p/repetition_2,b0d7518c589645cfbc7e31484f382490,fixed_2p,2,0,57,1,win,variable_encoder_2_4/repetition_3
13,1201,variable_encoder_2_4/repetition_3,ff7c9e64890348edad17616988967f76,variable_encoder_2_4,3,1,47,5,loss,fixed_2p/repetition_2
13,1202,fixed_2p/repetition_2,b0d7518c589645cfbc7e31484f382490,fixed_2p,2,0,63,1,win,variable_encoder_2_4/repetition_3
13,1202,variable_encoder_2_4/repetition_3,ff7c9e64890348edad17616988967f76,variable_encoder_2_4,3,1,61,3,loss,fixed_2p/repetition_2
13,1203,fixed_2p/repetition_2,b0d7518c589645cfbc7e31484f382490,fixed_2p,2,0,58,3,win,variable_encoder_2_4/repetition_3
13,1203,variable_encoder_2_4/repetition_3,ff7c9e64890348edad17616988967f76,variable_encoder_2_4,3,1,55,2,loss,fixed_2p/repetition_2
13,1204,variable_encoder_2_4/repetition_3,ff7c9e64890348edad17616988967f76,variable_encoder_2_4,3,0,50,6,loss,fixed_2p/repetition_2
13,1204,fixed_2p/repetition_2,b0d7518c589645cfbc7e31484f382490,fixed_2p,2,1,65,1,win,variable_encoder_2_4/repetition_3
13,1205,variable_encoder_2_4/repetition_3,ff7c9e64890348edad17616988967f76,variable_encoder_2_4,3,0,60,2,loss,fixed_2p/repetition_2
13,1205,fixed_2p/repetition_2,b0d7518c589645cfbc7e31484f382490,fixed_2p,2,1,66,0,win,variable_encoder_2_4/repetition_3
13,1206,fixed_2p/repetition_2,b0d7518c589645cfbc7e31484f382490,fixed_2p,2,0,59,2,loss,variable_encoder_2_4/repetition_3
13,1206,variable_encoder_2_4/repetition_3,ff7c9e64890348edad17616988967f76,variable_encoder_2_4,3,1,65,4,win,fixed_2p/repetition_2
13,1207,fixed_2p/repetition_2,b0d7518c589645cfbc7e31484f382490,fixed_2p,2,0,63,2,win,variable_encoder_2_4/repetition_3
13,1207,variable_encoder_2_4/repetition_3,ff7c9e64890348edad17616988967f76,variable_encoder_2_4,3,1,55,5,loss,fixed_2p/repetition_2
13,1208,variable_encoder_2_4/repetition_3,ff7c9e64890348edad17616988967f76,variable_encoder_2_4,3,0,57,1,loss,fixed_2p/repetition_2
13,1208,fixed_2p/repetition_2,b0d7518c589645cfbc7e31484f382490,fixed_2p,2,1,59,2,win,variable_encoder_2_4/repetition_3
13,1209,variable_encoder_2_4/repetition_3,ff7c9e64890348edad17616988967f76,variable_encoder_2_4,3,0,52,5,win,fixed_2p/repetition_2
13,1209,fixed_2p/repetition_2,b0d7518c589645cfbc7e31484f382490,fixed_2p,2,1,43,2,loss,variable_encoder_2_4/repetition_3
13,1210,fixed_2p/repetition_2,b0d7518c589645cfbc7e31484f382490,fixed_2p,2,0,45,2,loss,variable_encoder_2_4/repetition_3
13,1210,variable_encoder_2_4/repetition_3,ff7c9e64890348edad17616988967f76,variable_encoder_2_4,3,1,55,4,win,fixed_2p/repetition_2
13,1211,variable_encoder_2_4/repetition_3,ff7c9e64890348edad17616988967f76,variable_encoder_2_4,3,0,60,4,win,fixed_2p/repetition_2
13,1211,fixed_2p/repetition_2,b0d7518c589645cfbc7e31484f382490,fixed_2p,2,1,44,3,loss,variable_encoder_2_4/repetition_3
13,1212,fixed_2p/repetition_2,b0d7518c589645cfbc7e31484f382490,fixed_2p,2,0,58,2,loss,variable_encoder_2_4/repetition_3
13,1212,variable_encoder_2_4/repetition_3,ff7c9e64890348edad17616988967f76,variable_encoder_2_4,3,1,63,1,win,fixed_2p/repetition_2
13,1213,fixed_2p/repetition_2,b0d7518c589645cfbc7e31484f382490,fixed_2p,2,0,62,2,win,variable_encoder_2_4/repetition_3
13,1213,variable_encoder_2_4/repetition_3,ff7c9e64890348edad17616988967f76,variable_encoder_2_4,3,1,55,5,loss,fixed_2p/repetition_2
13,1214,fixed_2p/repetition_2,b0d7518c589645cfbc7e31484f382490,fixed_2p,2,0,50,1,loss,variable_encoder_2_4/repetition_3
13,1214,variable_encoder_2_4/repetition_3,ff7c9e64890348edad17616988967f76,variable_encoder_2_4,3,1,56,5,win,fixed_2p/repetition_2
13,1215,fixed_2p/repetition_2,b0d7518c589645cfbc7e31484f382490,fixed_2p,2,0,43,2,loss,variable_encoder_2_4/repetition_3
13,1215,variable_encoder_2_4/repetition_3,ff7c9e64890348edad17616988967f76,variable_encoder_2_4,3,1,57,4,win,fixed_2p/repetition_2
13,1216,fixed_2p/repetition_2,b0d7518c589645cfbc7e31484f382490,fixed_2p,2,0,41,3,loss,variable_encoder_2_4/repetition_3
13,1216,variable_encoder_2_4/repetition_3,ff7c9e64890348edad17616988967f76,variable_encoder_2_4,3,1,54,4,win,fixed_2p/repetition_2
13,1217,variable_encoder_2_4/repetition_3,ff7c9e64890348edad17616988967f76,variable_encoder_2_4,3,0,52,5,loss,fixed_2p/repetition_2
13,1217,fixed_2p/repetition_2,b0d7518c589645cfbc7e31484f382490,fixed_2p,2,1,54,2,win,variable_encoder_2_4/repetition_3
13,1218,fixed_2p/repetition_2,b0d7518c589645cfbc7e31484f382490,fixed_2p,2,0,48,3,loss,variable_encoder_2_4/repetition_3
13,1218,variable_encoder_2_4/repetition_3,ff7c9e64890348edad17616988967f76,variable_encoder_2_4,3,1,57,3,win,fixed_2p/repetition_2
13,1219,variable_encoder_2_4/repetition_3,ff7c9e64890348edad17616988967f76,variable_encoder_2_4,3,0,74,4,win,fixed_2p/repetition_2
13,1219,fixed_2p/repetition_2,b0d7518c589645cfbc7e31484f382490,fixed_2p,2,1,65,2,loss,variable_encoder_2_4/repetition_3
13,1220,fixed_2p/repetition_2,b0d7518c589645cfbc7e31484f382490,fixed_2p,2,0,63,1,loss,variable_encoder_2_4/repetition_3
13,1220,variable_encoder_2_4/repetition_3,ff7c9e64890348edad17616988967f76,variable_encoder_2_4,3,1,66,2,win,fixed_2p/repetition_2
13,1221,variable_encoder_2_4/repetition_3,ff7c9e64890348edad17616988967f76,variable_encoder_2_4,3,0,52,4,win,fixed_2p/repetition_2
13,1221,fixed_2p/repetition_2,b0d7518c589645cfbc7e31484f382490,fixed_2p,2,1,52,2,loss,variable_encoder_2_4/repetition_3
13,1222,fixed_2p/repetition_2,b0d7518c589645cfbc7e31484f382490,fixed_2p,2,0,59,1,win,variable_encoder_2_4/repetition_3
13,1222,variable_encoder_2_4/repetition_3,ff7c9e64890348edad17616988967f76,variable_encoder_2_4,3,1,58,1,loss,fixed_2p/repetition_2
13,1223,variable_encoder_2_4/repetition_3,ff7c9e64890348edad17616988967f76,variable_encoder_2_4,3,0,53,5,loss,fixed_2p/repetition_2
13,1223,fixed_2p/repetition_2,b0d7518c589645cfbc7e31484f382490,fixed_2p,2,1,60,3,win,variable_encoder_2_4/repetition_3
13,1224,variable_encoder_2_4/repetition_3,ff7c9e64890348edad17616988967f76,variable_encoder_2_4,3,0,68,5,win,fixed_2p/repetition_2
13,1224,fixed_2p/repetition_2,b0d7518c589645cfbc7e31484f382490,fixed_2p,2,1,68,1,loss,variable_encoder_2_4/repetition_3
13,1225,fixed_2p/repetition_2,b0d7518c589645cfbc7e31484f382490,fixed_2p,2,0,45,2,loss,variable_encoder_2_4/repetition_3
13,1225,variable_encoder_2_4/repetition_3,ff7c9e64890348edad17616988967f76,variable_encoder_2_4,3,1,51,5,win,fixed_2p/repetition_2
13,1226,fixed_2p/repetition_2,b0d7518c589645cfbc7e31484f382490,fixed_2p,2,0,55,2,loss,variable_encoder_2_4/repetition_3
13,1226,variable_encoder_2_4/repetition_3,ff7c9e64890348edad17616988967f76,variable_encoder_2_4,3,1,66,2,win,fixed_2p/repetition_2
13,1227,fixed_2p/repetition_2,b0d7518c589645cfbc7e31484f382490,fixed_2p,2,0,50,2,loss,variable_encoder_2_4/repetition_3
13,1227,variable_encoder_2_4/repetition_3,ff7c9e64890348edad17616988967f76,variable_encoder_2_4,3,1,57,4,win,fixed_2p/repetition_2
13,1228,variable_encoder_2_4/repetition_3,ff7c9e64890348edad17616988967f76,variable_encoder_2_4,3,0,52,5,loss,fixed_2p/repetition_2
13,1228,fixed_2p/repetition_2,b0d7518c589645cfbc7e31484f382490,fixed_2p,2,1,56,1,win,variable_encoder_2_4/repetition_3
13,1229,fixed_2p/repetition_2,b0d7518c589645cfbc7e31484f382490,fixed_2p,2,0,49,4,loss,variable_encoder_2_4/repetition_3
13,1229,variable_encoder_2_4/repetition_3,ff7c9e64890348edad17616988967f76,variable_encoder_2_4,3,1,67,4,win,fixed_2p/repetition_2
13,1230,variable_encoder_2_4/repetition_3,ff7c9e64890348edad17616988967f76,variable_encoder_2_4,3,0,65,4,win,fixed_2p/repetition_2
13,1230,fixed_2p/repetition_2,b0d7518c589645cfbc7e31484f382490,fixed_2p,2,1,49,2,loss,variable_encoder_2_4/repetition_3
13,1231,fixed_2p/repetition_2,b0d7518c589645cfbc7e31484f382490,fixed_2p,2,0,62,1,win,variable_encoder_2_4/repetition_3
13,1231,variable_encoder_2_4/repetition_3,ff7c9e64890348edad17616988967f76,variable_encoder_2_4,3,1,54,3,loss,fixed_2p/repetition_2
13,1232,fixed_2p/repetition_2,b0d7518c589645cfbc7e31484f382490,fixed_2p,2,0,53,1,loss,variable_encoder_2_4/repetition_3
13,1232,variable_encoder_2_4/repetition_3,ff7c9e64890348edad17616988967f76,variable_encoder_2_4,3,1,60,3,win,fixed_2p/repetition_2
13,1233,variable_encoder_2_4/repetition_3,ff7c9e64890348edad17616988967f76,variable_encoder_2_4,3,0,47,5,loss,fixed_2p/repetition_2
13,1233,fixed_2p/repetition_2,b0d7518c589645cfbc7e31484f382490,fixed_2p,2,1,60,0,win,variable_encoder_2_4/repetition_3
13,1234,fixed_2p/repetition_2,b0d7518c589645cfbc7e31484f382490,fixed_2p,2,0,44,1,loss,variable_encoder_2_4/repetition_3
13,1234,variable_encoder_2_4/repetition_3,ff7c9e64890348edad17616988967f76,variable_encoder_2_4,3,1,65,2,win,fixed_2p/repetition_2
13,1235,fixed_2p/repetition_2,b0d7518c589645cfbc7e31484f382490,fixed_2p,2,0,42,3,loss,variable_encoder_2_4/repetition_3
13,1235,variable_encoder_2_4/repetition_3,ff7c9e64890348edad17616988967f76,variable_encoder_2_4,3,1,45,6,win,fixed_2p/repetition_2
13,1236,fixed_2p/repetition_2,b0d7518c589645cfbc7e31484f382490,fixed_2p,2,0,53,1,loss,variable_encoder_2_4/repetition_3
13,1236,variable_encoder_2_4/repetition_3,ff7c9e64890348edad17616988967f76,variable_encoder_2_4,3,1,56,2,win,fixed_2p/repetition_2
13,1237,variable_encoder_2_4/repetition_3,ff7c9e64890348edad17616988967f76,variable_encoder_2_4,3,0,66,4,win,fixed_2p/repetition_2
13,1237,fixed_2p/repetition_2,b0d7518c589645cfbc7e31484f382490,fixed_2p,2,1,59,1,loss,variable_encoder_2_4/repetition_3
13,1238,variable_encoder_2_4/repetition_3,ff7c9e64890348edad17616988967f76,variable_encoder_2_4,3,0,61,5,win,fixed_2p/repetition_2
13,1238,fixed_2p/repetition_2,b0d7518c589645cfbc7e31484f382490,fixed_2p,2,1,60,2,loss,variable_encoder_2_4/repetition_3
13,1239,fixed_2p/repetition_2,b0d7518c589645cfbc7e31484f382490,fixed_2p,2,0,40,2,loss,variable_encoder_2_4/repetition_3
13,1239,variable_encoder_2_4/repetition_3,ff7c9e64890348edad17616988967f76,variable_encoder_2_4,3,1,45,4,win,fixed_2p/repetition_2
13,1240,variable_encoder_2_4/repetition_3,ff7c9e64890348edad17616988967f76,variable_encoder_2_4,3,0,65,0,win,fixed_2p/repetition_2
13,1240,fixed_2p/repetition_2,b0d7518c589645cfbc7e31484f382490,fixed_2p,2,1,60,2,loss,variable_encoder_2_4/repetition_3
13,1241,fixed_2p/repetition_2,b0d7518c589645cfbc7e31484f382490,fixed_2p,2,0,68,1,win,variable_encoder_2_4/repetition_3
13,1241,variable_encoder_2_4/repetition_3,ff7c9e64890348edad17616988967f76,variable_encoder_2_4,3,1,58,2,loss,fixed_2p/repetition_2
13,1242,fixed_2p/repetition_2,b0d7518c589645cfbc7e31484f382490,fixed_2p,2,0,55,1,loss,variable_encoder_2_4/repetition_3
13,1242,variable_encoder_2_4/repetition_3,ff7c9e64890348edad17616988967f76,variable_encoder_2_4,3,1,67,2,win,fixed_2p/repetition_2
13,1243,fixed_2p/repetition_2,b0d7518c589645cfbc7e31484f382490,fixed_2p,2,0,53,3,loss,variable_encoder_2_4/repetition_3
13,1243,variable_encoder_2_4/repetition_3,ff7c9e64890348edad17616988967f76,variable_encoder_2_4,3,1,64,3,win,fixed_2p/repetition_2
13,1244,fixed_2p/repetition_2,b0d7518c589645cfbc7e31484f382490,fixed_2p,2,0,48,1,loss,variable_encoder_2_4/repetition_3
13,1244,variable_encoder_2_4/repetition_3,ff7c9e64890348edad17616988967f76,variable_encoder_2_4,3,1,56,3,win,fixed_2p/repetition_2
13,1245,variable_encoder_2_4/repetition_3,ff7c9e64890348edad17616988967f76,variable_encoder_2_4,3,0,59,3,win,fixed_2p/repetition_2
13,1245,fixed_2p/repetition_2,b0d7518c589645cfbc7e31484f382490,fixed_2p,2,1,56,0,loss,variable_encoder_2_4/repetition_3
13,1246,fixed_2p/repetition_2,b0d7518c589645cfbc7e31484f382490,fixed_2p,2,0,63,3,loss,variable_encoder_2_4/repetition_3
13,1246,variable_encoder_2_4/repetition_3,ff7c9e64890348edad17616988967f76,variable_encoder_2_4,3,1,65,4,win,fixed_2p/repetition_2
13,1247,variable_encoder_2_4/repetition_3,ff7c9e64890348edad17616988967f76,variable_encoder_2_4,3,0,65,6,win,fixed_2p/repetition_2
13,1247,fixed_2p/repetition_2,b0d7518c589645cfbc7e31484f382490,fixed_2p,2,1,55,2,loss,variable_encoder_2_4/repetition_3
13,1248,fixed_2p/repetition_2,b0d7518c589645cfbc7e31484f382490,fixed_2p,2,0,60,1,loss,variable_encoder_2_4/repetition_3
13,1248,variable_encoder_2_4/repetition_3,ff7c9e64890348edad17616988967f76,variable_encoder_2_4,3,1,63,4,win,fixed_2p/repetition_2
13,1249,fixed_2p/repetition_2,b0d7518c589645cfbc7e31484f382490,fixed_2p,2,0,50,3,loss,variable_encoder_2_4/repetition_3
13,1249,variable_encoder_2_4/repetition_3,ff7c9e64890348edad17616988967f76,variable_encoder_2_4,3,1,54,6,win,fixed_2p/repetition_2
13,1250,fixed_2p/repetition_2,b0d7518c589645cfbc7e31484f382490,fixed_2p,2,0,55,1,win,variable_encoder_2_4/repetition_3
13,1250,variable_encoder_2_4/repetition_3,ff7c9e64890348edad17616988967f76,variable_encoder_2_4,3,1,53,6,loss,fixed_2p/repetition_2
13,1251,variable_encoder_2_4/repetition_3,ff7c9e64890348edad17616988967f76,variable_encoder_2_4,3,0,56,4,win,fixed_2p/repetition_2
13,1251,fixed_2p/repetition_2,b0d7518c589645cfbc7e31484f382490,fixed_2p,2,1,43,2,loss,variable_encoder_2_4/repetition_3
13,1252,fixed_2p/repetition_2,b0d7518c589645cfbc7e31484f382490,fixed_2p,2,0,55,1,loss,variable_encoder_2_4/repetition_3
13,1252,variable_encoder_2_4/repetition_3,ff7c9e64890348edad17616988967f76,variable_encoder_2_4,3,1,62,4,win,fixed_2p/repetition_2
13,1253,variable_encoder_2_4/repetition_3,ff7c9e64890348edad17616988967f76,variable_encoder_2_4,3,0,61,3,win,fixed_2p/repetition_2
13,1253,fixed_2p/repetition_2,b0d7518c589645cfbc7e31484f382490,fixed_2p,2,1,47,2,loss,variable_encoder_2_4/repetition_3
13,1254,fixed_2p/repetition_2,b0d7518c589645cfbc7e31484f382490,fixed_2p,2,0,57,2,win,variable_encoder_2_4/repetition_3
13,1254,variable_encoder_2_4/repetition_3,ff7c9e64890348edad17616988967f76,variable_encoder_2_4,3,1,56,4,loss,fixed_2p/repetition_2
13,1255,fixed_2p/repetition_2,b0d7518c589645cfbc7e31484f382490,fixed_2p,2,0,48,1,loss,variable_encoder_2_4/repetition_3
13,1255,variable_encoder_2_4/repetition_3,ff7c9e64890348edad17616988967f76,variable_encoder_2_4,3,1,53,8,win,fixed_2p/repetition_2
13,1256,fixed_2p/repetition_2,b0d7518c589645cfbc7e31484f382490,fixed_2p,2,0,55,0,loss,variable_encoder_2_4/repetition_3
13,1256,variable_encoder_2_4/repetition_3,ff7c9e64890348edad17616988967f76,variable_encoder_2_4,3,1,67,1,win,fixed_2p/repetition_2
13,1257,fixed_2p/repetition_2,b0d7518c589645cfbc7e31484f382490,fixed_2p,2,0,53,1,loss,variable_encoder_2_4/repetition_3
13,1257,variable_encoder_2_4/repetition_3,ff7c9e64890348edad17616988967f76,variable_encoder_2_4,3,1,59,4,win,fixed_2p/repetition_2
13,1258,variable_encoder_2_4/repetition_3,ff7c9e64890348edad17616988967f76,variable_encoder_2_4,3,0,63,2,win,fixed_2p/repetition_2
13,1258,fixed_2p/repetition_2,b0d7518c589645cfbc7e31484f382490,fixed_2p,2,1,62,3,loss,variable_encoder_2_4/repetition_3
13,1259,variable_encoder_2_4/repetition_3,ff7c9e64890348edad17616988967f76,variable_encoder_2_4,3,0,63,2,win,fixed_2p/repetition_2
13,1259,fixed_2p/repetition_2,b0d7518c589645cfbc7e31484f382490,fixed_2p,2,1,59,1,loss,variable_encoder_2_4/repetition_3
13,1260,fixed_2p/repetition_2,b0d7518c589645cfbc7e31484f382490,fixed_2p,2,0,58,1,loss,variable_encoder_2_4/repetition_3
13,1260,variable_encoder_2_4/repetition_3,ff7c9e64890348edad17616988967f76,variable_encoder_2_4,3,1,68,5,win,fixed_2p/repetition_2
13,1261,fixed_2p/repetition_2,b0d7518c589645cfbc7e31484f382490,fixed_2p,2,0,59,3,loss,variable_encoder_2_4/repetition_3
13,1261,variable_encoder_2_4/repetition_3,ff7c9e64890348edad17616988967f76,variable_encoder_2_4,3,1,63,4,win,fixed_2p/repetition_2
13,1262,variable_encoder_2_4/repetition_3,ff7c9e64890348edad17616988967f76,variable_encoder_2_4,3,0,57,6,win,fixed_2p/repetition_2
13,1262,fixed_2p/repetition_2,b0d7518c589645cfbc7e31484f382490,fixed_2p,2,1,53,1,loss,variable_encoder_2_4/repetition_3
13,1263,variable_encoder_2_4/repetition_3,ff7c9e64890348edad17616988967f76,variable_encoder_2_4,3,0,64,2,win,fixed_2p/repetition_2
13,1263,fixed_2p/repetition_2,b0d7518c589645cfbc7e31484f382490,fixed_2p,2,1,54,2,loss,variable_encoder_2_4/repetition_3
13,1264,fixed_2p/repetition_2,b0d7518c589645cfbc7e31484f382490,fixed_2p,2,0,55,1,loss,variable_encoder_2_4/repetition_3
13,1264,variable_encoder_2_4/repetition_3,ff7c9e64890348edad17616988967f76,variable_encoder_2_4,3,1,64,3,win,fixed_2p/repetition_2
13,1265,variable_encoder_2_4/repetition_3,ff7c9e64890348edad17616988967f76,variable_encoder_2_4,3,0,63,3,win,fixed_2p/repetition_2
13,1265,fixed_2p/repetition_2,b0d7518c589645cfbc7e31484f382490,fixed_2p,2,1,60,1,loss,variable_encoder_2_4/repetition_3
13,1266,variable_encoder_2_4/repetition_3,ff7c9e64890348edad17616988967f76,variable_encoder_2_4,3,0,61,3,win,fixed_2p/repetition_2
13,1266,fixed_2p/repetition_2,b0d7518c589645cfbc7e31484f382490,fixed_2p,2,1,57,1,loss,variable_encoder_2_4/repetition_3
13,1267,variable_encoder_2_4/repetition_3,ff7c9e64890348edad17616988967f76,variable_encoder_2_4,3,0,55,6,win,fixed_2p/repetition_2
13,1267,fixed_2p/repetition_2,b0d7518c589645cfbc7e31484f382490,fixed_2p,2,1,52,2,loss,variable_encoder_2_4/repetition_3
13,1268,fixed_2p/repetition_2,b0d7518c589645cfbc7e31484f382490,fixed_2p,2,0,54,2,loss,variable_encoder_2_4/repetition_3
13,1268,variable_encoder_2_4/repetition_3,ff7c9e64890348edad17616988967f76,variable_encoder_2_4,3,1,64,4,win,fixed_2p/repetition_2
13,1269,fixed_2p/repetition_2,b0d7518c589645cfbc7e31484f382490,fixed_2p,2,0,61,2,tie,variable_encoder_2_4/repetition_3
13,1269,variable_encoder_2_4/repetition_3,ff7c9e64890348edad17616988967f76,variable_encoder_2_4,3,1,61,2,tie,fixed_2p/repetition_2
13,1270,fixed_2p/repetition_2,b0d7518c589645cfbc7e31484f382490,fixed_2p,2,0,42,2,loss,variable_encoder_2_4/repetition_3
13,1270,variable_encoder_2_4/repetition_3,ff7c9e64890348edad17616988967f76,variable_encoder_2_4,3,1,54,2,win,fixed_2p/repetition_2
13,1271,fixed_2p/repetition_2,b0d7518c589645cfbc7e31484f382490,fixed_2p,2,0,51,0,loss,variable_encoder_2_4/repetition_3
13,1271,variable_encoder_2_4/repetition_3,ff7c9e64890348edad17616988967f76,variable_encoder_2_4,3,1,55,2,win,fixed_2p/repetition_2
13,1272,variable_encoder_2_4/repetition_3,ff7c9e64890348edad17616988967f76,variable_encoder_2_4,3,0,59,6,win,fixed_2p/repetition_2
13,1272,fixed_2p/repetition_2,b0d7518c589645cfbc7e31484f382490,fixed_2p,2,1,58,2,loss,variable_encoder_2_4/repetition_3
13,1273,fixed_2p/repetition_2,b0d7518c589645cfbc7e31484f382490,fixed_2p,2,0,55,1,win,variable_encoder_2_4/repetition_3
13,1273,variable_encoder_2_4/repetition_3,ff7c9e64890348edad17616988967f76,variable_encoder_2_4,3,1,52,5,loss,fixed_2p/repetition_2
13,1274,fixed_2p/repetition_2,b0d7518c589645cfbc7e31484f382490,fixed_2p,2,0,62,3,win,variable_encoder_2_4/repetition_3
13,1274,variable_encoder_2_4/repetition_3,ff7c9e64890348edad17616988967f76,variable_encoder_2_4,3,1,56,2,loss,fixed_2p/repetition_2
13,1275,fixed_2p/repetition_2,b0d7518c589645cfbc7e31484f382490,fixed_2p,2,0,62,0,win,variable_encoder_2_4/repetition_3
13,1275,variable_encoder_2_4/repetition_3,ff7c9e64890348edad17616988967f76,variable_encoder_2_4,3,1,58,4,loss,fixed_2p/repetition_2
13,1276,fixed_2p/repetition_2,b0d7518c589645cfbc7e31484f382490,fixed_2p,2,0,61,1,loss,variable_encoder_2_4/repetition_3
13,1276,variable_encoder_2_4/repetition_3,ff7c9e64890348edad17616988967f76,variable_encoder_2_4,3,1,65,5,win,fixed_2p/repetition_2
13,1277,fixed_2p/repetition_2,b0d7518c589645cfbc7e31484f382490,fixed_2p,2,0,58,1,loss,variable_encoder_2_4/repetition_3
13,1277,variable_encoder_2_4/repetition_3,ff7c9e64890348edad17616988967f76,variable_encoder_2_4,3,1,58,6,win,fixed_2p/repetition_2
13,1278,variable_encoder_2_4/repetition_3,ff7c9e64890348edad17616988967f76,variable_encoder_2_4,3,0,55,6,win,fixed_2p/repetition_2
13,1278,fixed_2p/repetition_2,b0d7518c589645cfbc7e31484f382490,fixed_2p,2,1,55,2,loss,variable_encoder_2_4/repetition_3
13,1279,variable_encoder_2_4/repetition_3,ff7c9e64890348edad17616988967f76,variable_encoder_2_4,3,0,63,4,win,fixed_2p/repetition_2
13,1279,fixed_2p/repetition_2,b0d7518c589645cfbc7e31484f382490,fixed_2p,2,1,59,1,loss,variable_encoder_2_4/repetition_3
13,1280,fixed_2p/repetition_2,b0d7518c589645cfbc7e31484f382490,fixed_2p,2,0,51,1,loss,variable_encoder_2_4/repetition_3
13,1280,variable_encoder_2_4/repetition_3,ff7c9e64890348edad17616988967f76,variable_encoder_2_4,3,1,64,5,win,fixed_2p/repetition_2
13,1281,variable_encoder_2_4/repetition_3,ff7c9e64890348edad17616988967f76,variable_encoder_2_4,3,0,62,4,win,fixed_2p/repetition_2
13,1281,fixed_2p/repetition_2,b0d7518c589645cfbc7e31484f382490,fixed_2p,2,1,59,1,loss,variable_encoder_2_4/repetition_3
13,1282,variable_encoder_2_4/repetition_3,ff7c9e64890348edad17616988967f76,variable_encoder_2_4,3,0,52,4,loss,fixed_2p/repetition_2
13,1282,fixed_2p/repetition_2,b0d7518c589645cfbc7e31484f382490,fixed_2p,2,1,56,0,win,variable_encoder_2_4/repetition_3
13,1283,fixed_2p/repetition_2,b0d7518c589645cfbc7e31484f382490,fixed_2p,2,0,52,2,loss,variable_encoder_2_4/repetition_3
13,1283,variable_encoder_2_4/repetition_3,ff7c9e64890348edad17616988967f76,variable_encoder_2_4,3,1,69,3,win,fixed_2p/repetition_2
13,1284,variable_encoder_2_4/repetition_3,ff7c9e64890348edad17616988967f76,variable_encoder_2_4,3,0,58,5,win,fixed_2p/repetition_2
13,1284,fixed_2p/repetition_2,b0d7518c589645cfbc7e31484f382490,fixed_2p,2,1,52,0,loss,variable_encoder_2_4/repetition_3
13,1285,variable_encoder_2_4/repetition_3,ff7c9e64890348edad17616988967f76,variable_encoder_2_4,3,0,47,5,win,fixed_2p/repetition_2
13,1285,fixed_2p/repetition_2,b0d7518c589645cfbc7e31484f382490,fixed_2p,2,1,45,3,loss,variable_encoder_2_4/repetition_3
13,1286,fixed_2p/repetition_2,b0d7518c589645cfbc7e31484f382490,fixed_2p,2,0,44,1,loss,variable_encoder_2_4/repetition_3
13,1286,variable_encoder_2_4/repetition_3,ff7c9e64890348edad17616988967f76,variable_encoder_2_4,3,1,53,6,win,fixed_2p/repetition_2
13,1287,fixed_2p/repetition_2,b0d7518c589645cfbc7e31484f382490,fixed_2p,2,0,62,1,win,variable_encoder_2_4/repetition_3
13,1287,variable_encoder_2_4/repetition_3,ff7c9e64890348edad17616988967f76,variable_encoder_2_4,3,1,48,6,loss,fixed_2p/repetition_2
13,1288,variable_encoder_2_4/repetition_3,ff7c9e64890348edad17616988967f76,variable_encoder_2_4,3,0,59,3,win,fixed_2p/repetition_2
13,1288,fixed_2p/repetition_2,b0d7518c589645cfbc7e31484f382490,fixed_2p,2,1,55,0,loss,variable_encoder_2_4/repetition_3
13,1289,variable_encoder_2_4/repetition_3,ff7c9e64890348edad17616988967f76,variable_encoder_2_4,3,0,66,3,win,fixed_2p/repetition_2
13,1289,fixed_2p/repetition_2,b0d7518c589645cfbc7e31484f382490,fixed_2p,2,1,59,1,loss,variable_encoder_2_4/repetition_3
13,1290,fixed_2p/repetition_2,b0d7518c589645cfbc7e31484f382490,fixed_2p,2,0,62,2,win,variable_encoder_2_4/repetition_3
13,1290,variable_encoder_2_4/repetition_3,ff7c9e64890348edad17616988967f76,variable_encoder_2_4,3,1,55,1,loss,fixed_2p/repetition_2
13,1291,variable_encoder_2_4/repetition_3,ff7c9e64890348edad17616988967f76,variable_encoder_2_4,3,0,50,3,win,fixed_2p/repetition_2
13,1291,fixed_2p/repetition_2,b0d7518c589645cfbc7e31484f382490,fixed_2p,2,1,50,1,loss,variable_encoder_2_4/repetition_3
13,1292,variable_encoder_2_4/repetition_3,ff7c9e64890348edad17616988967f76,variable_encoder_2_4,3,0,56,2,win,fixed_2p/repetition_2
13,1292,fixed_2p/repetition_2,b0d7518c589645cfbc7e31484f382490,fixed_2p,2,1,50,0,loss,variable_encoder_2_4/repetition_3
13,1293,fixed_2p/repetition_2,b0d7518c589645cfbc7e31484f382490,fixed_2p,2,0,40,4,loss,variable_encoder_2_4/repetition_3
13,1293,variable_encoder_2_4/repetition_3,ff7c9e64890348edad17616988967f76,variable_encoder_2_4,3,1,59,5,win,fixed_2p/repetition_2
13,1294,fixed_2p/repetition_2,b0d7518c589645cfbc7e31484f382490,fixed_2p,2,0,50,1,loss,variable_encoder_2_4/repetition_3
13,1294,variable_encoder_2_4/repetition_3,ff7c9e64890348edad17616988967f76,variable_encoder_2_4,3,1,59,5,win,fixed_2p/repetition_2
13,1295,fixed_2p/repetition_2,b0d7518c589645cfbc7e31484f382490,fixed_2p,2,0,51,4,loss,variable_encoder_2_4/repetition_3
13,1295,variable_encoder_2_4/repetition_3,ff7c9e64890348edad17616988967f76,variable_encoder_2_4,3,1,53,2,win,fixed_2p/repetition_2
13,1296,variable_encoder_2_4/repetition_3,ff7c9e64890348edad17616988967f76,variable_encoder_2_4,3,0,57,3,loss,fixed_2p/repetition_2
13,1296,fixed_2p/repetition_2,b0d7518c589645cfbc7e31484f382490,fixed_2p,2,1,59,2,win,variable_encoder_2_4/repetition_3
13,1297,fixed_2p/repetition_2,b0d7518c589645cfbc7e31484f382490,fixed_2p,2,0,51,1,loss,variable_encoder_2_4/repetition_3
13,1297,variable_encoder_2_4/repetition_3,ff7c9e64890348edad17616988967f76,variable_encoder_2_4,3,1,61,3,win,fixed_2p/repetition_2
13,1298,fixed_2p/repetition_2,b0d7518c589645cfbc7e31484f382490,fixed_2p,2,0,53,3,loss,variable_encoder_2_4/repetition_3
13,1298,variable_encoder_2_4/repetition_3,ff7c9e64890348edad17616988967f76,variable_encoder_2_4,3,1,65,4,win,fixed_2p/repetition_2
13,1299,variable_encoder_2_4/repetition_3,ff7c9e64890348edad17616988967f76,variable_encoder_2_4,3,0,56,2,loss,fixed_2p/repetition_2
13,1299,fixed_2p/repetition_2,b0d7518c589645cfbc7e31484f382490,fixed_2p,2,1,69,1,win,variable_encoder_2_4/repetition_3
13,1300,variable_encoder_2_4/repetition_3,ff7c9e64890348edad17616988967f76,variable_encoder_2_4,3,0,57,2,win,fixed_2p/repetition_2
13,1300,fixed_2p/repetition_2,b0d7518c589645cfbc7e31484f382490,fixed_2p,2,1,52,4,loss,variable_encoder_2_4/repetition_3
14,1301,fixed_2p/repetition_2,b0d7518c589645cfbc7e31484f382490,fixed_2p,2,0,62,1,win,random/repetition_1
14,1301,random/repetition_1,random,random,1,1,46,1,loss,fixed_2p/repetition_2
14,1302,random/repetition_1,random,random,1,0,48,1,loss,fixed_2p/repetition_2
14,1302,fixed_2p/repetition_2,b0d7518c589645cfbc7e31484f382490,fixed_2p,2,1,63,3,win,random/repetition_1
14,1303,fixed_2p/repetition_2,b0d7518c589645cfbc7e31484f382490,fixed_2p,2,0,65,2,win,random/repetition_1
14,1303,random/repetition_1,random,random,1,1,51,7,loss,fixed_2p/repetition_2
14,1304,random/repetition_1,random,random,1,0,40,3,loss,fixed_2p/repetition_2
14,1304,fixed_2p/repetition_2,b0d7518c589645cfbc7e31484f382490,fixed_2p,2,1,60,1,win,random/repetition_1
14,1305,random/repetition_1,random,random,1,0,40,4,loss,fixed_2p/repetition_2
14,1305,fixed_2p/repetition_2,b0d7518c589645cfbc7e31484f382490,fixed_2p,2,1,79,1,win,random/repetition_1
14,1306,random/repetition_1,random,random,1,0,42,5,loss,fixed_2p/repetition_2
14,1306,fixed_2p/repetition_2,b0d7518c589645cfbc7e31484f382490,fixed_2p,2,1,77,1,win,random/repetition_1
14,1307,fixed_2p/repetition_2,b0d7518c589645cfbc7e31484f382490,fixed_2p,2,0,70,0,win,random/repetition_1
14,1307,random/repetition_1,random,random,1,1,45,3,loss,fixed_2p/repetition_2
14,1308,random/repetition_1,random,random,1,0,41,4,loss,fixed_2p/repetition_2
14,1308,fixed_2p/repetition_2,b0d7518c589645cfbc7e31484f382490,fixed_2p,2,1,65,0,win,random/repetition_1
14,1309,fixed_2p/repetition_2,b0d7518c589645cfbc7e31484f382490,fixed_2p,2,0,74,1,win,random/repetition_1
14,1309,random/repetition_1,random,random,1,1,52,4,loss,fixed_2p/repetition_2
14,1310,random/repetition_1,random,random,1,0,35,3,loss,fixed_2p/repetition_2
14,1310,fixed_2p/repetition_2,b0d7518c589645cfbc7e31484f382490,fixed_2p,2,1,56,1,win,random/repetition_1
14,1311,random/repetition_1,random,random,1,0,37,2,loss,fixed_2p/repetition_2
14,1311,fixed_2p/repetition_2,b0d7518c589645cfbc7e31484f382490,fixed_2p,2,1,65,3,win,random/repetition_1
14,1312,fixed_2p/repetition_2,b0d7518c589645cfbc7e31484f382490,fixed_2p,2,0,67,2,win,random/repetition_1
14,1312,random/repetition_1,random,random,1,1,40,1,loss,fixed_2p/repetition_2
14,1313,fixed_2p/repetition_2,b0d7518c589645cfbc7e31484f382490,fixed_2p,2,0,66,4,win,random/repetition_1
14,1313,random/repetition_1,random,random,1,1,37,4,loss,fixed_2p/repetition_2
14,1314,fixed_2p/repetition_2,b0d7518c589645cfbc7e31484f382490,fixed_2p,2,0,56,3,win,random/repetition_1
14,1314,random/repetition_1,random,random,1,1,45,4,loss,fixed_2p/repetition_2
14,1315,fixed_2p/repetition_2,b0d7518c589645cfbc7e31484f382490,fixed_2p,2,0,65,1,win,random/repetition_1
14,1315,random/repetition_1,random,random,1,1,40,3,loss,fixed_2p/repetition_2
14,1316,random/repetition_1,random,random,1,0,48,2,loss,fixed_2p/repetition_2
14,1316,fixed_2p/repetition_2,b0d7518c589645cfbc7e31484f382490,fixed_2p,2,1,66,3,win,random/repetition_1
14,1317,fixed_2p/repetition_2,b0d7518c589645cfbc7e31484f382490,fixed_2p,2,0,54,5,win,random/repetition_1
14,1317,random/repetition_1,random,random,1,1,37,3,loss,fixed_2p/repetition_2
14,1318,random/repetition_1,random,random,1,0,44,4,loss,fixed_2p/repetition_2
14,1318,fixed_2p/repetition_2,b0d7518c589645cfbc7e31484f382490,fixed_2p,2,1,61,0,win,random/repetition_1
14,1319,fixed_2p/repetition_2,b0d7518c589645cfbc7e31484f382490,fixed_2p,2,0,50,1,win,random/repetition_1
14,1319,random/repetition_1,random,random,1,1,45,4,loss,fixed_2p/repetition_2
14,1320,fixed_2p/repetition_2,b0d7518c589645cfbc7e31484f382490,fixed_2p,2,0,70,1,win,random/repetition_1
14,1320,random/repetition_1,random,random,1,1,41,3,loss,fixed_2p/repetition_2
14,1321,fixed_2p/repetition_2,b0d7518c589645cfbc7e31484f382490,fixed_2p,2,0,70,0,win,random/repetition_1
14,1321,random/repetition_1,random,random,1,1,34,5,loss,fixed_2p/repetition_2
14,1322,random/repetition_1,random,random,1,0,41,1,loss,fixed_2p/repetition_2
14,1322,fixed_2p/repetition_2,b0d7518c589645cfbc7e31484f382490,fixed_2p,2,1,64,4,win,random/repetition_1
14,1323,random/repetition_1,random,random,1,0,52,4,loss,fixed_2p/repetition_2
14,1323,fixed_2p/repetition_2,b0d7518c589645cfbc7e31484f382490,fixed_2p,2,1,77,2,win,random/repetition_1
14,1324,random/repetition_1,random,random,1,0,36,4,loss,fixed_2p/repetition_2
14,1324,fixed_2p/repetition_2,b0d7518c589645cfbc7e31484f382490,fixed_2p,2,1,65,2,win,random/repetition_1
14,1325,random/repetition_1,random,random,1,0,56,1,loss,fixed_2p/repetition_2
14,1325,fixed_2p/repetition_2,b0d7518c589645cfbc7e31484f382490,fixed_2p,2,1,65,2,win,random/repetition_1
14,1326,random/repetition_1,random,random,1,0,43,2,loss,fixed_2p/repetition_2
14,1326,fixed_2p/repetition_2,b0d7518c589645cfbc7e31484f382490,fixed_2p,2,1,74,3,win,random/repetition_1
14,1327,fixed_2p/repetition_2,b0d7518c589645cfbc7e31484f382490,fixed_2p,2,0,60,2,win,random/repetition_1
14,1327,random/repetition_1,random,random,1,1,31,1,loss,fixed_2p/repetition_2
14,1328,fixed_2p/repetition_2,b0d7518c589645cfbc7e31484f382490,fixed_2p,2,0,77,0,win,random/repetition_1
14,1328,random/repetition_1,random,random,1,1,38,3,loss,fixed_2p/repetition_2
14,1329,random/repetition_1,random,random,1,0,43,3,loss,fixed_2p/repetition_2
14,1329,fixed_2p/repetition_2,b0d7518c589645cfbc7e31484f382490,fixed_2p,2,1,67,3,win,random/repetition_1
14,1330,fixed_2p/repetition_2,b0d7518c589645cfbc7e31484f382490,fixed_2p,2,0,73,1,win,random/repetition_1
14,1330,random/repetition_1,random,random,1,1,44,3,loss,fixed_2p/repetition_2
14,1331,random/repetition_1,random,random,1,0,43,2,loss,fixed_2p/repetition_2
14,1331,fixed_2p/repetition_2,b0d7518c589645cfbc7e31484f382490,fixed_2p,2,1,60,4,win,random/repetition_1
14,1332,fixed_2p/repetition_2,b0d7518c589645cfbc7e31484f382490,fixed_2p,2,0,68,2,win,random/repetition_1
14,1332,random/repetition_1,random,random,1,1,37,2,loss,fixed_2p/repetition_2
14,1333,fixed_2p/repetition_2,b0d7518c589645cfbc7e31484f382490,fixed_2p,2,0,61,1,win,random/repetition_1
14,1333,random/repetition_1,random,random,1,1,46,8,loss,fixed_2p/repetition_2
14,1334,random/repetition_1,random,random,1,0,40,3,loss,fixed_2p/repetition_2
14,1334,fixed_2p/repetition_2,b0d7518c589645cfbc7e31484f382490,fixed_2p,2,1,60,1,win,random/repetition_1
14,1335,fixed_2p/repetition_2,b0d7518c589645cfbc7e31484f382490,fixed_2p,2,0,64,3,win,random/repetition_1
14,1335,random/repetition_1,random,random,1,1,33,3,loss,fixed_2p/repetition_2
14,1336,fixed_2p/repetition_2,b0d7518c589645cfbc7e31484f382490,fixed_2p,2,0,69,3,win,random/repetition_1
14,1336,random/repetition_1,random,random,1,1,40,3,loss,fixed_2p/repetition_2
14,1337,random/repetition_1,random,random,1,0,39,3,loss,fixed_2p/repetition_2
14,1337,fixed_2p/repetition_2,b0d7518c589645cfbc7e31484f382490,fixed_2p,2,1,60,5,win,random/repetition_1
14,1338,fixed_2p/repetition_2,b0d7518c589645cfbc7e31484f382490,fixed_2p,2,0,56,3,win,random/repetition_1
14,1338,random/repetition_1,random,random,1,1,47,3,loss,fixed_2p/repetition_2
14,1339,random/repetition_1,random,random,1,0,49,5,loss,fixed_2p/repetition_2
14,1339,fixed_2p/repetition_2,b0d7518c589645cfbc7e31484f382490,fixed_2p,2,1,62,3,win,random/repetition_1
14,1340,random/repetition_1,random,random,1,0,41,4,loss,fixed_2p/repetition_2
14,1340,fixed_2p/repetition_2,b0d7518c589645cfbc7e31484f382490,fixed_2p,2,1,57,2,win,random/repetition_1
14,1341,random/repetition_1,random,random,1,0,50,1,loss,fixed_2p/repetition_2
14,1341,fixed_2p/repetition_2,b0d7518c589645cfbc7e31484f382490,fixed_2p,2,1,64,2,win,random/repetition_1
14,1342,fixed_2p/repetition_2,b0d7518c589645cfbc7e31484f382490,fixed_2p,2,0,64,0,win,random/repetition_1
14,1342,random/repetition_1,random,random,1,1,49,2,loss,fixed_2p/repetition_2
14,1343,fixed_2p/repetition_2,b0d7518c589645cfbc7e31484f382490,fixed_2p,2,0,70,2,win,random/repetition_1
14,1343,random/repetition_1,random,random,1,1,44,1,loss,fixed_2p/repetition_2
14,1344,fixed_2p/repetition_2,b0d7518c589645cfbc7e31484f382490,fixed_2p,2,0,55,3,win,random/repetition_1
14,1344,random/repetition_1,random,random,1,1,46,4,loss,fixed_2p/repetition_2
14,1345,fixed_2p/repetition_2,b0d7518c589645cfbc7e31484f382490,fixed_2p,2,0,65,2,win,random/repetition_1
14,1345,random/repetition_1,random,random,1,1,37,1,loss,fixed_2p/repetition_2
14,1346,fixed_2p/repetition_2,b0d7518c589645cfbc7e31484f382490,fixed_2p,2,0,62,3,win,random/repetition_1
14,1346,random/repetition_1,random,random,1,1,37,1,loss,fixed_2p/repetition_2
14,1347,random/repetition_1,random,random,1,0,47,4,loss,fixed_2p/repetition_2
14,1347,fixed_2p/repetition_2,b0d7518c589645cfbc7e31484f382490,fixed_2p,2,1,54,2,win,random/repetition_1
14,1348,random/repetition_1,random,random,1,0,41,1,loss,fixed_2p/repetition_2
14,1348,fixed_2p/repetition_2,b0d7518c589645cfbc7e31484f382490,fixed_2p,2,1,63,5,win,random/repetition_1
14,1349,random/repetition_1,random,random,1,0,52,5,loss,fixed_2p/repetition_2
14,1349,fixed_2p/repetition_2,b0d7518c589645cfbc7e31484f382490,fixed_2p,2,1,70,1,win,random/repetition_1
14,1350,random/repetition_1,random,random,1,0,45,5,loss,fixed_2p/repetition_2
14,1350,fixed_2p/repetition_2,b0d7518c589645cfbc7e31484f382490,fixed_2p,2,1,71,2,win,random/repetition_1
14,1351,random/repetition_1,random,random,1,0,43,2,loss,fixed_2p/repetition_2
14,1351,fixed_2p/repetition_2,b0d7518c589645cfbc7e31484f382490,fixed_2p,2,1,64,5,win,random/repetition_1
14,1352,fixed_2p/repetition_2,b0d7518c589645cfbc7e31484f382490,fixed_2p,2,0,64,1,win,random/repetition_1
14,1352,random/repetition_1,random,random,1,1,51,4,loss,fixed_2p/repetition_2
14,1353,random/repetition_1,random,random,1,0,31,3,loss,fixed_2p/repetition_2
14,1353,fixed_2p/repetition_2,b0d7518c589645cfbc7e31484f382490,fixed_2p,2,1,58,4,win,random/repetition_1
14,1354,random/repetition_1,random,random,1,0,36,3,loss,fixed_2p/repetition_2
14,1354,fixed_2p/repetition_2,b0d7518c589645cfbc7e31484f382490,fixed_2p,2,1,53,3,win,random/repetition_1
14,1355,random/repetition_1,random,random,1,0,49,4,loss,fixed_2p/repetition_2
14,1355,fixed_2p/repetition_2,b0d7518c589645cfbc7e31484f382490,fixed_2p,2,1,62,3,win,random/repetition_1
14,1356,fixed_2p/repetition_2,b0d7518c589645cfbc7e31484f382490,fixed_2p,2,0,57,0,win,random/repetition_1
14,1356,random/repetition_1,random,random,1,1,54,4,loss,fixed_2p/repetition_2
14,1357,fixed_2p/repetition_2,b0d7518c589645cfbc7e31484f382490,fixed_2p,2,0,65,5,win,random/repetition_1
14,1357,random/repetition_1,random,random,1,1,36,4,loss,fixed_2p/repetition_2
14,1358,fixed_2p/repetition_2,b0d7518c589645cfbc7e31484f382490,fixed_2p,2,0,57,3,win,random/repetition_1
14,1358,random/repetition_1,random,random,1,1,52,3,loss,fixed_2p/repetition_2
14,1359,fixed_2p/repetition_2,b0d7518c589645cfbc7e31484f382490,fixed_2p,2,0,57,2,win,random/repetition_1
14,1359,random/repetition_1,random,random,1,1,41,4,loss,fixed_2p/repetition_2
14,1360,random/repetition_1,random,random,1,0,41,6,loss,fixed_2p/repetition_2
14,1360,fixed_2p/repetition_2,b0d7518c589645cfbc7e31484f382490,fixed_2p,2,1,59,1,win,random/repetition_1
14,1361,fixed_2p/repetition_2,b0d7518c589645cfbc7e31484f382490,fixed_2p,2,0,79,1,win,random/repetition_1
14,1361,random/repetition_1,random,random,1,1,53,4,loss,fixed_2p/repetition_2
14,1362,random/repetition_1,random,random,1,0,47,0,loss,fixed_2p/repetition_2
14,1362,fixed_2p/repetition_2,b0d7518c589645cfbc7e31484f382490,fixed_2p,2,1,54,4,win,random/repetition_1
14,1363,random/repetition_1,random,random,1,0,31,1,loss,fixed_2p/repetition_2
14,1363,fixed_2p/repetition_2,b0d7518c589645cfbc7e31484f382490,fixed_2p,2,1,63,4,win,random/repetition_1
14,1364,random/repetition_1,random,random,1,0,34,2,loss,fixed_2p/repetition_2
14,1364,fixed_2p/repetition_2,b0d7518c589645cfbc7e31484f382490,fixed_2p,2,1,72,5,win,random/repetition_1
14,1365,random/repetition_1,random,random,1,0,38,7,loss,fixed_2p/repetition_2
14,1365,fixed_2p/repetition_2,b0d7518c589645cfbc7e31484f382490,fixed_2p,2,1,74,0,win,random/repetition_1
14,1366,random/repetition_1,random,random,1,0,36,3,loss,fixed_2p/repetition_2
14,1366,fixed_2p/repetition_2,b0d7518c589645cfbc7e31484f382490,fixed_2p,2,1,58,5,win,random/repetition_1
14,1367,random/repetition_1,random,random,1,0,35,4,loss,fixed_2p/repetition_2
14,1367,fixed_2p/repetition_2,b0d7518c589645cfbc7e31484f382490,fixed_2p,2,1,56,2,win,random/repetition_1
14,1368,random/repetition_1,random,random,1,0,37,2,loss,fixed_2p/repetition_2
14,1368,fixed_2p/repetition_2,b0d7518c589645cfbc7e31484f382490,fixed_2p,2,1,64,3,win,random/repetition_1
14,1369,fixed_2p/repetition_2,b0d7518c589645cfbc7e31484f382490,fixed_2p,2,0,69,2,win,random/repetition_1
14,1369,random/repetition_1,random,random,1,1,51,1,loss,fixed_2p/repetition_2
14,1370,fixed_2p/repetition_2,b0d7518c589645cfbc7e31484f382490,fixed_2p,2,0,62,3,win,random/repetition_1
14,1370,random/repetition_1,random,random,1,1,38,3,loss,fixed_2p/repetition_2
14,1371,random/repetition_1,random,random,1,0,45,3,loss,fixed_2p/repetition_2
14,1371,fixed_2p/repetition_2,b0d7518c589645cfbc7e31484f382490,fixed_2p,2,1,58,5,win,random/repetition_1
14,1372,fixed_2p/repetition_2,b0d7518c589645cfbc7e31484f382490,fixed_2p,2,0,71,1,win,random/repetition_1
14,1372,random/repetition_1,random,random,1,1,33,1,loss,fixed_2p/repetition_2
14,1373,random/repetition_1,random,random,1,0,47,2,loss,fixed_2p/repetition_2
14,1373,fixed_2p/repetition_2,b0d7518c589645cfbc7e31484f382490,fixed_2p,2,1,68,2,win,random/repetition_1
14,1374,fixed_2p/repetition_2,b0d7518c589645cfbc7e31484f382490,fixed_2p,2,0,58,3,win,random/repetition_1
14,1374,random/repetition_1,random,random,1,1,38,4,loss,fixed_2p/repetition_2
14,1375,random/repetition_1,random,random,1,0,40,3,loss,fixed_2p/repetition_2
14,1375,fixed_2p/repetition_2,b0d7518c589645cfbc7e31484f382490,fixed_2p,2,1,50,3,win,random/repetition_1
14,1376,fixed_2p/repetition_2,b0d7518c589645cfbc7e31484f382490,fixed_2p,2,0,69,1,win,random/repetition_1
14,1376,random/repetition_1,random,random,1,1,32,3,loss,fixed_2p/repetition_2
14,1377,random/repetition_1,random,random,1,0,36,1,loss,fixed_2p/repetition_2
14,1377,fixed_2p/repetition_2,b0d7518c589645cfbc7e31484f382490,fixed_2p,2,1,53,3,win,random/repetition_1
14,1378,fixed_2p/repetition_2,b0d7518c589645cfbc7e31484f382490,fixed_2p,2,0,55,5,win,random/repetition_1
14,1378,random/repetition_1,random,random,1,1,32,1,loss,fixed_2p/repetition_2
14,1379,fixed_2p/repetition_2,b0d7518c589645cfbc7e31484f382490,fixed_2p,2,0,59,3,win,random/repetition_1
14,1379,random/repetition_1,random,random,1,1,35,2,loss,fixed_2p/repetition_2
14,1380,fixed_2p/repetition_2,b0d7518c589645cfbc7e31484f382490,fixed_2p,2,0,74,3,win,random/repetition_1
14,1380,random/repetition_1,random,random,1,1,41,1,loss,fixed_2p/repetition_2
14,1381,random/repetition_1,random,random,1,0,49,4,loss,fixed_2p/repetition_2
14,1381,fixed_2p/repetition_2,b0d7518c589645cfbc7e31484f382490,fixed_2p,2,1,51,2,win,random/repetition_1
14,1382,fixed_2p/repetition_2,b0d7518c589645cfbc7e31484f382490,fixed_2p,2,0,72,0,win,random/repetition_1
14,1382,random/repetition_1,random,random,1,1,35,3,loss,fixed_2p/repetition_2
14,1383,fixed_2p/repetition_2,b0d7518c589645cfbc7e31484f382490,fixed_2p,2,0,64,5,win,random/repetition_1
14,1383,random/repetition_1,random,random,1,1,38,3,loss,fixed_2p/repetition_2
14,1384,fixed_2p/repetition_2,b0d7518c589645cfbc7e31484f382490,fixed_2p,2,0,71,2,win,random/repetition_1
14,1384,random/repetition_1,random,random,1,1,33,3,loss,fixed_2p/repetition_2
14,1385,fixed_2p/repetition_2,b0d7518c589645cfbc7e31484f382490,fixed_2p,2,0,55,4,win,random/repetition_1
14,1385,random/repetition_1,random,random,1,1,43,1,loss,fixed_2p/repetition_2
14,1386,fixed_2p/repetition_2,b0d7518c589645cfbc7e31484f382490,fixed_2p,2,0,63,1,win,random/repetition_1
14,1386,random/repetition_1,random,random,1,1,48,2,loss,fixed_2p/repetition_2
14,1387,random/repetition_1,random,random,1,0,42,3,loss,fixed_2p/repetition_2
14,1387,fixed_2p/repetition_2,b0d7518c589645cfbc7e31484f382490,fixed_2p,2,1,52,3,win,random/repetition_1
14,1388,random/repetition_1,random,random,1,0,33,3,loss,fixed_2p/repetition_2
14,1388,fixed_2p/repetition_2,b0d7518c589645cfbc7e31484f382490,fixed_2p,2,1,55,3,win,random/repetition_1
14,1389,random/repetition_1,random,random,1,0,37,5,loss,fixed_2p/repetition_2
14,1389,fixed_2p/repetition_2,b0d7518c589645cfbc7e31484f382490,fixed_2p,2,1,46,2,win,random/repetition_1
14,1390,fixed_2p/repetition_2,b0d7518c589645cfbc7e31484f382490,fixed_2p,2,0,59,1,win,random/repetition_1
14,1390,random/repetition_1,random,random,1,1,48,4,loss,fixed_2p/repetition_2
14,1391,fixed_2p/repetition_2,b0d7518c589645cfbc7e31484f382490,fixed_2p,2,0,64,1,win,random/repetition_1
14,1391,random/repetition_1,random,random,1,1,44,3,loss,fixed_2p/repetition_2
14,1392,random/repetition_1,random,random,1,0,49,4,loss,fixed_2p/repetition_2
14,1392,fixed_2p/repetition_2,b0d7518c589645cfbc7e31484f382490,fixed_2p,2,1,72,3,win,random/repetition_1
14,1393,fixed_2p/repetition_2,b0d7518c589645cfbc7e31484f382490,fixed_2p,2,0,56,1,win,random/repetition_1
14,1393,random/repetition_1,random,random,1,1,44,3,loss,fixed_2p/repetition_2
14,1394,fixed_2p/repetition_2,b0d7518c589645cfbc7e31484f382490,fixed_2p,2,0,65,3,win,random/repetition_1
14,1394,random/repetition_1,random,random,1,1,51,3,loss,fixed_2p/repetition_2
14,1395,random/repetition_1,random,random,1,0,38,1,loss,fixed_2p/repetition_2
14,1395,fixed_2p/repetition_2,b0d7518c589645cfbc7e31484f382490,fixed_2p,2,1,70,2,win,random/repetition_1
14,1396,random/repetition_1,random,random,1,0,23,1,loss,fixed_2p/repetition_2
14,1396,fixed_2p/repetition_2,b0d7518c589645cfbc7e31484f382490,fixed_2p,2,1,63,3,win,random/repetition_1
14,1397,fixed_2p/repetition_2,b0d7518c589645cfbc7e31484f382490,fixed_2p,2,0,65,4,win,random/repetition_1
14,1397,random/repetition_1,random,random,1,1,31,4,loss,fixed_2p/repetition_2
14,1398,random/repetition_1,random,random,1,0,37,5,loss,fixed_2p/repetition_2
14,1398,fixed_2p/repetition_2,b0d7518c589645cfbc7e31484f382490,fixed_2p,2,1,65,2,win,random/repetition_1
14,1399,fixed_2p/repetition_2,b0d7518c589645cfbc7e31484f382490,fixed_2p,2,0,51,3,win,random/repetition_1
14,1399,random/repetition_1,random,random,1,1,41,2,loss,fixed_2p/repetition_2
14,1400,random/repetition_1,random,random,1,0,38,1,loss,fixed_2p/repetition_2
14,1400,fixed_2p/repetition_2,b0d7518c589645cfbc7e31484f382490,fixed_2p,2,1,68,3,win,random/repetition_1
15,1401,variable_2_4/repetition_1,bf23b43ba2e94b7d994bbae85dbabef5,variable_2_4,1,0,53,3,loss,fixed_2p/repetition_3
15,1401,fixed_2p/repetition_3,e84a40adced747d4aa7a1d33ce983cdb,fixed_2p,3,1,72,3,win,variable_2_4/repetition_1
15,1402,variable_2_4/repetition_1,bf23b43ba2e94b7d994bbae85dbabef5,variable_2_4,1,0,56,1,win,fixed_2p/repetition_3
15,1402,fixed_2p/repetition_3,e84a40adced747d4aa7a1d33ce983cdb,fixed_2p,3,1,50,4,loss,variable_2_4/repetition_1
15,1403,fixed_2p/repetition_3,e84a40adced747d4aa7a1d33ce983cdb,fixed_2p,3,0,48,2,loss,variable_2_4/repetition_1
15,1403,variable_2_4/repetition_1,bf23b43ba2e94b7d994bbae85dbabef5,variable_2_4,1,1,52,4,win,fixed_2p/repetition_3
15,1404,fixed_2p/repetition_3,e84a40adced747d4aa7a1d33ce983cdb,fixed_2p,3,0,62,2,loss,variable_2_4/repetition_1
15,1404,variable_2_4/repetition_1,bf23b43ba2e94b7d994bbae85dbabef5,variable_2_4,1,1,70,1,win,fixed_2p/repetition_3
15,1405,variable_2_4/repetition_1,bf23b43ba2e94b7d994bbae85dbabef5,variable_2_4,1,0,51,4,win,fixed_2p/repetition_3
15,1405,fixed_2p/repetition_3,e84a40adced747d4aa7a1d33ce983cdb,fixed_2p,3,1,50,3,loss,variable_2_4/repetition_1
15,1406,variable_2_4/repetition_1,bf23b43ba2e94b7d994bbae85dbabef5,variable_2_4,1,0,60,5,win,fixed_2p/repetition_3
15,1406,fixed_2p/repetition_3,e84a40adced747d4aa7a1d33ce983cdb,fixed_2p,3,1,51,3,loss,variable_2_4/repetition_1
15,1407,variable_2_4/repetition_1,bf23b43ba2e94b7d994bbae85dbabef5,variable_2_4,1,0,58,1,win,fixed_2p/repetition_3
15,1407,fixed_2p/repetition_3,e84a40adced747d4aa7a1d33ce983cdb,fixed_2p,3,1,56,4,loss,variable_2_4/repetition_1
15,1408,fixed_2p/repetition_3,e84a40adced747d4aa7a1d33ce983cdb,fixed_2p,3,0,42,3,loss,variable_2_4/repetition_1
15,1408,variable_2_4/repetition_1,bf23b43ba2e94b7d994bbae85dbabef5,variable_2_4,1,1,53,4,win,fixed_2p/repetition_3
15,1409,variable_2_4/repetition_1,bf23b43ba2e94b7d994bbae85dbabef5,variable_2_4,1,0,58,1,loss,fixed_2p/repetition_3
15,1409,fixed_2p/repetition_3,e84a40adced747d4aa7a1d33ce983cdb,fixed_2p,3,1,62,5,win,variable_2_4/repetition_1
15,1410,variable_2_4/repetition_1,bf23b43ba2e94b7d994bbae85dbabef5,variable_2_4,1,0,44,5,loss,fixed_2p/repetition_3
15,1410,fixed_2p/repetition_3,e84a40adced747d4aa7a1d33ce983cdb,fixed_2p,3,1,50,1,win,variable_2_4/repetition_1
15,1411,fixed_2p/repetition_3,e84a40adced747d4aa7a1d33ce983cdb,fixed_2p,3,0,54,3,loss,variable_2_4/repetition_1
15,1411,variable_2_4/repetition_1,bf23b43ba2e94b7d994bbae85dbabef5,variable_2_4,1,1,58,3,win,fixed_2p/repetition_3
15,1412,variable_2_4/repetition_1,bf23b43ba2e94b7d994bbae85dbabef5,variable_2_4,1,0,60,5,win,fixed_2p/repetition_3
15,1412,fixed_2p/repetition_3,e84a40adced747d4aa7a1d33ce983cdb,fixed_2p,3,1,47,2,loss,variable_2_4/repetition_1
15,1413,fixed_2p/repetition_3,e84a40adced747d4aa7a1d33ce983cdb,fixed_2p,3,0,55,2,win,variable_2_4/repetition_1
15,1413,variable_2_4/repetition_1,bf23b43ba2e94b7d994bbae85dbabef5,variable_2_4,1,1,50,5,loss,fixed_2p/repetition_3
15,1414,variable_2_4/repetition_1,bf23b43ba2e94b7d994bbae85dbabef5,variable_2_4,1,0,52,5,loss,fixed_2p/repetition_3
15,1414,fixed_2p/repetition_3,e84a40adced747d4aa7a1d33ce983cdb,fixed_2p,3,1,54,1,win,variable_2_4/repetition_1
15,1415,variable_2_4/repetition_1,bf23b43ba2e94b7d994bbae85dbabef5,variable_2_4,1,0,55,4,win,fixed_2p/repetition_3
15,1415,fixed_2p/repetition_3,e84a40adced747d4aa7a1d33ce983cdb,fixed_2p,3,1,52,1,loss,variable_2_4/repetition_1
15,1416,fixed_2p/repetition_3,e84a40adced747d4aa7a1d33ce983cdb,fixed_2p,3,0,62,1,win,variable_2_4/repetition_1
15,1416,variable_2_4/repetition_1,bf23b43ba2e94b7d994bbae85dbabef5,variable_2_4,1,1,58,5,loss,fixed_2p/repetition_3
15,1417,variable_2_4/repetition_1,bf23b43ba2e94b7d994bbae85dbabef5,variable_2_4,1,0,59,5,win,fixed_2p/repetition_3
15,1417,fixed_2p/repetition_3,e84a40adced747d4aa7a1d33ce983cdb,fixed_2p,3,1,51,1,loss,variable_2_4/repetition_1
15,1418,fixed_2p/repetition_3,e84a40adced747d4aa7a1d33ce983cdb,fixed_2p,3,0,65,1,win,variable_2_4/repetition_1
15,1418,variable_2_4/repetition_1,bf23b43ba2e94b7d994bbae85dbabef5,variable_2_4,1,1,52,7,loss,fixed_2p/repetition_3
15,1419,variable_2_4/repetition_1,bf23b43ba2e94b7d994bbae85dbabef5,variable_2_4,1,0,52,1,loss,fixed_2p/repetition_3
15,1419,fixed_2p/repetition_3,e84a40adced747d4aa7a1d33ce983cdb,fixed_2p,3,1,60,4,win,variable_2_4/repetition_1
15,1420,fixed_2p/repetition_3,e84a40adced747d4aa7a1d33ce983cdb,fixed_2p,3,0,46,2,loss,variable_2_4/repetition_1
15,1420,variable_2_4/repetition_1,bf23b43ba2e94b7d994bbae85dbabef5,variable_2_4,1,1,51,6,win,fixed_2p/repetition_3
15,1421,variable_2_4/repetition_1,bf23b43ba2e94b7d994bbae85dbabef5,variable_2_4,1,0,58,0,loss,fixed_2p/repetition_3
15,1421,fixed_2p/repetition_3,e84a40adced747d4aa7a1d33ce983cdb,fixed_2p,3,1,63,2,win,variable_2_4/repetition_1
15,1422,fixed_2p/repetition_3,e84a40adced747d4aa7a1d33ce983cdb,fixed_2p,3,0,56,2,loss,variable_2_4/repetition_1
15,1422,variable_2_4/repetition_1,bf23b43ba2e94b7d994bbae85dbabef5,variable_2_4,1,1,61,1,win,fixed_2p/repetition_3
15,1423,fixed_2p/repetition_3,e84a40adced747d4aa7a1d33ce983cdb,fixed_2p,3,0,64,2,loss,variable_2_4/repetition_1
15,1423,variable_2_4/repetition_1,bf23b43ba2e94b7d994bbae85dbabef5,variable_2_4,1,1,67,4,win,fixed_2p/repetition_3
15,1424,variable_2_4/repetition_1,bf23b43ba2e94b7d994bbae85dbabef5,variable_2_4,1,0,51,5,loss,fixed_2p/repetition_3
15,1424,fixed_2p/repetition_3,e84a40adced747d4aa7a1d33ce983cdb,fixed_2p,3,1,53,2,win,variable_2_4/repetition_1
15,1425,fixed_2p/repetition_3,e84a40adced747d4aa7a1d33ce983cdb,fixed_2p,3,0,57,3,win,variable_2_4/repetition_1
15,1425,variable_2_4/repetition_1,bf23b43ba2e94b7d994bbae85dbabef5,variable_2_4,1,1,54,1,loss,fixed_2p/repetition_3
15,1426,fixed_2p/repetition_3,e84a40adced747d4aa7a1d33ce983cdb,fixed_2p,3,0,50,1,loss,variable_2_4/repetition_1
15,1426,variable_2_4/repetition_1,bf23b43ba2e94b7d994bbae85dbabef5,variable_2_4,1,1,58,6,win,fixed_2p/repetition_3
15,1427,fixed_2p/repetition_3,e84a40adced747d4aa7a1d33ce983cdb,fixed_2p,3,0,48,4,loss,variable_2_4/repetition_1
15,1427,variable_2_4/repetition_1,bf23b43ba2e94b7d994bbae85dbabef5,variable_2_4,1,1,65,4,win,fixed_2p/repetition_3
15,1428,fixed_2p/repetition_3,e84a40adced747d4aa7a1d33ce983cdb,fixed_2p,3,0,39,1,loss,variable_2_4/repetition_1
15,1428,variable_2_4/repetition_1,bf23b43ba2e94b7d994bbae85dbabef5,variable_2_4,1,1,53,4,win,fixed_2p/repetition_3
15,1429,fixed_2p/repetition_3,e84a40adced747d4aa7a1d33ce983cdb,fixed_2p,3,0,60,2,loss,variable_2_4/repetition_1
15,1429,variable_2_4/repetition_1,bf23b43ba2e94b7d994bbae85dbabef5,variable_2_4,1,1,64,2,win,fixed_2p/repetition_3
15,1430,variable_2_4/repetition_1,bf23b43ba2e94b7d994bbae85dbabef5,variable_2_4,1,0,58,2,win,fixed_2p/repetition_3
15,1430,fixed_2p/repetition_3,e84a40adced747d4aa7a1d33ce983cdb,fixed_2p,3,1,52,5,loss,variable_2_4/repetition_1
15,1431,variable_2_4/repetition_1,bf23b43ba2e94b7d994bbae85dbabef5,variable_2_4,1,0,32,3,loss,fixed_2p/repetition_3
15,1431,fixed_2p/repetition_3,e84a40adced747d4aa7a1d33ce983cdb,fixed_2p,3,1,39,4,win,variable_2_4/repetition_1
15,1432,fixed_2p/repetition_3,e84a40adced747d4aa7a1d33ce983cdb,fixed_2p,3,0,53,0,win,variable_2_4/repetition_1
15,1432,variable_2_4/repetition_1,bf23b43ba2e94b7d994bbae85dbabef5,variable_2_4,1,1,44,4,loss,fixed_2p/repetition_3
15,1433,variable_2_4/repetition_1,bf23b43ba2e94b7d994bbae85dbabef5,variable_2_4,1,0,62,2,win,fixed_2p/repetition_3
15,1433,fixed_2p/repetition_3,e84a40adced747d4aa7a1d33ce983cdb,fixed_2p,3,1,59,0,loss,variable_2_4/repetition_1
15,1434,variable_2_4/repetition_1,bf23b43ba2e94b7d994bbae85dbabef5,variable_2_4,1,0,51,2,win,fixed_2p/repetition_3
15,1434,fixed_2p/repetition_3,e84a40adced747d4aa7a1d33ce983cdb,fixed_2p,3,1,40,3,loss,variable_2_4/repetition_1
15,1435,fixed_2p/repetition_3,e84a40adced747d4aa7a1d33ce983cdb,fixed_2p,3,0,61,2,win,variable_2_4/repetition_1
15,1435,variable_2_4/repetition_1,bf23b43ba2e94b7d994bbae85dbabef5,variable_2_4,1,1,59,1,loss,fixed_2p/repetition_3
15,1436,fixed_2p/repetition_3,e84a40adced747d4aa7a1d33ce983cdb,fixed_2p,3,0,54,1,loss,variable_2_4/repetition_1
15,1436,variable_2_4/repetition_1,bf23b43ba2e94b7d994bbae85dbabef5,variable_2_4,1,1,60,5,win,fixed_2p/repetition_3
15,1437,fixed_2p/repetition_3,e84a40adced747d4aa7a1d33ce983cdb,fixed_2p,3,0,59,2,loss,variable_2_4/repetition_1
15,1437,variable_2_4/repetition_1,bf23b43ba2e94b7d994bbae85dbabef5,variable_2_4,1,1,65,3,win,fixed_2p/repetition_3
15,1438,variable_2_4/repetition_1,bf23b43ba2e94b7d994bbae85dbabef5,variable_2_4,1,0,65,4,win,fixed_2p/repetition_3
15,1438,fixed_2p/repetition_3,e84a40adced747d4aa7a1d33ce983cdb,fixed_2p,3,1,60,1,loss,variable_2_4/repetition_1
15,1439,variable_2_4/repetition_1,bf23b43ba2e94b7d994bbae85dbabef5,variable_2_4,1,0,56,2,loss,fixed_2p/repetition_3
15,1439,fixed_2p/repetition_3,e84a40adced747d4aa7a1d33ce983cdb,fixed_2p,3,1,59,3,win,variable_2_4/repetition_1
15,1440,variable_2_4/repetition_1,bf23b43ba2e94b7d994bbae85dbabef5,variable_2_4,1,0,53,3,win,fixed_2p/repetition_3
15,1440,fixed_2p/repetition_3,e84a40adced747d4aa7a1d33ce983cdb,fixed_2p,3,1,51,3,loss,variable_2_4/repetition_1
15,1441,variable_2_4/repetition_1,bf23b43ba2e94b7d994bbae85dbabef5,variable_2_4,1,0,59,3,win,fixed_2p/repetition_3
15,1441,fixed_2p/repetition_3,e84a40adced747d4aa7a1d33ce983cdb,fixed_2p,3,1,49,3,loss,variable_2_4/repetition_1
15,1442,variable_2_4/repetition_1,bf23b43ba2e94b7d994bbae85dbabef5,variable_2_4,1,0,53,3,win,fixed_2p/repetition_3
15,1442,fixed_2p/repetition_3,e84a40adced747d4aa7a1d33ce983cdb,fixed_2p,3,1,50,1,loss,variable_2_4/repetition_1
15,1443,variable_2_4/repetition_1,bf23b43ba2e94b7d994bbae85dbabef5,variable_2_4,1,0,51,3,loss,fixed_2p/repetition_3
15,1443,fixed_2p/repetition_3,e84a40adced747d4aa7a1d33ce983cdb,fixed_2p,3,1,52,3,win,variable_2_4/repetition_1
15,1444,fixed_2p/repetition_3,e84a40adced747d4aa7a1d33ce983cdb,fixed_2p,3,0,64,1,win,variable_2_4/repetition_1
15,1444,variable_2_4/repetition_1,bf23b43ba2e94b7d994bbae85dbabef5,variable_2_4,1,1,50,5,loss,fixed_2p/repetition_3
15,1445,fixed_2p/repetition_3,e84a40adced747d4aa7a1d33ce983cdb,fixed_2p,3,0,50,2,loss,variable_2_4/repetition_1
15,1445,variable_2_4/repetition_1,bf23b43ba2e94b7d994bbae85dbabef5,variable_2_4,1,1,58,4,win,fixed_2p/repetition_3
15,1446,variable_2_4/repetition_1,bf23b43ba2e94b7d994bbae85dbabef5,variable_2_4,1,0,49,3,loss,fixed_2p/repetition_3
15,1446,fixed_2p/repetition_3,e84a40adced747d4aa7a1d33ce983cdb,fixed_2p,3,1,52,3,win,variable_2_4/repetition_1
15,1447,fixed_2p/repetition_3,e84a40adced747d4aa7a1d33ce983cdb,fixed_2p,3,0,69,3,win,variable_2_4/repetition_1
15,1447,variable_2_4/repetition_1,bf23b43ba2e94b7d994bbae85dbabef5,variable_2_4,1,1,58,1,loss,fixed_2p/repetition_3
15,1448,variable_2_4/repetition_1,bf23b43ba2e94b7d994bbae85dbabef5,variable_2_4,1,0,57,1,win,fixed_2p/repetition_3
15,1448,fixed_2p/repetition_3,e84a40adced747d4aa7a1d33ce983cdb,fixed_2p,3,1,56,5,loss,variable_2_4/repetition_1
15,1449,fixed_2p/repetition_3,e84a40adced747d4aa7a1d33ce983cdb,fixed_2p,3,0,32,4,loss,variable_2_4/repetition_1
15,1449,variable_2_4/repetition_1,bf23b43ba2e94b7d994bbae85dbabef5,variable_2_4,1,1,49,3,win,fixed_2p/repetition_3
15,1450,fixed_2p/repetition_3,e84a40adced747d4aa7a1d33ce983cdb,fixed_2p,3,0,59,2,loss,variable_2_4/repetition_1
15,1450,variable_2_4/repetition_1,bf23b43ba2e94b7d994bbae85dbabef5,variable_2_4,1,1,72,3,win,fixed_2p/repetition_3
15,1451,variable_2_4/repetition_1,bf23b43ba2e94b7d994bbae85dbabef5,variable_2_4,1,0,52,1,loss,fixed_2p/repetition_3
15,1451,fixed_2p/repetition_3,e84a40adced747d4aa7a1d33ce983cdb,fixed_2p,3,1,57,4,win,variable_2_4/repetition_1
15,1452,variable_2_4/repetition_1,bf23b43ba2e94b7d994bbae85dbabef5,variable_2_4,1,0,68,2,win,fixed_2p/repetition_3
15,1452,fixed_2p/repetition_3,e84a40adced747d4aa7a1d33ce983cdb,fixed_2p,3,1,59,4,loss,variable_2_4/repetition_1
15,1453,variable_2_4/repetition_1,bf23b43ba2e94b7d994bbae85dbabef5,variable_2_4,1,0,61,1,loss,fixed_2p/repetition_3
15,1453,fixed_2p/repetition_3,e84a40adced747d4aa7a1d33ce983cdb,fixed_2p,3,1,62,3,win,variable_2_4/repetition_1
15,1454,fixed_2p/repetition_3,e84a40adced747d4aa7a1d33ce983cdb,fixed_2p,3,0,61,5,win,variable_2_4/repetition_1
15,1454,variable_2_4/repetition_1,bf23b43ba2e94b7d994bbae85dbabef5,variable_2_4,1,1,56,2,loss,fixed_2p/repetition_3
15,1455,variable_2_4/repetition_1,bf23b43ba2e94b7d994bbae85dbabef5,variable_2_4,1,0,55,1,loss,fixed_2p/repetition_3
15,1455,fixed_2p/repetition_3,e84a40adced747d4aa7a1d33ce983cdb,fixed_2p,3,1,58,2,win,variable_2_4/repetition_1
15,1456,fixed_2p/repetition_3,e84a40adced747d4aa7a1d33ce983cdb,fixed_2p,3,0,63,2,win,variable_2_4/repetition_1
15,1456,variable_2_4/repetition_1,bf23b43ba2e94b7d994bbae85dbabef5,variable_2_4,1,1,56,3,loss,fixed_2p/repetition_3
15,1457,variable_2_4/repetition_1,bf23b43ba2e94b7d994bbae85dbabef5,variable_2_4,1,0,65,4,loss,fixed_2p/repetition_3
15,1457,fixed_2p/repetition_3,e84a40adced747d4aa7a1d33ce983cdb,fixed_2p,3,1,66,3,win,variable_2_4/repetition_1
15,1458,variable_2_4/repetition_1,bf23b43ba2e94b7d994bbae85dbabef5,variable_2_4,1,0,66,1,win,fixed_2p/repetition_3
15,1458,fixed_2p/repetition_3,e84a40adced747d4aa7a1d33ce983cdb,fixed_2p,3,1,59,3,loss,variable_2_4/repetition_1
15,1459,variable_2_4/repetition_1,bf23b43ba2e94b7d994bbae85dbabef5,variable_2_4,1,0,56,2,win,fixed_2p/repetition_3
15,1459,fixed_2p/repetition_3,e84a40adced747d4aa7a1d33ce983cdb,fixed_2p,3,1,49,2,loss,variable_2_4/repetition_1
15,1460,fixed_2p/repetition_3,e84a40adced747d4aa7a1d33ce983cdb,fixed_2p,3,0,55,3,win,variable_2_4/repetition_1
15,1460,variable_2_4/repetition_1,bf23b43ba2e94b7d994bbae85dbabef5,variable_2_4,1,1,41,3,loss,fixed_2p/repetition_3
15,1461,fixed_2p/repetition_3,e84a40adced747d4aa7a1d33ce983cdb,fixed_2p,3,0,55,2,loss,variable_2_4/repetition_1
15,1461,variable_2_4/repetition_1,bf23b43ba2e94b7d994bbae85dbabef5,variable_2_4,1,1,59,2,win,fixed_2p/repetition_3
15,1462,variable_2_4/repetition_1,bf23b43ba2e94b7d994bbae85dbabef5,variable_2_4,1,0,61,2,loss,fixed_2p/repetition_3
15,1462,fixed_2p/repetition_3,e84a40adced747d4aa7a1d33ce983cdb,fixed_2p,3,1,65,5,win,variable_2_4/repetition_1
15,1463,fixed_2p/repetition_3,e84a40adced747d4aa7a1d33ce983cdb,fixed_2p,3,0,54,2,loss,variable_2_4/repetition_1
15,1463,variable_2_4/repetition_1,bf23b43ba2e94b7d994bbae85dbabef5,variable_2_4,1,1,65,3,win,fixed_2p/repetition_3
15,1464,variable_2_4/repetition_1,bf23b43ba2e94b7d994bbae85dbabef5,variable_2_4,1,0,54,1,win,fixed_2p/repetition_3
15,1464,fixed_2p/repetition_3,e84a40adced747d4aa7a1d33ce983cdb,fixed_2p,3,1,52,3,loss,variable_2_4/repetition_1
15,1465,fixed_2p/repetition_3,e84a40adced747d4aa7a1d33ce983cdb,fixed_2p,3,0,58,2,loss,variable_2_4/repetition_1
15,1465,variable_2_4/repetition_1,bf23b43ba2e94b7d994bbae85dbabef5,variable_2_4,1,1,61,4,win,fixed_2p/repetition_3
15,1466,fixed_2p/repetition_3,e84a40adced747d4aa7a1d33ce983cdb,fixed_2p,3,0,61,3,win,variable_2_4/repetition_1
15,1466,variable_2_4/repetition_1,bf23b43ba2e94b7d994bbae85dbabef5,variable_2_4,1,1,47,4,loss,fixed_2p/repetition_3
15,1467,variable_2_4/repetition_1,bf23b43ba2e94b7d994bbae85dbabef5,variable_2_4,1,0,54,5,win,fixed_2p/repetition_3
15,1467,fixed_2p/repetition_3,e84a40adced747d4aa7a1d33ce983cdb,fixed_2p,3,1,54,3,loss,variable_2_4/repetition_1
15,1468,variable_2_4/repetition_1,bf23b43ba2e94b7d994bbae85dbabef5,variable_2_4,1,0,53,4,loss,fixed_2p/repetition_3
15,1468,fixed_2p/repetition_3,e84a40adced747d4aa7a1d33ce983cdb,fixed_2p,3,1,61,4,win,variable_2_4/repetition_1
15,1469,variable_2_4/repetition_1,bf23b43ba2e94b7d994bbae85dbabef5,variable_2_4,1,0,64,5,win,fixed_2p/repetition_3
15,1469,fixed_2p/repetition_3,e84a40adced747d4aa7a1d33ce983cdb,fixed_2p,3,1,61,1,loss,variable_2_4/repetition_1
15,1470,fixed_2p/repetition_3,e84a40adced747d4aa7a1d33ce983cdb,fixed_2p,3,0,60,5,win,variable_2_4/repetition_1
15,1470,variable_2_4/repetition_1,bf23b43ba2e94b7d994bbae85dbabef5,variable_2_4,1,1,51,2,loss,fixed_2p/repetition_3
15,1471,fixed_2p/repetition_3,e84a40adced747d4aa7a1d33ce983cdb,fixed_2p,3,0,53,1,win,variable_2_4/repetition_1
15,1471,variable_2_4/repetition_1,bf23b43ba2e94b7d994bbae85dbabef5,variable_2_4,1,1,48,4,loss,fixed_2p/repetition_3
15,1472,fixed_2p/repetition_3,e84a40adced747d4aa7a1d33ce983cdb,fixed_2p,3,0,40,4,loss,variable_2_4/repetition_1
15,1472,variable_2_4/repetition_1,bf23b43ba2e94b7d994bbae85dbabef5,variable_2_4,1,1,56,4,win,fixed_2p/repetition_3
15,1473,variable_2_4/repetition_1,bf23b43ba2e94b7d994bbae85dbabef5,variable_2_4,1,0,66,1,win,fixed_2p/repetition_3
15,1473,fixed_2p/repetition_3,e84a40adced747d4aa7a1d33ce983cdb,fixed_2p,3,1,63,3,loss,variable_2_4/repetition_1
15,1474,variable_2_4/repetition_1,bf23b43ba2e94b7d994bbae85dbabef5,variable_2_4,1,0,57,1,win,fixed_2p/repetition_3
15,1474,fixed_2p/repetition_3,e84a40adced747d4aa7a1d33ce983cdb,fixed_2p,3,1,53,3,loss,variable_2_4/repetition_1
15,1475,fixed_2p/repetition_3,e84a40adced747d4aa7a1d33ce983cdb,fixed_2p,3,0,66,1,win,variable_2_4/repetition_1
15,1475,variable_2_4/repetition_1,bf23b43ba2e94b7d994bbae85dbabef5,variable_2_4,1,1,65,1,loss,fixed_2p/repetition_3
15,1476,variable_2_4/repetition_1,bf23b43ba2e94b7d994bbae85dbabef5,variable_2_4,1,0,57,5,loss,fixed_2p/repetition_3
15,1476,fixed_2p/repetition_3,e84a40adced747d4aa7a1d33ce983cdb,fixed_2p,3,1,61,3,win,variable_2_4/repetition_1
15,1477,variable_2_4/repetition_1,bf23b43ba2e94b7d994bbae85dbabef5,variable_2_4,1,0,72,3,win,fixed_2p/repetition_3
15,1477,fixed_2p/repetition_3,e84a40adced747d4aa7a1d33ce983cdb,fixed_2p,3,1,47,2,loss,variable_2_4/repetition_1
15,1478,fixed_2p/repetition_3,e84a40adced747d4aa7a1d33ce983cdb,fixed_2p,3,0,57,4,win,variable_2_4/repetition_1
15,1478,variable_2_4/repetition_1,bf23b43ba2e94b7d994bbae85dbabef5,variable_2_4,1,1,54,3,loss,fixed_2p/repetition_3
15,1479,variable_2_4/repetition_1,bf23b43ba2e94b7d994bbae85dbabef5,variable_2_4,1,0,55,3,loss,fixed_2p/repetition_3
15,1479,fixed_2p/repetition_3,e84a40adced747d4aa7a1d33ce983cdb,fixed_2p,3,1,70,0,win,variable_2_4/repetition_1
15,1480,fixed_2p/repetition_3,e84a40adced747d4aa7a1d33ce983cdb,fixed_2p,3,0,49,3,win,variable_2_4/repetition_1
15,1480,variable_2_4/repetition_1,bf23b43ba2e94b7d994bbae85dbabef5,variable_2_4,1,1,47,1,loss,fixed_2p/repetition_3
15,1481,variable_2_4/repetition_1,bf23b43ba2e94b7d994bbae85dbabef5,variable_2_4,1,0,58,2,win,fixed_2p/repetition_3
15,1481,fixed_2p/repetition_3,e84a40adced747d4aa7a1d33ce983cdb,fixed_2p,3,1,50,2,loss,variable_2_4/repetition_1
15,1482,variable_2_4/repetition_1,bf23b43ba2e94b7d994bbae85dbabef5,variable_2_4,1,0,63,3,win,fixed_2p/repetition_3
15,1482,fixed_2p/repetition_3,e84a40adced747d4aa7a1d33ce983cdb,fixed_2p,3,1,41,2,loss,variable_2_4/repetition_1
15,1483,variable_2_4/repetition_1,bf23b43ba2e94b7d994bbae85dbabef5,variable_2_4,1,0,58,3,win,fixed_2p/repetition_3
15,1483,fixed_2p/repetition_3,e84a40adced747d4aa7a1d33ce983cdb,fixed_2p,3,1,49,3,loss,variable_2_4/repetition_1
15,1484,variable_2_4/repetition_1,bf23b43ba2e94b7d994bbae85dbabef5,variable_2_4,1,0,57,2,win,fixed_2p/repetition_3
15,1484,fixed_2p/repetition_3,e84a40adced747d4aa7a1d33ce983cdb,fixed_2p,3,1,55,3,loss,variable_2_4/repetition_1
15,1485,variable_2_4/repetition_1,bf23b43ba2e94b7d994bbae85dbabef5,variable_2_4,1,0,63,2,win,fixed_2p/repetition_3
15,1485,fixed_2p/repetition_3,e84a40adced747d4aa7a1d33ce983cdb,fixed_2p,3,1,59,2,loss,variable_2_4/repetition_1
15,1486,variable_2_4/repetition_1,bf23b43ba2e94b7d994bbae85dbabef5,variable_2_4,1,0,47,3,win,fixed_2p/repetition_3
15,1486,fixed_2p/repetition_3,e84a40adced747d4aa7a1d33ce983cdb,fixed_2p,3,1,46,4,loss,variable_2_4/repetition_1
15,1487,variable_2_4/repetition_1,bf23b43ba2e94b7d994bbae85dbabef5,variable_2_4,1,0,54,4,win,fixed_2p/repetition_3
15,1487,fixed_2p/repetition_3,e84a40adced747d4aa7a1d33ce983cdb,fixed_2p,3,1,49,3,loss,variable_2_4/repetition_1
15,1488,fixed_2p/repetition_3,e84a40adced747d4aa7a1d33ce983cdb,fixed_2p,3,0,58,4,loss,variable_2_4/repetition_1
15,1488,variable_2_4/repetition_1,bf23b43ba2e94b7d994bbae85dbabef5,variable_2_4,1,1,64,2,win,fixed_2p/repetition_3
15,1489,variable_2_4/repetition_1,bf23b43ba2e94b7d994bbae85dbabef5,variable_2_4,1,0,54,2,loss,fixed_2p/repetition_3
15,1489,fixed_2p/repetition_3,e84a40adced747d4aa7a1d33ce983cdb,fixed_2p,3,1,55,1,win,variable_2_4/repetition_1
15,1490,fixed_2p/repetition_3,e84a40adced747d4aa7a1d33ce983cdb,fixed_2p,3,0,55,5,win,variable_2_4/repetition_1
15,1490,variable_2_4/repetition_1,bf23b43ba2e94b7d994bbae85dbabef5,variable_2_4,1,1,43,4,loss,fixed_2p/repetition_3
15,1491,variable_2_4/repetition_1,bf23b43ba2e94b7d994bbae85dbabef5,variable_2_4,1,0,60,3,win,fixed_2p/repetition_3
15,1491,fixed_2p/repetition_3,e84a40adced747d4aa7a1d33ce983cdb,fixed_2p,3,1,56,4,loss,variable_2_4/repetition_1
15,1492,variable_2_4/repetition_1,bf23b43ba2e94b7d994bbae85dbabef5,variable_2_4,1,0,69,4,win,fixed_2p/repetition_3
15,1492,fixed_2p/repetition_3,e84a40adced747d4aa7a1d33ce983cdb,fixed_2p,3,1,57,2,loss,variable_2_4/repetition_1
15,1493,variable_2_4/repetition_1,bf23b43ba2e94b7d994bbae85dbabef5,variable_2_4,1,0,55,2,win,fixed_2p/repetition_3
15,1493,fixed_2p/repetition_3,e84a40adced747d4aa7a1d33ce983cdb,fixed_2p,3,1,54,2,loss,variable_2_4/repetition_1
15,1494,variable_2_4/repetition_1,bf23b43ba2e94b7d994bbae85dbabef5,variable_2_4,1,0,49,4,loss,fixed_2p/repetition_3
15,1494,fixed_2p/repetition_3,e84a40adced747d4aa7a1d33ce983cdb,fixed_2p,3,1,53,3,win,variable_2_4/repetition_1
15,1495,variable_2_4/repetition_1,bf23b43ba2e94b7d994bbae85dbabef5,variable_2_4,1,0,69,3,win,fixed_2p/repetition_3
15,1495,fixed_2p/repetition_3,e84a40adced747d4aa7a1d33ce983cdb,fixed_2p,3,1,54,2,loss,variable_2_4/repetition_1
15,1496,variable_2_4/repetition_1,bf23b43ba2e94b7d994bbae85dbabef5,variable_2_4,1,0,69,2,win,fixed_2p/repetition_3
15,1496,fixed_2p/repetition_3,e84a40adced747d4aa7a1d33ce983cdb,fixed_2p,3,1,68,0,loss,variable_2_4/repetition_1
15,1497,variable_2_4/repetition_1,bf23b43ba2e94b7d994bbae85dbabef5,variable_2_4,1,0,60,3,win,fixed_2p/repetition_3
15,1497,fixed_2p/repetition_3,e84a40adced747d4aa7a1d33ce983cdb,fixed_2p,3,1,59,1,loss,variable_2_4/repetition_1
15,1498,variable_2_4/repetition_1,bf23b43ba2e94b7d994bbae85dbabef5,variable_2_4,1,0,48,1,loss,fixed_2p/repetition_3
15,1498,fixed_2p/repetition_3,e84a40adced747d4aa7a1d33ce983cdb,fixed_2p,3,1,62,3,win,variable_2_4/repetition_1
15,1499,variable_2_4/repetition_1,bf23b43ba2e94b7d994bbae85dbabef5,variable_2_4,1,0,56,5,win,fixed_2p/repetition_3
15,1499,fixed_2p/repetition_3,e84a40adced747d4aa7a1d33ce983cdb,fixed_2p,3,1,56,2,loss,variable_2_4/repetition_1
15,1500,variable_2_4/repetition_1,bf23b43ba2e94b7d994bbae85dbabef5,variable_2_4,1,0,51,2,loss,fixed_2p/repetition_3
15,1500,fixed_2p/repetition_3,e84a40adced747d4aa7a1d33ce983cdb,fixed_2p,3,1,59,3,win,variable_2_4/repetition_1
16,1501,fixed_2p/repetition_3,e84a40adced747d4aa7a1d33ce983cdb,fixed_2p,3,0,61,5,win,variable_2_4/repetition_2
16,1501,variable_2_4/repetition_2,bb09607dedb34a45b4ea410e5fa000d0,variable_2_4,2,1,52,2,loss,fixed_2p/repetition_3
16,1502,variable_2_4/repetition_2,bb09607dedb34a45b4ea410e5fa000d0,variable_2_4,2,0,54,5,loss,fixed_2p/repetition_3
16,1502,fixed_2p/repetition_3,e84a40adced747d4aa7a1d33ce983cdb,fixed_2p,3,1,60,2,win,variable_2_4/repetition_2
16,1503,variable_2_4/repetition_2,bb09607dedb34a45b4ea410e5fa000d0,variable_2_4,2,0,50,5,win,fixed_2p/repetition_3
16,1503,fixed_2p/repetition_3,e84a40adced747d4aa7a1d33ce983cdb,fixed_2p,3,1,44,3,loss,variable_2_4/repetition_2
16,1504,fixed_2p/repetition_3,e84a40adced747d4aa7a1d33ce983cdb,fixed_2p,3,0,50,6,loss,variable_2_4/repetition_2
16,1504,variable_2_4/repetition_2,bb09607dedb34a45b4ea410e5fa000d0,variable_2_4,2,1,63,3,win,fixed_2p/repetition_3
16,1505,variable_2_4/repetition_2,bb09607dedb34a45b4ea410e5fa000d0,variable_2_4,2,0,57,3,loss,fixed_2p/repetition_3
16,1505,fixed_2p/repetition_3,e84a40adced747d4aa7a1d33ce983cdb,fixed_2p,3,1,68,4,win,variable_2_4/repetition_2
16,1506,variable_2_4/repetition_2,bb09607dedb34a45b4ea410e5fa000d0,variable_2_4,2,0,60,3,win,fixed_2p/repetition_3
16,1506,fixed_2p/repetition_3,e84a40adced747d4aa7a1d33ce983cdb,fixed_2p,3,1,55,2,loss,variable_2_4/repetition_2
16,1507,variable_2_4/repetition_2,bb09607dedb34a45b4ea410e5fa000d0,variable_2_4,2,0,48,2,loss,fixed_2p/repetition_3
16,1507,fixed_2p/repetition_3,e84a40adced747d4aa7a1d33ce983cdb,fixed_2p,3,1,57,4,win,variable_2_4/repetition_2
16,1508,fixed_2p/repetition_3,e84a40adced747d4aa7a1d33ce983cdb,fixed_2p,3,0,57,2,win,variable_2_4/repetition_2
16,1508,variable_2_4/repetition_2,bb09607dedb34a45b4ea410e5fa000d0,variable_2_4,2,1,55,2,loss,fixed_2p/repetition_3
16,1509,variable_2_4/repetition_2,bb09607dedb34a45b4ea410e5fa000d0,variable_2_4,2,0,71,3,win,fixed_2p/repetition_3
16,1509,fixed_2p/repetition_3,e84a40adced747d4aa7a1d33ce983cdb,fixed_2p,3,1,46,2,loss,variable_2_4/repetition_2
16,1510,variable_2_4/repetition_2,bb09607dedb34a45b4ea410e5fa000d0,variable_2_4,2,0,49,6,loss,fixed_2p/repetition_3
16,1510,fixed_2p/repetition_3,e84a40adced747d4aa7a1d33ce983cdb,fixed_2p,3,1,50,1,win,variable_2_4/repetition_2
16,1511,variable_2_4/repetition_2,bb09607dedb34a45b4ea410e5fa000d0,variable_2_4,2,0,42,2,loss,fixed_2p/repetition_3
16,1511,fixed_2p/repetition_3,e84a40adced747d4aa7a1d33ce983cdb,fixed_2p,3,1,48,3,win,variable_2_4/repetition_2
16,1512,fixed_2p/repetition_3,e84a40adced747d4aa7a1d33ce983cdb,fixed_2p,3,0,56,1,win,variable_2_4/repetition_2
16,1512,variable_2_4/repetition_2,bb09607dedb34a45b4ea410e5fa000d0,variable_2_4,2,1,54,4,loss,fixed_2p/repetition_3
16,1513,fixed_2p/repetition_3,e84a40adced747d4aa7a1d33ce983cdb,fixed_2p,3,0,46,6,loss,variable_2_4/repetition_2
16,1513,variable_2_4/repetition_2,bb09607dedb34a45b4ea410e5fa000d0,variable_2_4,2,1,62,1,win,fixed_2p/repetition_3
16,1514,variable_2_4/repetition_2,bb09607dedb34a45b4ea410e5fa000d0,variable_2_4,2,0,60,2,loss,fixed_2p/repetition_3
16,1514,fixed_2p/repetition_3,e84a40adced747d4aa7a1d33ce983cdb,fixed_2p,3,1,63,3,win,variable_2_4/repetition_2
16,1515,variable_2_4/repetition_2,bb09607dedb34a45b4ea410e5fa000d0,variable_2_4,2,0,56,0,loss,fixed_2p/repetition_3
16,1515,fixed_2p/repetition_3,e84a40adced747d4aa7a1d33ce983cdb,fixed_2p,3,1,64,4,win,variable_2_4/repetition_2
16,1516,variable_2_4/repetition_2,bb09607dedb34a45b4ea410e5fa000d0,variable_2_4,2,0,59,4,loss,fixed_2p/repetition_3
16,1516,fixed_2p/repetition_3,e84a40adced747d4aa7a1d33ce983cdb,fixed_2p,3,1,66,1,win,variable_2_4/repetition_2
16,1517,variable_2_4/repetition_2,bb09607dedb34a45b4ea410e5fa000d0,variable_2_4,2,0,52,5,win,fixed_2p/repetition_3
16,1517,fixed_2p/repetition_3,e84a40adced747d4aa7a1d33ce983cdb,fixed_2p,3,1,46,3,loss,variable_2_4/repetition_2
16,1518,variable_2_4/repetition_2,bb09607dedb34a45b4ea410e5fa000d0,variable_2_4,2,0,49,2,loss,fixed_2p/repetition_3
16,1518,fixed_2p/repetition_3,e84a40adced747d4aa7a1d33ce983cdb,fixed_2p,3,1,59,5,win,variable_2_4/repetition_2
16,1519,variable_2_4/repetition_2,bb09607dedb34a45b4ea410e5fa000d0,variable_2_4,2,0,53,2,win,fixed_2p/repetition_3
16,1519,fixed_2p/repetition_3,e84a40adced747d4aa7a1d33ce983cdb,fixed_2p,3,1,41,2,loss,variable_2_4/repetition_2
16,1520,fixed_2p/repetition_3,e84a40adced747d4aa7a1d33ce983cdb,fixed_2p,3,0,58,3,loss,variable_2_4/repetition_2
16,1520,variable_2_4/repetition_2,bb09607dedb34a45b4ea410e5fa000d0,variable_2_4,2,1,59,1,win,fixed_2p/repetition_3
16,1521,variable_2_4/repetition_2,bb09607dedb34a45b4ea410e5fa000d0,variable_2_4,2,0,67,3,win,fixed_2p/repetition_3
16,1521,fixed_2p/repetition_3,e84a40adced747d4aa7a1d33ce983cdb,fixed_2p,3,1,46,2,loss,variable_2_4/repetition_2
16,1522,fixed_2p/repetition_3,e84a40adced747d4aa7a1d33ce983cdb,fixed_2p,3,0,49,3,loss,variable_2_4/repetition_2
16,1522,variable_2_4/repetition_2,bb09607dedb34a45b4ea410e5fa000d0,variable_2_4,2,1,54,4,win,fixed_2p/repetition_3
16,1523,fixed_2p/repetition_3,e84a40adced747d4aa7a1d33ce983cdb,fixed_2p,3,0,57,3,win,variable_2_4/repetition_2
16,1523,variable_2_4/repetition_2,bb09607dedb34a45b4ea410e5fa000d0,variable_2_4,2,1,53,1,loss,fixed_2p/repetition_3
16,1524,variable_2_4/repetition_2,bb09607dedb34a45b4ea410e5fa000d0,variable_2_4,2,0,62,1,loss,fixed_2p/repetition_3
16,1524,fixed_2p/repetition_3,e84a40adced747d4aa7a1d33ce983cdb,fixed_2p,3,1,71,3,win,variable_2_4/repetition_2
16,1525,fixed_2p/repetition_3,e84a40adced747d4aa7a1d33ce983cdb,fixed_2p,3,0,50,1,loss,variable_2_4/repetition_2
16,1525,variable_2_4/repetition_2,bb09607dedb34a45b4ea410e5fa000d0,variable_2_4,2,1,58,4,win,fixed_2p/repetition_3
16,1526,fixed_2p/repetition_3,e84a40adced747d4aa7a1d33ce983cdb,fixed_2p,3,0,55,3,loss,variable_2_4/repetition_2
16,1526,variable_2_4/repetition_2,bb09607dedb34a45b4ea410e5fa000d0,variable_2_4,2,1,64,3,win,fixed_2p/repetition_3
16,1527,variable_2_4/repetition_2,bb09607dedb34a45b4ea410e5fa000d0,variable_2_4,2,0,60,2,win,fixed_2p/repetition_3
16,1527,fixed_2p/repetition_3,e84a40adced747d4aa7a1d33ce983cdb,fixed_2p,3,1,58,3,loss,variable_2_4/repetition_2
16,1528,variable_2_4/repetition_2,bb09607dedb34a45b4ea410e5fa000d0,variable_2_4,2,0,44,3,loss,fixed_2p/repetition_3
16,1528,fixed_2p/repetition_3,e84a40adced747d4aa7a1d33ce983cdb,fixed_2p,3,1,59,3,win,variable_2_4/repetition_2
16,1529,variable_2_4/repetition_2,bb09607dedb34a45b4ea410e5fa000d0,variable_2_4,2,0,49,3,loss,fixed_2p/repetition_3
16,1529,fixed_2p/repetition_3,e84a40adced747d4aa7a1d33ce983cdb,fixed_2p,3,1,51,3,win,variable_2_4/repetition_2
16,1530,fixed_2p/repetition_3,e84a40adced747d4aa7a1d33ce983cdb,fixed_2p,3,0,49,2,loss,variable_2_4/repetition_2
16,1530,variable_2_4/repetition_2,bb09607dedb34a45b4ea410e5fa000d0,variable_2_4,2,1,64,2,win,fixed_2p/repetition_3
16,1531,fixed_2p/repetition_3,e84a40adced747d4aa7a1d33ce983cdb,fixed_2p,3,0,52,2,loss,variable_2_4/repetition_2
16,1531,variable_2_4/repetition_2,bb09607dedb34a45b4ea410e5fa000d0,variable_2_4,2,1,59,3,win,fixed_2p/repetition_3
16,1532,variable_2_4/repetition_2,bb09607dedb34a45b4ea410e5fa000d0,variable_2_4,2,0,57,1,loss,fixed_2p/repetition_3
16,1532,fixed_2p/repetition_3,e84a40adced747d4aa7a1d33ce983cdb,fixed_2p,3,1,62,3,win,variable_2_4/repetition_2
16,1533,fixed_2p/repetition_3,e84a40adced747d4aa7a1d33ce983cdb,fixed_2p,3,0,53,4,win,variable_2_4/repetition_2
16,1533,variable_2_4/repetition_2,bb09607dedb34a45b4ea410e5fa000d0,variable_2_4,2,1,52,3,loss,fixed_2p/repetition_3
16,1534,variable_2_4/repetition_2,bb09607dedb34a45b4ea410e5fa000d0,variable_2_4,2,0,68,4,win,fixed_2p/repetition_3
16,1534,fixed_2p/repetition_3,e84a40adced747d4aa7a1d33ce983cdb,fixed_2p,3,1,44,3,loss,variable_2_4/repetition_2
16,1535,fixed_2p/repetition_3,e84a40adced747d4aa7a1d33ce983cdb,fixed_2p,3,0,56,2,win,variable_2_4/repetition_2
16,1535,variable_2_4/repetition_2,bb09607dedb34a45b4ea410e5fa000d0,variable_2_4,2,1,51,4,loss,fixed_2p/repetition_3
16,1536,variable_2_4/repetition_2,bb09607dedb34a45b4ea410e5fa000d0,variable_2_4,2,0,57,1,win,fixed_2p/repetition_3
16,1536,fixed_2p/repetition_3,e84a40adced747d4aa7a1d33ce983cdb,fixed_2p,3,1,53,4,loss,variable_2_4/repetition_2
16,1537,variable_2_4/repetition_2,bb09607dedb34a45b4ea410e5fa000d0,variable_2_4,2,0,52,4,tie,fixed_2p/repetition_3
16,1537,fixed_2p/repetition_3,e84a40adced747d4aa7a1d33ce983cdb,fixed_2p,3,1,52,4,tie,variable_2_4/repetition_2
16,1538,variable_2_4/repetition_2,bb09607dedb34a45b4ea410e5fa000d0,variable_2_4,2,0,45,3,loss,fixed_2p/repetition_3
16,1538,fixed_2p/repetition_3,e84a40adced747d4aa7a1d33ce983cdb,fixed_2p,3,1,51,4,win,variable_2_4/repetition_2
16,1539,fixed_2p/repetition_3,e84a40adced747d4aa7a1d33ce983cdb,fixed_2p,3,0,48,3,loss,variable_2_4/repetition_2
16,1539,variable_2_4/repetition_2,bb09607dedb34a45b4ea410e5fa000d0,variable_2_4,2,1,58,3,win,fixed_2p/repetition_3
16,1540,fixed_2p/repetition_3,e84a40adced747d4aa7a1d33ce983cdb,fixed_2p,3,0,52,3,win,variable_2_4/repetition_2
16,1540,variable_2_4/repetition_2,bb09607dedb34a45b4ea410e5fa000d0,variable_2_4,2,1,45,3,loss,fixed_2p/repetition_3
16,1541,variable_2_4/repetition_2,bb09607dedb34a45b4ea410e5fa000d0,variable_2_4,2,0,65,3,win,fixed_2p/repetition_3
16,1541,fixed_2p/repetition_3,e84a40adced747d4aa7a1d33ce983cdb,fixed_2p,3,1,62,1,loss,variable_2_4/repetition_2
16,1542,fixed_2p/repetition_3,e84a40adced747d4aa7a1d33ce983cdb,fixed_2p,3,0,53,2,loss,variable_2_4/repetition_2
16,1542,variable_2_4/repetition_2,bb09607dedb34a45b4ea410e5fa000d0,variable_2_4,2,1,65,3,win,fixed_2p/repetition_3
16,1543,fixed_2p/repetition_3,e84a40adced747d4aa7a1d33ce983cdb,fixed_2p,3,0,50,1,loss,variable_2_4/repetition_2
16,1543,variable_2_4/repetition_2,bb09607dedb34a45b4ea410e5fa000d0,variable_2_4,2,1,69,4,win,fixed_2p/repetition_3
16,1544,variable_2_4/repetition_2,bb09607dedb34a45b4ea410e5fa000d0,variable_2_4,2,0,52,2,loss,fixed_2p/repetition_3
16,1544,fixed_2p/repetition_3,e84a40adced747d4aa7a1d33ce983cdb,fixed_2p,3,1,62,3,win,variable_2_4/repetition_2
16,1545,variable_2_4/repetition_2,bb09607dedb34a45b4ea410e5fa000d0,variable_2_4,2,0,48,1,loss,fixed_2p/repetition_3
16,1545,fixed_2p/repetition_3,e84a40adced747d4aa7a1d33ce983cdb,fixed_2p,3,1,54,3,win,variable_2_4/repetition_2
16,1546,fixed_2p/repetition_3,e84a40adced747d4aa7a1d33ce983cdb,fixed_2p,3,0,55,4,win,variable_2_4/repetition_2
16,1546,variable_2_4/repetition_2,bb09607dedb34a45b4ea410e5fa000d0,variable_2_4,2,1,52,3,loss,fixed_2p/repetition_3
16,1547,variable_2_4/repetition_2,bb09607dedb34a45b4ea410e5fa000d0,variable_2_4,2,0,56,2,loss,fixed_2p/repetition_3
16,1547,fixed_2p/repetition_3,e84a40adced747d4aa7a1d33ce983cdb,fixed_2p,3,1,57,1,win,variable_2_4/repetition_2
16,1548,fixed_2p/repetition_3,e84a40adced747d4aa7a1d33ce983cdb,fixed_2p,3,0,56,2,loss,variable_2_4/repetition_2
16,1548,variable_2_4/repetition_2,bb09607dedb34a45b4ea410e5fa000d0,variable_2_4,2,1,63,3,win,fixed_2p/repetition_3
16,1549,variable_2_4/repetition_2,bb09607dedb34a45b4ea410e5fa000d0,variable_2_4,2,0,49,1,loss,fixed_2p/repetition_3
16,1549,fixed_2p/repetition_3,e84a40adced747d4aa7a1d33ce983cdb,fixed_2p,3,1,49,4,win,variable_2_4/repetition_2
16,1550,fixed_2p/repetition_3,e84a40adced747d4aa7a1d33ce983cdb,fixed_2p,3,0,55,2,loss,variable_2_4/repetition_2
16,1550,variable_2_4/repetition_2,bb09607dedb34a45b4ea410e5fa000d0,variable_2_4,2,1,56,3,win,fixed_2p/repetition_3
16,1551,fixed_2p/repetition_3,e84a40adced747d4aa7a1d33ce983cdb,fixed_2p,3,0,50,2,loss,variable_2_4/repetition_2
16,1551,variable_2_4/repetition_2,bb09607dedb34a45b4ea410e5fa000d0,variable_2_4,2,1,56,0,win,fixed_2p/repetition_3
16,1552,variable_2_4/repetition_2,bb09607dedb34a45b4ea410e5fa000d0,variable_2_4,2,0,62,0,win,fixed_2p/repetition_3
16,1552,fixed_2p/repetition_3,e84a40adced747d4aa7a1d33ce983cdb,fixed_2p,3,1,53,3,loss,variable_2_4/repetition_2
16,1553,variable_2_4/repetition_2,bb09607dedb34a45b4ea410e5fa000d0,variable_2_4,2,0,55,3,win,fixed_2p/repetition_3
16,1553,fixed_2p/repetition_3,e84a40adced747d4aa7a1d33ce983cdb,fixed_2p,3,1,44,5,loss,variable_2_4/repetition_2
16,1554,fixed_2p/repetition_3,e84a40adced747d4aa7a1d33ce983cdb,fixed_2p,3,0,56,4,win,variable_2_4/repetition_2
16,1554,variable_2_4/repetition_2,bb09607dedb34a45b4ea410e5fa000d0,variable_2_4,2,1,47,3,loss,fixed_2p/repetition_3
16,1555,variable_2_4/repetition_2,bb09607dedb34a45b4ea410e5fa000d0,variable_2_4,2,0,40,3,loss,fixed_2p/repetition_3
16,1555,fixed_2p/repetition_3,e84a40adced747d4aa7a1d33ce983cdb,fixed_2p,3,1,47,4,win,variable_2_4/repetition_2
16,1556,variable_2_4/repetition_2,bb09607dedb34a45b4ea410e5fa000d0,variable_2_4,2,0,50,2,win,fixed_2p/repetition_3
16,1556,fixed_2p/repetition_3,e84a40adced747d4aa7a1d33ce983cdb,fixed_2p,3,1,41,4,loss,variable_2_4/repetition_2
16,1557,variable_2_4/repetition_2,bb09607dedb34a45b4ea410e5fa000d0,variable_2_4,2,0,55,2,loss,fixed_2p/repetition_3
16,1557,fixed_2p/repetition_3,e84a40adced747d4aa7a1d33ce983cdb,fixed_2p,3,1,60,4,win,variable_2_4/repetition_2
16,1558,variable_2_4/repetition_2,bb09607dedb34a45b4ea410e5fa000d0,variable_2_4,2,0,56,2,win,fixed_2p/repetition_3
16,1558,fixed_2p/repetition_3,e84a40adced747d4aa7a1d33ce983cdb,fixed_2p,3,1,53,4,loss,variable_2_4/repetition_2
16,1559,fixed_2p/repetition_3,e84a40adced747d4aa7a1d33ce983cdb,fixed_2p,3,0,55,0,win,variable_2_4/repetition_2
16,1559,variable_2_4/repetition_2,bb09607dedb34a45b4ea410e5fa000d0,variable_2_4,2,1,52,4,loss,fixed_2p/repetition_3
16,1560,variable_2_4/repetition_2,bb09607dedb34a45b4ea410e5fa000d0,variable_2_4,2,0,58,4,win,fixed_2p/repetition_3
16,1560,fixed_2p/repetition_3,e84a40adced747d4aa7a1d33ce983cdb,fixed_2p,3,1,58,2,loss,variable_2_4/repetition_2
16,1561,fixed_2p/repetition_3,e84a40adced747d4aa7a1d33ce983cdb,fixed_2p,3,0,57,1,win,variable_2_4/repetition_2
16,1561,variable_2_4/repetition_2,bb09607dedb34a45b4ea410e5fa000d0,variable_2_4,2,1,56,5,loss,fixed_2p/repetition_3
16,1562,variable_2_4/repetition_2,bb09607dedb34a45b4ea410e5fa000d0,variable_2_4,2,0,58,5,win,fixed_2p/repetition_3
16,1562,fixed_2p/repetition_3,e84a40adced747d4aa7a1d33ce983cdb,fixed_2p,3,1,54,1,loss,variable_2_4/repetition_2
16,1563,variable_2_4/repetition_2,bb09607dedb34a45b4ea410e5fa000d0,variable_2_4,2,0,55,3,win,fixed_2p/repetition_3
16,1563,fixed_2p/repetition_3,e84a40adced747d4aa7a1d33ce983cdb,fixed_2p,3,1,48,3,loss,variable_2_4/repetition_2
16,1564,variable_2_4/repetition_2,bb09607dedb34a45b4ea410e5fa000d0,variable_2_4,2,0,42,5,loss,fixed_2p/repetition_3
16,1564,fixed_2p/repetition_3,e84a40adced747d4aa7a1d33ce983cdb,fixed_2p,3,1,46,4,win,variable_2_4/repetition_2
16,1565,fixed_2p/repetition_3,e84a40adced747d4aa7a1d33ce983cdb,fixed_2p,3,0,50,7,loss,variable_2_4/repetition_2
16,1565,variable_2_4/repetition_2,bb09607dedb34a45b4ea410e5fa000d0,variable_2_4,2,1,58,1,win,fixed_2p/repetition_3
16,1566,variable_2_4/repetition_2,bb09607dedb34a45b4ea410e5fa000d0,variable_2_4,2,0,62,4,win,fixed_2p/repetition_3
16,1566,fixed_2p/repetition_3,e84a40adced747d4aa7a1d33ce983cdb,fixed_2p,3,1,44,2,loss,variable_2_4/repetition_2
16,1567,variable_2_4/repetition_2,bb09607dedb34a45b4ea410e5fa000d0,variable_2_4,2,0,61,3,win,fixed_2p/repetition_3
16,1567,fixed_2p/repetition_3,e84a40adced747d4aa7a1d33ce983cdb,fixed_2p,3,1,40,2,loss,variable_2_4/repetition_2
16,1568,variable_2_4/repetition_2,bb09607dedb34a45b4ea410e5fa000d0,variable_2_4,2,0,56,1,win,fixed_2p/repetition_3
16,1568,fixed_2p/repetition_3,e84a40adced747d4aa7a1d33ce983cdb,fixed_2p,3,1,53,3,loss,variable_2_4/repetition_2
16,1569,fixed_2p/repetition_3,e84a40adced747d4aa7a1d33ce983cdb,fixed_2p,3,0,62,2,win,variable_2_4/repetition_2
16,1569,variable_2_4/repetition_2,bb09607dedb34a45b4ea410e5fa000d0,variable_2_4,2,1,54,3,loss,fixed_2p/repetition_3
16,1570,fixed_2p/repetition_3,e84a40adced747d4aa7a1d33ce983cdb,fixed_2p,3,0,55,2,loss,variable_2_4/repetition_2
16,1570,variable_2_4/repetition_2,bb09607dedb34a45b4ea410e5fa000d0,variable_2_4,2,1,60,3,win,fixed_2p/repetition_3
16,1571,fixed_2p/repetition_3,e84a40adced747d4aa7a1d33ce983cdb,fixed_2p,3,0,47,5,loss,variable_2_4/repetition_2
16,1571,variable_2_4/repetition_2,bb09607dedb34a45b4ea410e5fa000d0,variable_2_4,2,1,60,3,win,fixed_2p/repetition_3
16,1572,fixed_2p/repetition_3,e84a40adced747d4aa7a1d33ce983cdb,fixed_2p,3,0,56,5,win,variable_2_4/repetition_2
16,1572,variable_2_4/repetition_2,bb09607dedb34a45b4ea410e5fa000d0,variable_2_4,2,1,45,3,loss,fixed_2p/repetition_3
16,1573,variable_2_4/repetition_2,bb09607dedb34a45b4ea410e5fa000d0,variable_2_4,2,0,47,5,loss,fixed_2p/repetition_3
16,1573,fixed_2p/repetition_3,e84a40adced747d4aa7a1d33ce983cdb,fixed_2p,3,1,55,2,win,variable_2_4/repetition_2
16,1574,variable_2_4/repetition_2,bb09607dedb34a45b4ea410e5fa000d0,variable_2_4,2,0,65,3,win,fixed_2p/repetition_3
16,1574,fixed_2p/repetition_3,e84a40adced747d4aa7a1d33ce983cdb,fixed_2p,3,1,65,2,loss,variable_2_4/repetition_2
16,1575,fixed_2p/repetition_3,e84a40adced747d4aa7a1d33ce983cdb,fixed_2p,3,0,59,1,win,variable_2_4/repetition_2
16,1575,variable_2_4/repetition_2,bb09607dedb34a45b4ea410e5fa000d0,variable_2_4,2,1,56,4,loss,fixed_2p/repetition_3
16,1576,variable_2_4/repetition_2,bb09607dedb34a45b4ea410e5fa000d0,variable_2_4,2,0,50,2,loss,fixed_2p/repetition_3
16,1576,fixed_2p/repetition_3,e84a40adced747d4aa7a1d33ce983cdb,fixed_2p,3,1,51,1,win,variable_2_4/repetition_2
16,1577,variable_2_4/repetition_2,bb09607dedb34a45b4ea410e5fa000d0,variable_2_4,2,0,54,2,win,fixed_2p/repetition_3
16,1577,fixed_2p/repetition_3,e84a40adced747d4aa7a1d33ce983cdb,fixed_2p,3,1,43,4,loss,variable_2_4/repetition_2
16,1578,fixed_2p/repetition_3,e84a40adced747d4aa7a1d33ce983cdb,fixed_2p,3,0,49,4,loss,variable_2_4/repetition_2
16,1578,variable_2_4/repetition_2,bb09607dedb34a45b4ea410e5fa000d0,variable_2_4,2,1,51,2,win,fixed_2p/repetition_3
16,1579,variable_2_4/repetition_2,bb09607dedb34a45b4ea410e5fa000d0,variable_2_4,2,0,51,3,loss,fixed_2p/repetition_3
16,1579,fixed_2p/repetition_3,e84a40adced747d4aa7a1d33ce983cdb,fixed_2p,3,1,55,4,win,variable_2_4/repetition_2
16,1580,fixed_2p/repetition_3,e84a40adced747d4aa7a1d33ce983cdb,fixed_2p,3,0,59,2,loss,variable_2_4/repetition_2
16,1580,variable_2_4/repetition_2,bb09607dedb34a45b4ea410e5fa000d0,variable_2_4,2,1,61,3,win,fixed_2p/repetition_3
16,1581,variable_2_4/repetition_2,bb09607dedb34a45b4ea410e5fa000d0,variable_2_4,2,0,49,2,win,fixed_2p/repetition_3
16,1581,fixed_2p/repetition_3,e84a40adced747d4aa7a1d33ce983cdb,fixed_2p,3,1,42,4,loss,variable_2_4/repetition_2
16,1582,variable_2_4/repetition_2,bb09607dedb34a45b4ea410e5fa000d0,variable_2_4,2,0,60,3,win,fixed_2p/repetition_3
16,1582,fixed_2p/repetition_3,e84a40adced747d4aa7a1d33ce983cdb,fixed_2p,3,1,52,3,loss,variable_2_4/repetition_2
16,1583,variable_2_4/repetition_2,bb09607dedb34a45b4ea410e5fa000d0,variable_2_4,2,0,55,2,win,fixed_2p/repetition_3
16,1583,fixed_2p/repetition_3,e84a40adced747d4aa7a1d33ce983cdb,fixed_2p,3,1,53,2,loss,variable_2_4/repetition_2
16,1584,variable_2_4/repetition_2,bb09607dedb34a45b4ea410e5fa000d0,variable_2_4,2,0,67,3,win,fixed_2p/repetition_3
16,1584,fixed_2p/repetition_3,e84a40adced747d4aa7a1d33ce983cdb,fixed_2p,3,1,46,4,loss,variable_2_4/repetition_2
16,1585,variable_2_4/repetition_2,bb09607dedb34a45b4ea410e5fa000d0,variable_2_4,2,0,59,4,loss,fixed_2p/repetition_3
16,1585,fixed_2p/repetition_3,e84a40adced747d4aa7a1d33ce983cdb,fixed_2p,3,1,60,1,win,variable_2_4/repetition_2
16,1586,fixed_2p/repetition_3,e84a40adced747d4aa7a1d33ce983cdb,fixed_2p,3,0,55,2,win,variable_2_4/repetition_2
16,1586,variable_2_4/repetition_2,bb09607dedb34a45b4ea410e5fa000d0,variable_2_4,2,1,49,3,loss,fixed_2p/repetition_3
16,1587,fixed_2p/repetition_3,e84a40adced747d4aa7a1d33ce983cdb,fixed_2p,3,0,46,3,loss,variable_2_4/repetition_2
16,1587,variable_2_4/repetition_2,bb09607dedb34a45b4ea410e5fa000d0,variable_2_4,2,1,50,2,win,fixed_2p/repetition_3
16,1588,variable_2_4/repetition_2,bb09607dedb34a45b4ea410e5fa000d0,variable_2_4,2,0,55,2,loss,fixed_2p/repetition_3
16,1588,fixed_2p/repetition_3,e84a40adced747d4aa7a1d33ce983cdb,fixed_2p,3,1,56,5,win,variable_2_4/repetition_2
16,1589,variable_2_4/repetition_2,bb09607dedb34a45b4ea410e5fa000d0,variable_2_4,2,0,51,3,loss,fixed_2p/repetition_3
16,1589,fixed_2p/repetition_3,e84a40adced747d4aa7a1d33ce983cdb,fixed_2p,3,1,60,2,win,variable_2_4/repetition_2
16,1590,variable_2_4/repetition_2,bb09607dedb34a45b4ea410e5fa000d0,variable_2_4,2,0,52,2,win,fixed_2p/repetition_3
16,1590,fixed_2p/repetition_3,e84a40adced747d4aa7a1d33ce983cdb,fixed_2p,3,1,46,3,loss,variable_2_4/repetition_2
16,1591,fixed_2p/repetition_3,e84a40adced747d4aa7a1d33ce983cdb,fixed_2p,3,0,58,2,win,variable_2_4/repetition_2
16,1591,variable_2_4/repetition_2,bb09607dedb34a45b4ea410e5fa000d0,variable_2_4,2,1,44,1,loss,fixed_2p/repetition_3
16,1592,fixed_2p/repetition_3,e84a40adced747d4aa7a1d33ce983cdb,fixed_2p,3,0,49,2,win,variable_2_4/repetition_2
16,1592,variable_2_4/repetition_2,bb09607dedb34a45b4ea410e5fa000d0,variable_2_4,2,1,48,4,loss,fixed_2p/repetition_3
16,1593,variable_2_4/repetition_2,bb09607dedb34a45b4ea410e5fa000d0,variable_2_4,2,0,54,3,loss,fixed_2p/repetition_3
16,1593,fixed_2p/repetition_3,e84a40adced747d4aa7a1d33ce983cdb,fixed_2p,3,1,56,2,win,variable_2_4/repetition_2
16,1594,fixed_2p/repetition_3,e84a40adced747d4aa7a1d33ce983cdb,fixed_2p,3,0,55,4,win,variable_2_4/repetition_2
16,1594,variable_2_4/repetition_2,bb09607dedb34a45b4ea410e5fa000d0,variable_2_4,2,1,49,2,loss,fixed_2p/repetition_3
16,1595,fixed_2p/repetition_3,e84a40adced747d4aa7a1d33ce983cdb,fixed_2p,3,0,57,5,loss,variable_2_4/repetition_2
16,1595,variable_2_4/repetition_2,bb09607dedb34a45b4ea410e5fa000d0,variable_2_4,2,1,59,1,win,fixed_2p/repetition_3
16,1596,variable_2_4/repetition_2,bb09607dedb34a45b4ea410e5fa000d0,variable_2_4,2,0,54,5,win,fixed_2p/repetition_3
16,1596,fixed_2p/repetition_3,e84a40adced747d4aa7a1d33ce983cdb,fixed_2p,3,1,51,2,loss,variable_2_4/repetition_2
16,1597,fixed_2p/repetition_3,e84a40adced747d4aa7a1d33ce983cdb,fixed_2p,3,0,55,1,loss,variable_2_4/repetition_2
16,1597,variable_2_4/repetition_2,bb09607dedb34a45b4ea410e5fa000d0,variable_2_4,2,1,59,3,win,fixed_2p/repetition_3
16,1598,variable_2_4/repetition_2,bb09607dedb34a45b4ea410e5fa000d0,variable_2_4,2,0,48,1,loss,fixed_2p/repetition_3
16,1598,fixed_2p/repetition_3,e84a40adced747d4aa7a1d33ce983cdb,fixed_2p,3,1,56,3,win,variable_2_4/repetition_2
16,1599,variable_2_4/repetition_2,bb09607dedb34a45b4ea410e5fa000d0,variable_2_4,2,0,49,1,loss,fixed_2p/repetition_3
16,1599,fixed_2p/repetition_3,e84a40adced747d4aa7a1d33ce983cdb,fixed_2p,3,1,55,4,win,variable_2_4/repetition_2
16,1600,fixed_2p/repetition_3,e84a40adced747d4aa7a1d33ce983cdb,fixed_2p,3,0,56,2,win,variable_2_4/repetition_2
16,1600,variable_2_4/repetition_2,bb09607dedb34a45b4ea410e5fa000d0,variable_2_4,2,1,53,4,loss,fixed_2p/repetition_3
17,1601,fixed_2p/repetition_3,e84a40adced747d4aa7a1d33ce983cdb,fixed_2p,3,0,50,3,loss,variable_2_4/repetition_3
17,1601,variable_2_4/repetition_3,982b1b91707d4b87abdfcc7aecfa5350,variable_2_4,3,1,62,1,win,fixed_2p/repetition_3
17,1602,variable_2_4/repetition_3,982b1b91707d4b87abdfcc7aecfa5350,variable_2_4,3,0,55,1,loss,fixed_2p/repetition_3
17,1602,fixed_2p/repetition_3,e84a40adced747d4aa7a1d33ce983cdb,fixed_2p,3,1,60,3,win,variable_2_4/repetition_3
17,1603,variable_2_4/repetition_3,982b1b91707d4b87abdfcc7aecfa5350,variable_2_4,3,0,43,5,loss,fixed_2p/repetition_3
17,1603,fixed_2p/repetition_3,e84a40adced747d4aa7a1d33ce983cdb,fixed_2p,3,1,51,1,win,variable_2_4/repetition_3
17,1604,variable_2_4/repetition_3,982b1b91707d4b87abdfcc7aecfa5350,variable_2_4,3,0,61,6,win,fixed_2p/repetition_3
17,1604,fixed_2p/repetition_3,e84a40adced747d4aa7a1d33ce983cdb,fixed_2p,3,1,51,1,loss,variable_2_4/repetition_3
17,1605,fixed_2p/repetition_3,e84a40adced747d4aa7a1d33ce983cdb,fixed_2p,3,0,53,3,loss,variable_2_4/repetition_3
17,1605,variable_2_4/repetition_3,982b1b91707d4b87abdfcc7aecfa5350,variable_2_4,3,1,54,5,win,fixed_2p/repetition_3
17,1606,variable_2_4/repetition_3,982b1b91707d4b87abdfcc7aecfa5350,variable_2_4,3,0,50,4,loss,fixed_2p/repetition_3
17,1606,fixed_2p/repetition_3,e84a40adced747d4aa7a1d33ce983cdb,fixed_2p,3,1,58,1,win,variable_2_4/repetition_3
17,1607,variable_2_4/repetition_3,982b1b91707d4b87abdfcc7aecfa5350,variable_2_4,3,0,54,4,loss,fixed_2p/repetition_3
17,1607,fixed_2p/repetition_3,e84a40adced747d4aa7a1d33ce983cdb,fixed_2p,3,1,55,1,win,variable_2_4/repetition_3
17,1608,fixed_2p/repetition_3,e84a40adced747d4aa7a1d33ce983cdb,fixed_2p,3,0,54,1,loss,variable_2_4/repetition_3
17,1608,variable_2_4/repetition_3,982b1b91707d4b87abdfcc7aecfa5350,variable_2_4,3,1,68,3,win,fixed_2p/repetition_3
17,1609,fixed_2p/repetition_3,e84a40adced747d4aa7a1d33ce983cdb,fixed_2p,3,0,58,3,win,variable_2_4/repetition_3
17,1609,variable_2_4/repetition_3,982b1b91707d4b87abdfcc7aecfa5350,variable_2_4,3,1,50,4,loss,fixed_2p/repetition_3
17,1610,variable_2_4/repetition_3,982b1b91707d4b87abdfcc7aecfa5350,variable_2_4,3,0,53,5,loss,fixed_2p/repetition_3
17,1610,fixed_2p/repetition_3,e84a40adced747d4aa7a1d33ce983cdb,fixed_2p,3,1,59,1,win,variable_2_4/repetition_3
17,1611,fixed_2p/repetition_3,e84a40adced747d4aa7a1d33ce983cdb,fixed_2p,3,0,54,1,win,variable_2_4/repetition_3
17,1611,variable_2_4/repetition_3,982b1b91707d4b87abdfcc7aecfa5350,variable_2_4,3,1,47,5,loss,fixed_2p/repetition_3
17,1612,fixed_2p/repetition_3,e84a40adced747d4aa7a1d33ce983cdb,fixed_2p,3,0,43,4,loss,variable_2_4/repetition_3
17,1612,variable_2_4/repetition_3,982b1b91707d4b87abdfcc7aecfa5350,variable_2_4,3,1,45,4,win,fixed_2p/repetition_3
17,1613,variable_2_4/repetition_3,982b1b91707d4b87abdfcc7aecfa5350,variable_2_4,3,0,47,6,loss,fixed_2p/repetition_3
17,1613,fixed_2p/repetition_3,e84a40adced747d4aa7a1d33ce983cdb,fixed_2p,3,1,60,0,win,variable_2_4/repetition_3
17,1614,variable_2_4/repetition_3,982b1b91707d4b87abdfcc7aecfa5350,variable_2_4,3,0,51,3,win,fixed_2p/repetition_3
17,1614,fixed_2p/repetition_3,e84a40adced747d4aa7a1d33ce983cdb,fixed_2p,3,1,51,2,loss,variable_2_4/repetition_3
17,1615,variable_2_4/repetition_3,982b1b91707d4b87abdfcc7aecfa5350,variable_2_4,3,0,57,1,loss,fixed_2p/repetition_3
17,1615,fixed_2p/repetition_3,e84a40adced747d4aa7a1d33ce983cdb,fixed_2p,3,1,58,3,win,variable_2_4/repetition_3
17,1616,fixed_2p/repetition_3,e84a40adced747d4aa7a1d33ce983cdb,fixed_2p,3,0,57,1,loss,variable_2_4/repetition_3
17,1616,variable_2_4/repetition_3,982b1b91707d4b87abdfcc7aecfa5350,variable_2_4,3,1,64,3,win,fixed_2p/repetition_3
17,1617,variable_2_4/repetition_3,982b1b91707d4b87abdfcc7aecfa5350,variable_2_4,3,0,53,3,loss,fixed_2p/repetition_3
17,1617,fixed_2p/repetition_3,e84a40adced747d4aa7a1d33ce983cdb,fixed_2p,3,1,55,2,win,variable_2_4/repetition_3
17,1618,fixed_2p/repetition_3,e84a40adced747d4aa7a1d33ce983cdb,fixed_2p,3,0,56,1,win,variable_2_4/repetition_3
17,1618,variable_2_4/repetition_3,982b1b91707d4b87abdfcc7aecfa5350,variable_2_4,3,1,35,5,loss,fixed_2p/repetition_3
17,1619,fixed_2p/repetition_3,e84a40adced747d4aa7a1d33ce983cdb,fixed_2p,3,0,50,4,loss,variable_2_4/repetition_3
17,1619,variable_2_4/repetition_3,982b1b91707d4b87abdfcc7aecfa5350,variable_2_4,3,1,55,3,win,fixed_2p/repetition_3
17,1620,fixed_2p/repetition_3,e84a40adced747d4aa7a1d33ce983cdb,fixed_2p,3,0,45,3,loss,variable_2_4/repetition_3
17,1620,variable_2_4/repetition_3,982b1b91707d4b87abdfcc7aecfa5350,variable_2_4,3,1,62,4,win,fixed_2p/repetition_3
17,1621,fixed_2p/repetition_3,e84a40adced747d4aa7a1d33ce983cdb,fixed_2p,3,0,55,1,loss,variable_2_4/repetition_3
17,1621,variable_2_4/repetition_3,982b1b91707d4b87abdfcc7aecfa5350,variable_2_4,3,1,69,3,win,fixed_2p/repetition_3
17,1622,fixed_2p/repetition_3,e84a40adced747d4aa7a1d33ce983cdb,fixed_2p,3,0,55,2,loss,variable_2_4/repetition_3
17,1622,variable_2_4/repetition_3,982b1b91707d4b87abdfcc7aecfa5350,variable_2_4,3,1,69,2,win,fixed_2p/repetition_3
17,1623,variable_2_4/repetition_3,982b1b91707d4b87abdfcc7aecfa5350,variable_2_4,3,0,51,2,win,fixed_2p/repetition_3
17,1623,fixed_2p/repetition_3,e84a40adced747d4aa7a1d33ce983cdb,fixed_2p,3,1,50,4,loss,variable_2_4/repetition_3
17,1624,variable_2_4/repetition_3,982b1b91707d4b87abdfcc7aecfa5350,variable_2_4,3,0,55,4,loss,fixed_2p/repetition_3
17,1624,fixed_2p/repetition_3,e84a40adced747d4aa7a1d33ce983cdb,fixed_2p,3,1,63,0,win,variable_2_4/repetition_3
17,1625,variable_2_4/repetition_3,982b1b91707d4b87abdfcc7aecfa5350,variable_2_4,3,0,45,4,loss,fixed_2p/repetition_3
17,1625,fixed_2p/repetition_3,e84a40adced747d4aa7a1d33ce983cdb,fixed_2p,3,1,48,3,win,variable_2_4/repetition_3
17,1626,variable_2_4/repetition_3,982b1b91707d4b87abdfcc7aecfa5350,variable_2_4,3,0,43,3,win,fixed_2p/repetition_3
17,1626,fixed_2p/repetition_3,e84a40adced747d4aa7a1d33ce983cdb,fixed_2p,3,1,41,3,loss,variable_2_4/repetition_3
17,1627,variable_2_4/repetition_3,982b1b91707d4b87abdfcc7aecfa5350,variable_2_4,3,0,44,3,loss,fixed_2p/repetition_3
17,1627,fixed_2p/repetition_3,e84a40adced747d4aa7a1d33ce983cdb,fixed_2p,3,1,55,2,win,variable_2_4/repetition_3
17,1628,fixed_2p/repetition_3,e84a40adced747d4aa7a1d33ce983cdb,fixed_2p,3,0,48,2,loss,variable_2_4/repetition_3
17,1628,variable_2_4/repetition_3,982b1b91707d4b87abdfcc7aecfa5350,variable_2_4,3,1,56,3,win,fixed_2p/repetition_3
17,1629,fixed_2p/repetition_3,e84a40adced747d4aa7a1d33ce983cdb,fixed_2p,3,0,54,4,win,variable_2_4/repetition_3
17,1629,variable_2_4/repetition_3,982b1b91707d4b87abdfcc7aecfa5350,variable_2_4,3,1,49,1,loss,fixed_2p/repetition_3
17,1630,fixed_2p/repetition_3,e84a40adced747d4aa7a1d33ce983cdb,fixed_2p,3,0,50,2,tie,variable_2_4/repetition_3
17,1630,variable_2_4/repetition_3,982b1b91707d4b87abdfcc7aecfa5350,variable_2_4,3,1,50,2,tie,fixed_2p/repetition_3
17,1631,variable_2_4/repetition_3,982b1b91707d4b87abdfcc7aecfa5350,variable_2_4,3,0,52,1,win,fixed_2p/repetition_3
17,1631,fixed_2p/repetition_3,e84a40adced747d4aa7a1d33ce983cdb,fixed_2p,3,1,50,2,loss,variable_2_4/repetition_3
17,1632,variable_2_4/repetition_3,982b1b91707d4b87abdfcc7aecfa5350,variable_2_4,3,0,47,5,loss,fixed_2p/repetition_3
17,1632,fixed_2p/repetition_3,e84a40adced747d4aa7a1d33ce983cdb,fixed_2p,3,1,53,0,win,variable_2_4/repetition_3
17,1633,fixed_2p/repetition_3,e84a40adced747d4aa7a1d33ce983cdb,fixed_2p,3,0,63,1,win,variable_2_4/repetition_3
17,1633,variable_2_4/repetition_3,982b1b91707d4b87abdfcc7aecfa5350,variable_2_4,3,1,54,4,loss,fixed_2p/repetition_3
17,1634,variable_2_4/repetition_3,982b1b91707d4b87abdfcc7aecfa5350,variable_2_4,3,0,62,1,loss,fixed_2p/repetition_3
17,1634,fixed_2p/repetition_3,e84a40adced747d4aa7a1d33ce983cdb,fixed_2p,3,1,65,1,win,variable_2_4/repetition_3
17,1635,fixed_2p/repetition_3,e84a40adced747d4aa7a1d33ce983cdb,fixed_2p,3,0,57,3,loss,variable_2_4/repetition_3
17,1635,variable_2_4/repetition_3,982b1b91707d4b87abdfcc7aecfa5350,variable_2_4,3,1,60,2,win,fixed_2p/repetition_3
17,1636,variable_2_4/repetition_3,982b1b91707d4b87abdfcc7aecfa5350,variable_2_4,3,0,48,6,loss,fixed_2p/repetition_3
17,1636,fixed_2p/repetition_3,e84a40adced747d4aa7a1d33ce983cdb,fixed_2p,3,1,55,1,win,variable_2_4/repetition_3
17,1637,fixed_2p/repetition_3,e84a40adced747d4aa7a1d33ce983cdb,fixed_2p,3,0,55,1,loss,variable_2_4/repetition_3
17,1637,variable_2_4/repetition_3,982b1b91707d4b87abdfcc7aecfa5350,variable_2_4,3,1,63,2,win,fixed_2p/repetition_3
17,1638,fixed_2p/repetition_3,e84a40adced747d4aa7a1d33ce983cdb,fixed_2p,3,0,46,3,loss,variable_2_4/repetition_3
17,1638,variable_2_4/repetition_3,982b1b91707d4b87abdfcc7aecfa5350,variable_2_4,3,1,61,4,win,fixed_2p/repetition_3
17,1639,variable_2_4/repetition_3,982b1b91707d4b87abdfcc7aecfa5350,variable_2_4,3,0,47,2,win,fixed_2p/repetition_3
17,1639,fixed_2p/repetition_3,e84a40adced747d4aa7a1d33ce983cdb,fixed_2p,3,1,44,3,loss,variable_2_4/repetition_3
17,1640,variable_2_4/repetition_3,982b1b91707d4b87abdfcc7aecfa5350,variable_2_4,3,0,57,3,loss,fixed_2p/repetition_3
17,1640,fixed_2p/repetition_3,e84a40adced747d4aa7a1d33ce983cdb,fixed_2p,3,1,57,4,win,variable_2_4/repetition_3
17,1641,fixed_2p/repetition_3,e84a40adced747d4aa7a1d33ce983cdb,fixed_2p,3,0,68,2,win,variable_2_4/repetition_3
17,1641,variable_2_4/repetition_3,982b1b91707d4b87abdfcc7aecfa5350,variable_2_4,3,1,59,2,loss,fixed_2p/repetition_3
17,1642,fixed_2p/repetition_3,e84a40adced747d4aa7a1d33ce983cdb,fixed_2p,3,0,44,5,loss,variable_2_4/repetition_3
17,1642,variable_2_4/repetition_3,982b1b91707d4b87abdfcc7aecfa5350,variable_2_4,3,1,67,0,win,fixed_2p/repetition_3
17,1643,variable_2_4/repetition_3,982b1b91707d4b87abdfcc7aecfa5350,variable_2_4,3,0,65,1,win,fixed_2p/repetition_3
17,1643,fixed_2p/repetition_3,e84a40adced747d4aa7a1d33ce983cdb,fixed_2p,3,1,49,3,loss,variable_2_4/repetition_3
17,1644,fixed_2p/repetition_3,e84a40adced747d4aa7a1d33ce983cdb,fixed_2p,3,0,46,2,loss,variable_2_4/repetition_3
17,1644,variable_2_4/repetition_3,982b1b91707d4b87abdfcc7aecfa5350,variable_2_4,3,1,58,2,win,fixed_2p/repetition_3
17,1645,fixed_2p/repetition_3,e84a40adced747d4aa7a1d33ce983cdb,fixed_2p,3,0,66,3,win,variable_2_4/repetition_3
17,1645,variable_2_4/repetition_3,982b1b91707d4b87abdfcc7aecfa5350,variable_2_4,3,1,59,2,loss,fixed_2p/repetition_3
17,1646,variable_2_4/repetition_3,982b1b91707d4b87abdfcc7aecfa5350,variable_2_4,3,0,56,6,win,fixed_2p/repetition_3
17,1646,fixed_2p/repetition_3,e84a40adced747d4aa7a1d33ce983cdb,fixed_2p,3,1,50,2,loss,variable_2_4/repetition_3
17,1647,fixed_2p/repetition_3,e84a40adced747d4aa7a1d33ce983cdb,fixed_2p,3,0,44,1,loss,variable_2_4/repetition_3
17,1647,variable_2_4/repetition_3,982b1b91707d4b87abdfcc7aecfa5350,variable_2_4,3,1,46,5,win,fixed_2p/repetition_3
17,1648,fixed_2p/repetition_3,e84a40adced747d4aa7a1d33ce983cdb,fixed_2p,3,0,51,1,win,variable_2_4/repetition_3
17,1648,variable_2_4/repetition_3,982b1b91707d4b87abdfcc7aecfa5350,variable_2_4,3,1,48,5,loss,fixed_2p/repetition_3
17,1649,variable_2_4/repetition_3,982b1b91707d4b87abdfcc7aecfa5350,variable_2_4,3,0,40,4,loss,fixed_2p/repetition_3
17,1649,fixed_2p/repetition_3,e84a40adced747d4aa7a1d33ce983cdb,fixed_2p,3,1,55,0,win,variable_2_4/repetition_3
17,1650,variable_2_4/repetition_3,982b1b91707d4b87abdfcc7aecfa5350,variable_2_4,3,0,57,2,tie,fixed_2p/repetition_3
17,1650,fixed_2p/repetition_3,e84a40adced747d4aa7a1d33ce983cdb,fixed_2p,3,1,57,2,tie,variable_2_4/repetition_3
17,1651,fixed_2p/repetition_3,e84a40adced747d4aa7a1d33ce983cdb,fixed_2p,3,0,48,4,loss,variable_2_4/repetition_3
17,1651,variable_2_4/repetition_3,982b1b91707d4b87abdfcc7aecfa5350,variable_2_4,3,1,56,3,win,fixed_2p/repetition_3
17,1652,fixed_2p/repetition_3,e84a40adced747d4aa7a1d33ce983cdb,fixed_2p,3,0,51,2,loss,variable_2_4/repetition_3
17,1652,variable_2_4/repetition_3,982b1b91707d4b87abdfcc7aecfa5350,variable_2_4,3,1,77,3,win,fixed_2p/repetition_3
17,1653,variable_2_4/repetition_3,982b1b91707d4b87abdfcc7aecfa5350,variable_2_4,3,0,38,4,loss,fixed_2p/repetition_3
17,1653,fixed_2p/repetition_3,e84a40adced747d4aa7a1d33ce983cdb,fixed_2p,3,1,53,0,win,variable_2_4/repetition_3
17,1654,fixed_2p/repetition_3,e84a40adced747d4aa7a1d33ce983cdb,fixed_2p,3,0,60,3,loss,variable_2_4/repetition_3
17,1654,variable_2_4/repetition_3,982b1b91707d4b87abdfcc7aecfa5350,variable_2_4,3,1,60,4,win,fixed_2p/repetition_3
17,1655,fixed_2p/repetition_3,e84a40adced747d4aa7a1d33ce983cdb,fixed_2p,3,0,42,5,loss,variable_2_4/repetition_3
17,1655,variable_2_4/repetition_3,982b1b91707d4b87abdfcc7aecfa5350,variable_2_4,3,1,68,1,win,fixed_2p/repetition_3
17,1656,variable_2_4/repetition_3,982b1b91707d4b87abdfcc7aecfa5350,variable_2_4,3,0,65,2,win,fixed_2p/repetition_3
17,1656,fixed_2p/repetition_3,e84a40adced747d4aa7a1d33ce983cdb,fixed_2p,3,1,51,1,loss,variable_2_4/repetition_3
17,1657,fixed_2p/repetition_3,e84a40adced747d4aa7a1d33ce983cdb,fixed_2p,3,0,53,3,loss,variable_2_4/repetition_3
17,1657,variable_2_4/repetition_3,982b1b91707d4b87abdfcc7aecfa5350,variable_2_4,3,1,64,5,win,fixed_2p/repetition_3
17,1658,variable_2_4/repetition_3,982b1b91707d4b87abdfcc7aecfa5350,variable_2_4,3,0,66,4,win,fixed_2p/repetition_3
17,1658,fixed_2p/repetition_3,e84a40adced747d4aa7a1d33ce983cdb,fixed_2p,3,1,54,2,loss,variable_2_4/repetition_3
17,1659,fixed_2p/repetition_3,e84a40adced747d4aa7a1d33ce983cdb,fixed_2p,3,0,44,2,loss,variable_2_4/repetition_3
17,1659,variable_2_4/repetition_3,982b1b91707d4b87abdfcc7aecfa5350,variable_2_4,3,1,65,5,win,fixed_2p/repetition_3
17,1660,fixed_2p/repetition_3,e84a40adced747d4aa7a1d33ce983cdb,fixed_2p,3,0,58,2,loss,variable_2_4/repetition_3
17,1660,variable_2_4/repetition_3,982b1b91707d4b87abdfcc7aecfa5350,variable_2_4,3,1,61,3,win,fixed_2p/repetition_3
17,1661,fixed_2p/repetition_3,e84a40adced747d4aa7a1d33ce983cdb,fixed_2p,3,0,51,1,loss,variable_2_4/repetition_3
17,1661,variable_2_4/repetition_3,982b1b91707d4b87abdfcc7aecfa5350,variable_2_4,3,1,56,6,win,fixed_2p/repetition_3
17,1662,fixed_2p/repetition_3,e84a40adced747d4aa7a1d33ce983cdb,fixed_2p,3,0,44,1,loss,variable_2_4/repetition_3
17,1662,variable_2_4/repetition_3,982b1b91707d4b87abdfcc7aecfa5350,variable_2_4,3,1,51,3,win,fixed_2p/repetition_3
17,1663,variable_2_4/repetition_3,982b1b91707d4b87abdfcc7aecfa5350,variable_2_4,3,0,64,3,win,fixed_2p/repetition_3
17,1663,fixed_2p/repetition_3,e84a40adced747d4aa7a1d33ce983cdb,fixed_2p,3,1,58,2,loss,variable_2_4/repetition_3
17,1664,variable_2_4/repetition_3,982b1b91707d4b87abdfcc7aecfa5350,variable_2_4,3,0,59,5,win,fixed_2p/repetition_3
17,1664,fixed_2p/repetition_3,e84a40adced747d4aa7a1d33ce983cdb,fixed_2p,3,1,44,2,loss,variable_2_4/repetition_3
17,1665,fixed_2p/repetition_3,e84a40adced747d4aa7a1d33ce983cdb,fixed_2p,3,0,64,2,win,variable_2_4/repetition_3
17,1665,variable_2_4/repetition_3,982b1b91707d4b87abdfcc7aecfa5350,variable_2_4,3,1,63,2,loss,fixed_2p/repetition_3
17,1666,variable_2_4/repetition_3,982b1b91707d4b87abdfcc7aecfa5350,variable_2_4,3,0,61,2,win,fixed_2p/repetition_3
17,1666,fixed_2p/repetition_3,e84a40adced747d4aa7a1d33ce983cdb,fixed_2p,3,1,57,3,loss,variable_2_4/repetition_3
17,1667,variable_2_4/repetition_3,982b1b91707d4b87abdfcc7aecfa5350,variable_2_4,3,0,49,5,loss,fixed_2p/repetition_3
17,1667,fixed_2p/repetition_3,e84a40adced747d4aa7a1d33ce983cdb,fixed_2p,3,1,57,2,win,variable_2_4/repetition_3
17,1668,fixed_2p/repetition_3,e84a40adced747d4aa7a1d33ce983cdb,fixed_2p,3,0,48,4,loss,variable_2_4/repetition_3
17,1668,variable_2_4/repetition_3,982b1b91707d4b87abdfcc7aecfa5350,variable_2_4,3,1,58,3,win,fixed_2p/repetition_3
17,1669,fixed_2p/repetition_3,e84a40adced747d4aa7a1d33ce983cdb,fixed_2p,3,0,49,2,win,variable_2_4/repetition_3
17,1669,variable_2_4/repetition_3,982b1b91707d4b87abdfcc7aecfa5350,variable_2_4,3,1,48,3,loss,fixed_2p/repetition_3
17,1670,variable_2_4/repetition_3,982b1b91707d4b87abdfcc7aecfa5350,variable_2_4,3,0,52,2,loss,fixed_2p/repetition_3
17,1670,fixed_2p/repetition_3,e84a40adced747d4aa7a1d33ce983cdb,fixed_2p,3,1,57,2,win,variable_2_4/repetition_3
17,1671,fixed_2p/repetition_3,e84a40adced747d4aa7a1d33ce983cdb,fixed_2p,3,0,52,3,loss,variable_2_4/repetition_3
17,1671,variable_2_4/repetition_3,982b1b91707d4b87abdfcc7aecfa5350,variable_2_4,3,1,60,3,win,fixed_2p/repetition_3
17,1672,fixed_2p/repetition_3,e84a40adced747d4aa7a1d33ce983cdb,fixed_2p,3,0,58,2,win,variable_2_4/repetition_3
17,1672,variable_2_4/repetition_3,982b1b91707d4b87abdfcc7aecfa5350,variable_2_4,3,1,49,0,loss,fixed_2p/repetition_3
17,1673,variable_2_4/repetition_3,982b1b91707d4b87abdfcc7aecfa5350,variable_2_4,3,0,58,5,win,fixed_2p/repetition_3
17,1673,fixed_2p/repetition_3,e84a40adced747d4aa7a1d33ce983cdb,fixed_2p,3,1,48,2,loss,variable_2_4/repetition_3
17,1674,fixed_2p/repetition_3,e84a40adced747d4aa7a1d33ce983cdb,fixed_2p,3,0,66,2,win,variable_2_4/repetition_3
17,1674,variable_2_4/repetition_3,982b1b91707d4b87abdfcc7aecfa5350,variable_2_4,3,1,60,1,loss,fixed_2p/repetition_3
17,1675,variable_2_4/repetition_3,982b1b91707d4b87abdfcc7aecfa5350,variable_2_4,3,0,45,6,win,fixed_2p/repetition_3
17,1675,fixed_2p/repetition_3,e84a40adced747d4aa7a1d33ce983cdb,fixed_2p,3,1,43,1,loss,variable_2_4/repetition_3
17,1676,variable_2_4/repetition_3,982b1b91707d4b87abdfcc7aecfa5350,variable_2_4,3,0,59,7,win,fixed_2p/repetition_3
17,1676,fixed_2p/repetition_3,e84a40adced747d4aa7a1d33ce983cdb,fixed_2p,3,1,58,0,loss,variable_2_4/repetition_3
17,1677,variable_2_4/repetition_3,982b1b91707d4b87abdfcc7aecfa5350,variable_2_4,3,0,62,0,win,fixed_2p/repetition_3
17,1677,fixed_2p/repetition_3,e84a40adced747d4aa7a1d33ce983cdb,fixed_2p,3,1,51,4,loss,variable_2_4/repetition_3
17,1678,fixed_2p/repetition_3,e84a40adced747d4aa7a1d33ce983cdb,fixed_2p,3,0,65,2,loss,variable_2_4/repetition_3
17,1678,variable_2_4/repetition_3,982b1b91707d4b87abdfcc7aecfa5350,variable_2_4,3,1,66,2,win,fixed_2p/repetition_3
17,1679,variable_2_4/repetition_3,982b1b91707d4b87abdfcc7aecfa5350,variable_2_4,3,0,47,2,loss,fixed_2p/repetition_3
17,1679,fixed_2p/repetition_3,e84a40adced747d4aa7a1d33ce983cdb,fixed_2p,3,1,50,4,win,variable_2_4/repetition_3
17,1680,fixed_2p/repetition_3,e84a40adced747d4aa7a1d33ce983cdb,fixed_2p,3,0,57,2,loss,variable_2_4/repetition_3
17,1680,variable_2_4/repetition_3,982b1b91707d4b87abdfcc7aecfa5350,variable_2_4,3,1,58,4,win,fixed_2p/repetition_3
17,1681,variable_2_4/repetition_3,982b1b91707d4b87abdfcc7aecfa5350,variable_2_4,3,0,44,4,loss,fixed_2p/repetition_3
17,1681,fixed_2p/repetition_3,e84a40adced747d4aa7a1d33ce983cdb,fixed_2p,3,1,50,1,win,variable_2_4/repetition_3
17,1682,variable_2_4/repetition_3,982b1b91707d4b87abdfcc7aecfa5350,variable_2_4,3,0,56,2,win,fixed_2p/repetition_3
17,1682,fixed_2p/repetition_3,e84a40adced747d4aa7a1d33ce983cdb,fixed_2p,3,1,51,2,loss,variable_2_4/repetition_3
17,1683,variable_2_4/repetition_3,982b1b91707d4b87abdfcc7aecfa5350,variable_2_4,3,0,54,5,loss,fixed_2p/repetition_3
17,1683,fixed_2p/repetition_3,e84a40adced747d4aa7a1d33ce983cdb,fixed_2p,3,1,57,2,win,variable_2_4/repetition_3
17,1684,fixed_2p/repetition_3,e84a40adced747d4aa7a1d33ce983cdb,fixed_2p,3,0,55,1,loss,variable_2_4/repetition_3
17,1684,variable_2_4/repetition_3,982b1b91707d4b87abdfcc7aecfa5350,variable_2_4,3,1,58,4,win,fixed_2p/repetition_3
17,1685,fixed_2p/repetition_3,e84a40adced747d4aa7a1d33ce983cdb,fixed_2p,3,0,56,3,win,variable_2_4/repetition_3
17,1685,variable_2_4/repetition_3,982b1b91707d4b87abdfcc7aecfa5350,variable_2_4,3,1,49,3,loss,fixed_2p/repetition_3
17,1686,fixed_2p/repetition_3,e84a40adced747d4aa7a1d33ce983cdb,fixed_2p,3,0,53,2,loss,variable_2_4/repetition_3
17,1686,variable_2_4/repetition_3,982b1b91707d4b87abdfcc7aecfa5350,variable_2_4,3,1,56,4,win,fixed_2p/repetition_3
17,1687,fixed_2p/repetition_3,e84a40adced747d4aa7a1d33ce983cdb,fixed_2p,3,0,54,3,win,variable_2_4/repetition_3
17,1687,variable_2_4/repetition_3,982b1b91707d4b87abdfcc7aecfa5350,variable_2_4,3,1,47,2,loss,fixed_2p/repetition_3
17,1688,fixed_2p/repetition_3,e84a40adced747d4aa7a1d33ce983cdb,fixed_2p,3,0,55,3,win,variable_2_4/repetition_3
17,1688,variable_2_4/repetition_3,982b1b91707d4b87abdfcc7aecfa5350,variable_2_4,3,1,53,2,loss,fixed_2p/repetition_3
17,1689,variable_2_4/repetition_3,982b1b91707d4b87abdfcc7aecfa5350,variable_2_4,3,0,53,4,win,fixed_2p/repetition_3
17,1689,fixed_2p/repetition_3,e84a40adced747d4aa7a1d33ce983cdb,fixed_2p,3,1,50,0,loss,variable_2_4/repetition_3
17,1690,variable_2_4/repetition_3,982b1b91707d4b87abdfcc7aecfa5350,variable_2_4,3,0,46,2,loss,fixed_2p/repetition_3
17,1690,fixed_2p/repetition_3,e84a40adced747d4aa7a1d33ce983cdb,fixed_2p,3,1,69,2,win,variable_2_4/repetition_3
17,1691,variable_2_4/repetition_3,982b1b91707d4b87abdfcc7aecfa5350,variable_2_4,3,0,58,2,win,fixed_2p/repetition_3
17,1691,fixed_2p/repetition_3,e84a40adced747d4aa7a1d33ce983cdb,fixed_2p,3,1,48,1,loss,variable_2_4/repetition_3
17,1692,fixed_2p/repetition_3,e84a40adced747d4aa7a1d33ce983cdb,fixed_2p,3,0,55,5,loss,variable_2_4/repetition_3
17,1692,variable_2_4/repetition_3,982b1b91707d4b87abdfcc7aecfa5350,variable_2_4,3,1,63,2,win,fixed_2p/repetition_3
17,1693,fixed_2p/repetition_3,e84a40adced747d4aa7a1d33ce983cdb,fixed_2p,3,0,60,1,win,variable_2_4/repetition_3
17,1693,variable_2_4/repetition_3,982b1b91707d4b87abdfcc7aecfa5350,variable_2_4,3,1,53,6,loss,fixed_2p/repetition_3
17,1694,fixed_2p/repetition_3,e84a40adced747d4aa7a1d33ce983cdb,fixed_2p,3,0,63,1,loss,variable_2_4/repetition_3
17,1694,variable_2_4/repetition_3,982b1b91707d4b87abdfcc7aecfa5350,variable_2_4,3,1,72,2,win,fixed_2p/repetition_3
17,1695,fixed_2p/repetition_3,e84a40adced747d4aa7a1d33ce983cdb,fixed_2p,3,0,59,2,win,variable_2_4/repetition_3
17,1695,variable_2_4/repetition_3,982b1b91707d4b87abdfcc7aecfa5350,variable_2_4,3,1,53,2,loss,fixed_2p/repetition_3
17,1696,variable_2_4/repetition_3,982b1b91707d4b87abdfcc7aecfa5350,variable_2_4,3,0,60,3,win,fixed_2p/repetition_3
17,1696,fixed_2p/repetition_3,e84a40adced747d4aa7a1d33ce983cdb,fixed_2p,3,1,40,2,loss,variable_2_4/repetition_3
17,1697,fixed_2p/repetition_3,e84a40adced747d4aa7a1d33ce983cdb,fixed_2p,3,0,50,2,loss,variable_2_4/repetition_3
17,1697,variable_2_4/repetition_3,982b1b91707d4b87abdfcc7aecfa5350,variable_2_4,3,1,59,3,win,fixed_2p/repetition_3
17,1698,fixed_2p/repetition_3,e84a40adced747d4aa7a1d33ce983cdb,fixed_2p,3,0,47,4,loss,variable_2_4/repetition_3
17,1698,variable_2_4/repetition_3,982b1b91707d4b87abdfcc7aecfa5350,variable_2_4,3,1,48,1,win,fixed_2p/repetition_3
17,1699,variable_2_4/repetition_3,982b1b91707d4b87abdfcc7aecfa5350,variable_2_4,3,0,59,3,win,fixed_2p/repetition_3
17,1699,fixed_2p/repetition_3,e84a40adced747d4aa7a1d33ce983cdb,fixed_2p,3,1,58,2,loss,variable_2_4/repetition_3
17,1700,fixed_2p/repetition_3,e84a40adced747d4aa7a1d33ce983cdb,fixed_2p,3,0,57,3,win,variable_2_4/repetition_3
17,1700,variable_2_4/repetition_3,982b1b91707d4b87abdfcc7aecfa5350,variable_2_4,3,1,44,2,loss,fixed_2p/repetition_3
18,1701,fixed_2p/repetition_3,e84a40adced747d4aa7a1d33ce983cdb,fixed_2p,3,0,56,2,win,variable_encoder_2_4/repetition_1
18,1701,variable_encoder_2_4/repetition_1,420770657a844be6ab5e55e02edf3782,variable_encoder_2_4,1,1,51,7,loss,fixed_2p/repetition_3
18,1702,variable_encoder_2_4/repetition_1,420770657a844be6ab5e55e02edf3782,variable_encoder_2_4,1,0,68,5,win,fixed_2p/repetition_3
18,1702,fixed_2p/repetition_3,e84a40adced747d4aa7a1d33ce983cdb,fixed_2p,3,1,57,1,loss,variable_encoder_2_4/repetition_1
18,1703,fixed_2p/repetition_3,e84a40adced747d4aa7a1d33ce983cdb,fixed_2p,3,0,56,2,loss,variable_encoder_2_4/repetition_1
18,1703,variable_encoder_2_4/repetition_1,420770657a844be6ab5e55e02edf3782,variable_encoder_2_4,1,1,58,2,win,fixed_2p/repetition_3
18,1704,fixed_2p/repetition_3,e84a40adced747d4aa7a1d33ce983cdb,fixed_2p,3,0,52,1,loss,variable_encoder_2_4/repetition_1
18,1704,variable_encoder_2_4/repetition_1,420770657a844be6ab5e55e02edf3782,variable_encoder_2_4,1,1,71,4,win,fixed_2p/repetition_3
18,1705,variable_encoder_2_4/repetition_1,420770657a844be6ab5e55e02edf3782,variable_encoder_2_4,1,0,61,2,win,fixed_2p/repetition_3
18,1705,fixed_2p/repetition_3,e84a40adced747d4aa7a1d33ce983cdb,fixed_2p,3,1,55,1,loss,variable_encoder_2_4/repetition_1
18,1706,variable_encoder_2_4/repetition_1,420770657a844be6ab5e55e02edf3782,variable_encoder_2_4,1,0,52,4,win,fixed_2p/repetition_3
18,1706,fixed_2p/repetition_3,e84a40adced747d4aa7a1d33ce983cdb,fixed_2p,3,1,47,1,loss,variable_encoder_2_4/repetition_1
18,1707,variable_encoder_2_4/repetition_1,420770657a844be6ab5e55e02edf3782,variable_encoder_2_4,1,0,49,4,win,fixed_2p/repetition_3
18,1707,fixed_2p/repetition_3,e84a40adced747d4aa7a1d33ce983cdb,fixed_2p,3,1,44,4,loss,variable_encoder_2_4/repetition_1
18,1708,fixed_2p/repetition_3,e84a40adced747d4aa7a1d33ce983cdb,fixed_2p,3,0,47,2,loss,variable_encoder_2_4/repetition_1
18,1708,variable_encoder_2_4/repetition_1,420770657a844be6ab5e55e02edf3782,variable_encoder_2_4,1,1,52,2,win,fixed_2p/repetition_3
18,1709,fixed_2p/repetition_3,e84a40adced747d4aa7a1d33ce983cdb,fixed_2p,3,0,59,1,loss,variable_encoder_2_4/repetition_1
18,1709,variable_encoder_2_4/repetition_1,420770657a844be6ab5e55e02edf3782,variable_encoder_2_4,1,1,71,4,win,fixed_2p/repetition_3
18,1710,fixed_2p/repetition_3,e84a40adced747d4aa7a1d33ce983cdb,fixed_2p,3,0,58,4,win,variable_encoder_2_4/repetition_1
18,1710,variable_encoder_2_4/repetition_1,420770657a844be6ab5e55e02edf3782,variable_encoder_2_4,1,1,55,3,loss,fixed_2p/repetition_3
18,1711,fixed_2p/repetition_3,e84a40adced747d4aa7a1d33ce983cdb,fixed_2p,3,0,60,1,win,variable_encoder_2_4/repetition_1
18,1711,variable_encoder_2_4/repetition_1,420770657a844be6ab5e55e02edf3782,variable_encoder_2_4,1,1,47,6,loss,fixed_2p/repetition_3
18,1712,variable_encoder_2_4/repetition_1,420770657a844be6ab5e55e02edf3782,variable_encoder_2_4,1,0,66,4,win,fixed_2p/repetition_3
18,1712,fixed_2p/repetition_3,e84a40adced747d4aa7a1d33ce983cdb,fixed_2p,3,1,60,3,loss,variable_encoder_2_4/repetition_1
18,1713,fixed_2p/repetition_3,e84a40adced747d4aa7a1d33ce983cdb,fixed_2p,3,0,54,0,loss,variable_encoder_2_4/repetition_1
18,1713,variable_encoder_2_4/repetition_1,420770657a844be6ab5e55e02edf3782,variable_encoder_2_4,1,1,58,5,win,fixed_2p/repetition_3
18,1714,fixed_2p/repetition_3,e84a40adced747d4aa7a1d33ce983cdb,fixed_2p,3,0,48,1,loss,variable_encoder_2_4/repetition_1
18,1714,variable_encoder_2_4/repetition_1,420770657a844be6ab5e55e02edf3782,variable_encoder_2_4,1,1,58,4,win,fixed_2p/repetition_3
18,1715,fixed_2p/repetition_3,e84a40adced747d4aa7a1d33ce983cdb,fixed_2p,3,0,58,0,win,variable_encoder_2_4/repetition_1
18,1715,variable_encoder_2_4/repetition_1,420770657a844be6ab5e55e02edf3782,variable_encoder_2_4,1,1,57,5,loss,fixed_2p/repetition_3
18,1716,fixed_2p/repetition_3,e84a40adced747d4aa7a1d33ce983cdb,fixed_2p,3,0,54,1,loss,variable_encoder_2_4/repetition_1
18,1716,variable_encoder_2_4/repetition_1,420770657a844be6ab5e55e02edf3782,variable_encoder_2_4,1,1,60,4,win,fixed_2p/repetition_3
18,1717,fixed_2p/repetition_3,e84a40adced747d4aa7a1d33ce983cdb,fixed_2p,3,0,65,2,loss,variable_encoder_2_4/repetition_1
18,1717,variable_encoder_2_4/repetition_1,420770657a844be6ab5e55e02edf3782,variable_encoder_2_4,1,1,78,4,win,fixed_2p/repetition_3
18,1718,fixed_2p/repetition_3,e84a40adced747d4aa7a1d33ce983cdb,fixed_2p,3,0,55,0,loss,variable_encoder_2_4/repetition_1
18,1718,variable_encoder_2_4/repetition_1,420770657a844be6ab5e55e02edf3782,variable_encoder_2_4,1,1,65,2,win,fixed_2p/repetition_3
18,1719,variable_encoder_2_4/repetition_1,420770657a844be6ab5e55e02edf3782,variable_encoder_2_4,1,0,62,5,win,fixed_2p/repetition_3
18,1719,fixed_2p/repetition_3,e84a40adced747d4aa7a1d33ce983cdb,fixed_2p,3,1,58,1,loss,variable_encoder_2_4/repetition_1
18,1720,variable_encoder_2_4/repetition_1,420770657a844be6ab5e55e02edf3782,variable_encoder_2_4,1,0,48,5,win,fixed_2p/repetition_3
18,1720,fixed_2p/repetition_3,e84a40adced747d4aa7a1d33ce983cdb,fixed_2p,3,1,43,1,loss,variable_encoder_2_4/repetition_1
18,1721,fixed_2p/repetition_3,e84a40adced747d4aa7a1d33ce983cdb,fixed_2p,3,0,53,0,win,variable_encoder_2_4/repetition_1
18,1721,variable_encoder_2_4/repetition_1,420770657a844be6ab5e55e02edf3782,variable_encoder_2_4,1,1,50,7,loss,fixed_2p/repetition_3
18,1722,fixed_2p/repetition_3,e84a40adced747d4aa7a1d33ce983cdb,fixed_2p,3,0,51,2,loss,variable_encoder_2_4/repetition_1
18,1722,variable_encoder_2_4/repetition_1,420770657a844be6ab5e55e02edf3782,variable_encoder_2_4,1,1,64,5,win,fixed_2p/repetition_3
18,1723,variable_encoder_2_4/repetition_1,420770657a844be6ab5e55e02edf3782,variable_encoder_2_4,1,0,67,4,win,fixed_2p/repetition_3
18,1723,fixed_2p/repetition_3,e84a40adced747d4aa7a1d33ce983cdb,fixed_2p,3,1,51,1,loss,variable_encoder_2_4/repetition_1
18,1724,fixed_2p/repetition_3,e84a40adced747d4aa7a1d33ce983cdb,fixed_2p,3,0,59,0,win,variable_encoder_2_4/repetition_1
18,1724,variable_encoder_2_4/repetition_1,420770657a844be6ab5e55e02edf3782,variable_encoder_2_4,1,1,41,5,loss,fixed_2p/repetition_3
18,1725,fixed_2p/repetition_3,e84a40adced747d4aa7a1d33ce983cdb,fixed_2p,3,0,48,1,loss,variable_encoder_2_4/repetition_1
18,1725,variable_encoder_2_4/repetition_1,420770657a844be6ab5e55e02edf3782,variable_encoder_2_4,1,1,58,3,win,fixed_2p/repetition_3
18,1726,variable_encoder_2_4/repetition_1,420770657a844be6ab5e55e02edf3782,variable_encoder_2_4,1,0,53,6,win,fixed_2p/repetition_3
18,1726,fixed_2p/repetition_3,e84a40adced747d4aa7a1d33ce983cdb,fixed_2p,3,1,53,2,loss,variable_encoder_2_4/repetition_1
18,1727,variable_encoder_2_4/repetition_1,420770657a844be6ab5e55e02edf3782,variable_encoder_2_4,1,0,57,3,win,fixed_2p/repetition_3
18,1727,fixed_2p/repetition_3,e84a40adced747d4aa7a1d33ce983cdb,fixed_2p,3,1,47,2,loss,variable_encoder_2_4/repetition_1
18,1728,fixed_2p/repetition_3,e84a40adced747d4aa7a1d33ce983cdb,fixed_2p,3,0,59,2,loss,variable_encoder_2_4/repetition_1
18,1728,variable_encoder_2_4/repetition_1,420770657a844be6ab5e55e02edf3782,variable_encoder_2_4,1,1,66,3,win,fixed_2p/repetition_3
18,1729,variable_encoder_2_4/repetition_1,420770657a844be6ab5e55e02edf3782,variable_encoder_2_4,1,0,60,5,win,fixed_2p/repetition_3
18,1729,fixed_2p/repetition_3,e84a40adced747d4aa7a1d33ce983cdb,fixed_2p,3,1,59,1,loss,variable_encoder_2_4/repetition_1
18,1730,variable_encoder_2_4/repetition_1,420770657a844be6ab5e55e02edf3782,variable_encoder_2_4,1,0,60,5,win,fixed_2p/repetition_3
18,1730,fixed_2p/repetition_3,e84a40adced747d4aa7a1d33ce983cdb,fixed_2p,3,1,51,3,loss,variable_encoder_2_4/repetition_1
18,1731,fixed_2p/repetition_3,e84a40adced747d4aa7a1d33ce983cdb,fixed_2p,3,0,68,1,win,variable_encoder_2_4/repetition_1
18,1731,variable_encoder_2_4/repetition_1,420770657a844be6ab5e55e02edf3782,variable_encoder_2_4,1,1,66,5,loss,fixed_2p/repetition_3
18,1732,fixed_2p/repetition_3,e84a40adced747d4aa7a1d33ce983cdb,fixed_2p,3,0,50,1,loss,variable_encoder_2_4/repetition_1
18,1732,variable_encoder_2_4/repetition_1,420770657a844be6ab5e55e02edf3782,variable_encoder_2_4,1,1,54,6,win,fixed_2p/repetition_3
18,1733,fixed_2p/repetition_3,e84a40adced747d4aa7a1d33ce983cdb,fixed_2p,3,0,59,1,loss,variable_encoder_2_4/repetition_1
18,1733,variable_encoder_2_4/repetition_1,420770657a844be6ab5e55e02edf3782,variable_encoder_2_4,1,1,60,6,win,fixed_2p/repetition_3
18,1734,variable_encoder_2_4/repetition_1,420770657a844be6ab5e55e02edf3782,variable_encoder_2_4,1,0,49,5,loss,fixed_2p/repetition_3
18,1734,fixed_2p/repetition_3,e84a40adced747d4aa7a1d33ce983cdb,fixed_2p,3,1,60,2,win,variable_encoder_2_4/repetition_1
18,1735,variable_encoder_2_4/repetition_1,420770657a844be6ab5e55e02edf3782,variable_encoder_2_4,1,0,55,5,loss,fixed_2p/repetition_3
18,1735,fixed_2p/repetition_3,e84a40adced747d4aa7a1d33ce983cdb,fixed_2p,3,1,59,1,win,variable_encoder_2_4/repetition_1
18,1736,variable_encoder_2_4/repetition_1,420770657a844be6ab5e55e02edf3782,variable_encoder_2_4,1,0,69,3,win,fixed_2p/repetition_3
18,1736,fixed_2p/repetition_3,e84a40adced747d4aa7a1d33ce983cdb,fixed_2p,3,1,54,1,loss,variable_encoder_2_4/repetition_1
18,1737,fixed_2p/repetition_3,e84a40adced747d4aa7a1d33ce983cdb,fixed_2p,3,0,58,2,loss,variable_encoder_2_4/repetition_1
18,1737,variable_encoder_2_4/repetition_1,420770657a844be6ab5e55e02edf3782,variable_encoder_2_4,1,1,75,3,win,fixed_2p/repetition_3
18,1738,variable_encoder_2_4/repetition_1,420770657a844be6ab5e55e02edf3782,variable_encoder_2_4,1,0,61,6,win,fixed_2p/repetition_3
18,1738,fixed_2p/repetition_3,e84a40adced747d4aa7a1d33ce983cdb,fixed_2p,3,1,51,0,loss,variable_encoder_2_4/repetition_1
18,1739,fixed_2p/repetition_3,e84a40adced747d4aa7a1d33ce983cdb,fixed_2p,3,0,46,3,loss,variable_encoder_2_4/repetition_1
18,1739,variable_encoder_2_4/repetition_1,420770657a844be6ab5e55e02edf3782,variable_encoder_2_4,1,1,65,4,win,fixed_2p/repetition_3
18,1740,fixed_2p/repetition_3,e84a40adced747d4aa7a1d33ce983cdb,fixed_2p,3,0,58,0,win,variable_encoder_2_4/repetition_1
18,1740,variable_encoder_2_4/repetition_1,420770657a844be6ab5e55e02edf3782,variable_encoder_2_4,1,1,57,5,loss,fixed_2p/repetition_3
18,1741,fixed_2p/repetition_3,e84a40adced747d4aa7a1d33ce983cdb,fixed_2p,3,0,56,2,loss,variable_encoder_2_4/repetition_1
18,1741,variable_encoder_2_4/repetition_1,420770657a844be6ab5e55e02edf3782,variable_encoder_2_4,1,1,61,3,win,fixed_2p/repetition_3
18,1742,fixed_2p/repetition_3,e84a40adced747d4aa7a1d33ce983cdb,fixed_2p,3,0,64,1,loss,variable_encoder_2_4/repetition_1
18,1742,variable_encoder_2_4/repetition_1,420770657a844be6ab5e55e02edf3782,variable_encoder_2_4,1,1,66,5,win,fixed_2p/repetition_3
18,1743,fixed_2p/repetition_3,e84a40adced747d4aa7a1d33ce983cdb,fixed_2p,3,0,48,0,loss,variable_encoder_2_4/repetition_1
18,1743,variable_encoder_2_4/repetition_1,420770657a844be6ab5e55e02edf3782,variable_encoder_2_4,1,1,74,3,win,fixed_2p/repetition_3
18,1744,fixed_2p/repetition_3,e84a40adced747d4aa7a1d33ce983cdb,fixed_2p,3,0,65,1,win,variable_encoder_2_4/repetition_1
18,1744,variable_encoder_2_4/repetition_1,420770657a844be6ab5e55e02edf3782,variable_encoder_2_4,1,1,57,5,loss,fixed_2p/repetition_3
18,1745,fixed_2p/repetition_3,e84a40adced747d4aa7a1d33ce983cdb,fixed_2p,3,0,55,1,loss,variable_encoder_2_4/repetition_1
18,1745,variable_encoder_2_4/repetition_1,420770657a844be6ab5e55e02edf3782,variable_encoder_2_4,1,1,60,4,win,fixed_2p/repetition_3
18,1746,variable_encoder_2_4/repetition_1,420770657a844be6ab5e55e02edf3782,variable_encoder_2_4,1,0,46,7,loss,fixed_2p/repetition_3
18,1746,fixed_2p/repetition_3,e84a40adced747d4aa7a1d33ce983cdb,fixed_2p,3,1,58,0,win,variable_encoder_2_4/repetition_1
18,1747,variable_encoder_2_4/repetition_1,420770657a844be6ab5e55e02edf3782,variable_encoder_2_4,1,0,49,3,win,fixed_2p/repetition_3
18,1747,fixed_2p/repetition_3,e84a40adced747d4aa7a1d33ce983cdb,fixed_2p,3,1,45,1,loss,variable_encoder_2_4/repetition_1
18,1748,fixed_2p/repetition_3,e84a40adced747d4aa7a1d33ce983cdb,fixed_2p,3,0,57,3,loss,variable_encoder_2_4/repetition_1
18,1748,variable_encoder_2_4/repetition_1,420770657a844be6ab5e55e02edf3782,variable_encoder_2_4,1,1,67,2,win,fixed_2p/repetition_3
18,1749,variable_encoder_2_4/repetition_1,420770657a844be6ab5e55e02edf3782,variable_encoder_2_4,1,0,69,2,win,fixed_2p/repetition_3
18,1749,fixed_2p/repetition_3,e84a40adced747d4aa7a1d33ce983cdb,fixed_2p,3,1,53,1,loss,variable_encoder_2_4/repetition_1
18,1750,fixed_2p/repetition_3,e84a40adced747d4aa7a1d33ce983cdb,fixed_2p,3,0,32,1,loss,variable_encoder_2_4/repetition_1
18,1750,variable_encoder_2_4/repetition_1,420770657a844be6ab5e55e02edf3782,variable_encoder_2_4,1,1,59,4,win,fixed_2p/repetition_3
18,1751,fixed_2p/repetition_3,e84a40adced747d4aa7a1d33ce983cdb,fixed_2p,3,0,64,1,win,variable_encoder_2_4/repetition_1
18,1751,variable_encoder_2_4/repetition_1,420770657a844be6ab5e55e02edf3782,variable_encoder_2_4,1,1,59,7,loss,fixed_2p/repetition_3
18,1752,variable_encoder_2_4/repetition_1,420770657a844be6ab5e55e02edf3782,variable_encoder_2_4,1,0,59,3,win,fixed_2p/repetition_3
18,1752,fixed_2p/repetition_3,e84a40adced747d4aa7a1d33ce983cdb,fixed_2p,3,1,56,1,loss,variable_encoder_2_4/repetition_1
18,1753,variable_encoder_2_4/repetition_1,420770657a844be6ab5e55e02edf3782,variable_encoder_2_4,1,0,55,4,win,fixed_2p/repetition_3
18,1753,fixed_2p/repetition_3,e84a40adced747d4aa7a1d33ce983cdb,fixed_2p,3,1,46,3,loss,variable_encoder_2_4/repetition_1
18,1754,fixed_2p/repetition_3,e84a40adced747d4aa7a1d33ce983cdb,fixed_2p,3,0,53,1,loss,variable_encoder_2_4/repetition_1
18,1754,variable_encoder_2_4/repetition_1,420770657a844be6ab5e55e02edf3782,variable_encoder_2_4,1,1,65,4,win,fixed_2p/repetition_3
18,1755,fixed_2p/repetition_3,e84a40adced747d4aa7a1d33ce983cdb,fixed_2p,3,0,43,1,loss,variable_encoder_2_4/repetition_1
18,1755,variable_encoder_2_4/repetition_1,420770657a844be6ab5e55e02edf3782,variable_encoder_2_4,1,1,62,3,win,fixed_2p/repetition_3
18,1756,variable_encoder_2_4/repetition_1,420770657a844be6ab5e55e02edf3782,variable_encoder_2_4,1,0,62,4,win,fixed_2p/repetition_3
18,1756,fixed_2p/repetition_3,e84a40adced747d4aa7a1d33ce983cdb,fixed_2p,3,1,39,2,loss,variable_encoder_2_4/repetition_1
18,1757,variable_encoder_2_4/repetition_1,420770657a844be6ab5e55e02edf3782,variable_encoder_2_4,1,0,60,4,win,fixed_2p/repetition_3
18,1757,fixed_2p/repetition_3,e84a40adced747d4aa7a1d33ce983cdb,fixed_2p,3,1,54,0,loss,variable_encoder_2_4/repetition_1
18,1758,fixed_2p/repetition_3,e84a40adced747d4aa7a1d33ce983cdb,fixed_2p,3,0,61,1,win,variable_encoder_2_4/repetition_1
18,1758,variable_encoder_2_4/repetition_1,420770657a844be6ab5e55e02edf3782,variable_encoder_2_4,1,1,60,3,loss,fixed_2p/repetition_3
18,1759,fixed_2p/repetition_3,e84a40adced747d4aa7a1d33ce983cdb,fixed_2p,3,0,67,1,win,variable_encoder_2_4/repetition_1
18,1759,variable_encoder_2_4/repetition_1,420770657a844be6ab5e55e02edf3782,variable_encoder_2_4,1,1,64,7,loss,fixed_2p/repetition_3
18,1760,fixed_2p/repetition_3,e84a40adced747d4aa7a1d33ce983cdb,fixed_2p,3,0,53,2,loss,variable_encoder_2_4/repetition_1
18,1760,variable_encoder_2_4/repetition_1,420770657a844be6ab5e55e02edf3782,variable_encoder_2_4,1,1,60,3,win,fixed_2p/repetition_3
18,1761,variable_encoder_2_4/repetition_1,420770657a844be6ab5e55e02edf3782,variable_encoder_2_4,1,0,46,6,loss,fixed_2p/repetition_3
18,1761,fixed_2p/repetition_3,e84a40adced747d4aa7a1d33ce983cdb,fixed_2p,3,1,63,1,win,variable_encoder_2_4/repetition_1
18,1762,variable_encoder_2_4/repetition_1,420770657a844be6ab5e55e02edf3782,variable_encoder_2_4,1,0,60,5,win,fixed_2p/repetition_3
18,1762,fixed_2p/repetition_3,e84a40adced747d4aa7a1d33ce983cdb,fixed_2p,3,1,58,3,loss,variable_encoder_2_4/repetition_1
18,1763,fixed_2p/repetition_3,e84a40adced747d4aa7a1d33ce983cdb,fixed_2p,3,0,51,2,loss,variable_encoder_2_4/repetition_1
18,1763,variable_encoder_2_4/repetition_1,420770657a844be6ab5e55e02edf3782,variable_encoder_2_4,1,1,58,5,win,fixed_2p/repetition_3
18,1764,variable_encoder_2_4/repetition_1,420770657a844be6ab5e55e02edf3782,variable_encoder_2_4,1,0,45,5,loss,fixed_2p/repetition_3
18,1764,fixed_2p/repetition_3,e84a40adced747d4aa7a1d33ce983cdb,fixed_2p,3,1,57,1,win,variable_encoder_2_4/repetition_1
18,1765,variable_encoder_2_4/repetition_1,420770657a844be6ab5e55e02edf3782,variable_encoder_2_4,1,0,65,4,win,fixed_2p/repetition_3
18,1765,fixed_2p/repetition_3,e84a40adced747d4aa7a1d33ce983cdb,fixed_2p,3,1,52,2,loss,variable_encoder_2_4/repetition_1
18,1766,variable_encoder_2_4/repetition_1,420770657a844be6ab5e55e02edf3782,variable_encoder_2_4,1,0,59,4,win,fixed_2p/repetition_3
18,1766,fixed_2p/repetition_3,e84a40adced747d4aa7a1d33ce983cdb,fixed_2p,3,1,50,3,loss,variable_encoder_2_4/repetition_1
18,1767,fixed_2p/repetition_3,e84a40adced747d4aa7a1d33ce983cdb,fixed_2p,3,0,40,2,loss,variable_encoder_2_4/repetition_1
18,1767,variable_encoder_2_4/repetition_1,420770657a844be6ab5e55e02edf3782,variable_encoder_2_4,1,1,55,6,win,fixed_2p/repetition_3
18,1768,variable_encoder_2_4/repetition_1,420770657a844be6ab5e55e02edf3782,variable_encoder_2_4,1,0,59,4,loss,fixed_2p/repetition_3
18,1768,fixed_2p/repetition_3,e84a40adced747d4aa7a1d33ce983cdb,fixed_2p,3,1,63,2,win,variable_encoder_2_4/repetition_1
18,1769,variable_encoder_2_4/repetition_1,420770657a844be6ab5e55e02edf3782,variable_encoder_2_4,1,0,76,4,win,fixed_2p/repetition_3
18,1769,fixed_2p/repetition_3,e84a40adced747d4aa7a1d33ce983cdb,fixed_2p,3,1,57,0,loss,variable_encoder_2_4/repetition_1
18,1770,variable_encoder_2_4/repetition_1,420770657a844be6ab5e55e02edf3782,variable_encoder_2_4,1,0,70,4,win,fixed_2p/repetition_3
18,1770,fixed_2p/repetition_3,e84a40adced747d4aa7a1d33ce983cdb,fixed_2p,3,1,60,1,loss,variable_encoder_2_4/repetition_1
18,1771,fixed_2p/repetition_3,e84a40adced747d4aa7a1d33ce983cdb,fixed_2p,3,0,53,2,loss,variable_encoder_2_4/repetition_1
18,1771,variable_encoder_2_4/repetition_1,420770657a844be6ab5e55e02edf3782,variable_encoder_2_4,1,1,60,4,win,fixed_2p/repetition_3
18,1772,fixed_2p/repetition_3,e84a40adced747d4aa7a1d33ce983cdb,fixed_2p,3,0,43,1,loss,variable_encoder_2_4/repetition_1
18,1772,variable_encoder_2_4/repetition_1,420770657a844be6ab5e55e02edf3782,variable_encoder_2_4,1,1,59,3,win,fixed_2p/repetition_3
18,1773,variable_encoder_2_4/repetition_1,420770657a844be6ab5e55e02edf3782,variable_encoder_2_4,1,0,47,3,loss,fixed_2p/repetition_3
18,1773,fixed_2p/repetition_3,e84a40adced747d4aa7a1d33ce983cdb,fixed_2p,3,1,53,1,win,variable_encoder_2_4/repetition_1
18,1774,variable_encoder_2_4/repetition_1,420770657a844be6ab5e55e02edf3782,variable_encoder_2_4,1,0,67,2,win,fixed_2p/repetition_3
18,1774,fixed_2p/repetition_3,e84a40adced747d4aa7a1d33ce983cdb,fixed_2p,3,1,61,2,loss,variable_encoder_2_4/repetition_1
18,1775,variable_encoder_2_4/repetition_1,420770657a844be6ab5e55e02edf3782,variable_encoder_2_4,1,0,67,4,win,fixed_2p/repetition_3
18,1775,fixed_2p/repetition_3,e84a40adced747d4aa7a1d33ce983cdb,fixed_2p,3,1,55,2,loss,variable_encoder_2_4/repetition_1
18,1776,variable_encoder_2_4/repetition_1,420770657a844be6ab5e55e02edf3782,variable_encoder_2_4,1,0,70,5,win,fixed_2p/repetition_3
18,1776,fixed_2p/repetition_3,e84a40adced747d4aa7a1d33ce983cdb,fixed_2p,3,1,62,2,loss,variable_encoder_2_4/repetition_1
18,1777,variable_encoder_2_4/repetition_1,420770657a844be6ab5e55e02edf3782,variable_encoder_2_4,1,0,48,5,loss,fixed_2p/repetition_3
18,1777,fixed_2p/repetition_3,e84a40adced747d4aa7a1d33ce983cdb,fixed_2p,3,1,54,1,win,variable_encoder_2_4/repetition_1
18,1778,fixed_2p/repetition_3,e84a40adced747d4aa7a1d33ce983cdb,fixed_2p,3,0,41,2,loss,variable_encoder_2_4/repetition_1
18,1778,variable_encoder_2_4/repetition_1,420770657a844be6ab5e55e02edf3782,variable_encoder_2_4,1,1,56,2,win,fixed_2p/repetition_3
18,1779,fixed_2p/repetition_3,e84a40adced747d4aa7a1d33ce983cdb,fixed_2p,3,0,58,0,loss,variable_encoder_2_4/repetition_1
18,1779,variable_encoder_2_4/repetition_1,420770657a844be6ab5e55e02edf3782,variable_encoder_2_4,1,1,62,4,win,fixed_2p/repetition_3
18,1780,fixed_2p/repetition_3,e84a40adced747d4aa7a1d33ce983cdb,fixed_2p,3,0,59,1,win,variable_encoder_2_4/repetition_1
18,1780,variable_encoder_2_4/repetition_1,420770657a844be6ab5e55e02edf3782,variable_encoder_2_4,1,1,57,5,loss,fixed_2p/repetition_3
18,1781,fixed_2p/repetition_3,e84a40adced747d4aa7a1d33ce983cdb,fixed_2p,3,0,56,0,loss,variable_encoder_2_4/repetition_1
18,1781,variable_encoder_2_4/repetition_1,420770657a844be6ab5e55e02edf3782,variable_encoder_2_4,1,1,58,4,win,fixed_2p/repetition_3
18,1782,variable_encoder_2_4/repetition_1,420770657a844be6ab5e55e02edf3782,variable_encoder_2_4,1,0,54,2,win,fixed_2p/repetition_3
18,1782,fixed_2p/repetition_3,e84a40adced747d4aa7a1d33ce983cdb,fixed_2p,3,1,33,1,loss,variable_encoder_2_4/repetition_1
18,1783,variable_encoder_2_4/repetition_1,420770657a844be6ab5e55e02edf3782,variable_encoder_2_4,1,0,69,3,win,fixed_2p/repetition_3
18,1783,fixed_2p/repetition_3,e84a40adced747d4aa7a1d33ce983cdb,fixed_2p,3,1,49,2,loss,variable_encoder_2_4/repetition_1
18,1784,variable_encoder_2_4/repetition_1,420770657a844be6ab5e55e02edf3782,variable_encoder_2_4,1,0,63,5,win,fixed_2p/repetition_3
18,1784,fixed_2p/repetition_3,e84a40adced747d4aa7a1d33ce983cdb,fixed_2p,3,1,51,3,loss,variable_encoder_2_4/repetition_1
18,1785,fixed_2p/repetition_3,e84a40adced747d4aa7a1d33ce983cdb,fixed_2p,3,0,51,0,loss,variable_encoder_2_4/repetition_1
18,1785,variable_encoder_2_4/repetition_1,420770657a844be6ab5e55e02edf3782,variable_encoder_2_4,1,1,64,5,win,fixed_2p/repetition_3
18,1786,variable_encoder_2_4/repetition_1,420770657a844be6ab5e55e02edf3782,variable_encoder_2_4,1,0,65,3,win,fixed_2p/repetition_3
18,1786,fixed_2p/repetition_3,e84a40adced747d4aa7a1d33ce983cdb,fixed_2p,3,1,54,1,loss,variable_encoder_2_4/repetition_1
18,1787,variable_encoder_2_4/repetition_1,420770657a844be6ab5e55e02edf3782,variable_encoder_2_4,1,0,57,2,loss,fixed_2p/repetition_3
18,1787,fixed_2p/repetition_3,e84a40adced747d4aa7a1d33ce983cdb,fixed_2p,3,1,67,3,win,variable_encoder_2_4/repetition_1
18,1788,variable_encoder_2_4/repetition_1,420770657a844be6ab5e55e02edf3782,variable_encoder_2_4,1,0,63,3,win,fixed_2p/repetition_3
18,1788,fixed_2p/repetition_3,e84a40adced747d4aa7a1d33ce983cdb,fixed_2p,3,1,41,0,loss,variable_encoder_2_4/repetition_1
18,1789,fixed_2p/repetition_3,e84a40adced747d4aa7a1d33ce983cdb,fixed_2p,3,0,45,2,loss,variable_encoder_2_4/repetition_1
18,1789,variable_encoder_2_4/repetition_1,420770657a844be6ab5e55e02edf3782,variable_encoder_2_4,1,1,50,7,win,fixed_2p/repetition_3
18,1790,variable_encoder_2_4/repetition_1,420770657a844be6ab5e55e02edf3782,variable_encoder_2_4,1,0,53,4,loss,fixed_2p/repetition_3
18,1790,fixed_2p/repetition_3,e84a40adced747d4aa7a1d33ce983cdb,fixed_2p,3,1,54,1,win,variable_encoder_2_4/repetition_1
18,1791,variable_encoder_2_4/repetition_1,420770657a844be6ab5e55e02edf3782,variable_encoder_2_4,1,0,56,4,win,fixed_2p/repetition_3
18,1791,fixed_2p/repetition_3,e84a40adced747d4aa7a1d33ce983cdb,fixed_2p,3,1,40,3,loss,variable_encoder_2_4/repetition_1
18,1792,variable_encoder_2_4/repetition_1,420770657a844be6ab5e55e02edf3782,variable_encoder_2_4,1,0,64,2,win,fixed_2p/repetition_3
18,1792,fixed_2p/repetition_3,e84a40adced747d4aa7a1d33ce983cdb,fixed_2p,3,1,54,1,loss,variable_encoder_2_4/repetition_1
18,1793,fixed_2p/repetition_3,e84a40adced747d4aa7a1d33ce983cdb,fixed_2p,3,0,57,1,win,variable_encoder_2_4/repetition_1
18,1793,variable_encoder_2_4/repetition_1,420770657a844be6ab5e55e02edf3782,variable_encoder_2_4,1,1,55,4,loss,fixed_2p/repetition_3
18,1794,variable_encoder_2_4/repetition_1,420770657a844be6ab5e55e02edf3782,variable_encoder_2_4,1,0,55,3,win,fixed_2p/repetition_3
18,1794,fixed_2p/repetition_3,e84a40adced747d4aa7a1d33ce983cdb,fixed_2p,3,1,55,2,loss,variable_encoder_2_4/repetition_1
18,1795,variable_encoder_2_4/repetition_1,420770657a844be6ab5e55e02edf3782,variable_encoder_2_4,1,0,54,4,win,fixed_2p/repetition_3
18,1795,fixed_2p/repetition_3,e84a40adced747d4aa7a1d33ce983cdb,fixed_2p,3,1,50,2,loss,variable_encoder_2_4/repetition_1
18,1796,fixed_2p/repetition_3,e84a40adced747d4aa7a1d33ce983cdb,fixed_2p,3,0,61,1,win,variable_encoder_2_4/repetition_1
18,1796,variable_encoder_2_4/repetition_1,420770657a844be6ab5e55e02edf3782,variable_encoder_2_4,1,1,58,3,loss,fixed_2p/repetition_3
18,1797,variable_encoder_2_4/repetition_1,420770657a844be6ab5e55e02edf3782,variable_encoder_2_4,1,0,68,2,win,fixed_2p/repetition_3
18,1797,fixed_2p/repetition_3,e84a40adced747d4aa7a1d33ce983cdb,fixed_2p,3,1,45,1,loss,variable_encoder_2_4/repetition_1
18,1798,fixed_2p/repetition_3,e84a40adced747d4aa7a1d33ce983cdb,fixed_2p,3,0,52,1,loss,variable_encoder_2_4/repetition_1
18,1798,variable_encoder_2_4/repetition_1,420770657a844be6ab5e55e02edf3782,variable_encoder_2_4,1,1,58,1,win,fixed_2p/repetition_3
18,1799,variable_encoder_2_4/repetition_1,420770657a844be6ab5e55e02edf3782,variable_encoder_2_4,1,0,58,5,win,fixed_2p/repetition_3
18,1799,fixed_2p/repetition_3,e84a40adced747d4aa7a1d33ce983cdb,fixed_2p,3,1,58,2,loss,variable_encoder_2_4/repetition_1
18,1800,fixed_2p/repetition_3,e84a40adced747d4aa7a1d33ce983cdb,fixed_2p,3,0,51,2,loss,variable_encoder_2_4/repetition_1
18,1800,variable_encoder_2_4/repetition_1,420770657a844be6ab5e55e02edf3782,variable_encoder_2_4,1,1,56,4,win,fixed_2p/repetition_3
19,1801,fixed_2p/repetition_3,e84a40adced747d4aa7a1d33ce983cdb,fixed_2p,3,0,57,2,loss,variable_encoder_2_4/repetition_2
19,1801,variable_encoder_2_4/repetition_2,a665630867144200adb56738eed146da,variable_encoder_2_4,2,1,61,4,win,fixed_2p/repetition_3
19,1802,variable_encoder_2_4/repetition_2,a665630867144200adb56738eed146da,variable_encoder_2_4,2,0,53,5,win,fixed_2p/repetition_3
19,1802,fixed_2p/repetition_3,e84a40adced747d4aa7a1d33ce983cdb,fixed_2p,3,1,51,2,loss,variable_encoder_2_4/repetition_2
19,1803,fixed_2p/repetition_3,e84a40adced747d4aa7a1d33ce983cdb,fixed_2p,3,0,53,0,win,variable_encoder_2_4/repetition_2
19,1803,variable_encoder_2_4/repetition_2,a665630867144200adb56738eed146da,variable_encoder_2_4,2,1,48,5,loss,fixed_2p/repetition_3
19,1804,variable_encoder_2_4/repetition_2,a665630867144200adb56738eed146da,variable_encoder_2_4,2,0,55,5,win,fixed_2p/repetition_3
19,1804,fixed_2p/repetition_3,e84a40adced747d4aa7a1d33ce983cdb,fixed_2p,3,1,52,0,loss,variable_encoder_2_4/repetition_2
19,1805,fixed_2p/repetition_3,e84a40adced747d4aa7a1d33ce983cdb,fixed_2p,3,0,58,2,win,variable_encoder_2_4/repetition_2
19,1805,variable_encoder_2_4/repetition_2,a665630867144200adb56738eed146da,variable_encoder_2_4,2,1,57,2,loss,fixed_2p/repetition_3
19,1806,variable_encoder_2_4/repetition_2,a665630867144200adb56738eed146da,variable_encoder_2_4,2,0,58,2,loss,fixed_2p/repetition_3
19,1806,fixed_2p/repetition_3,e84a40adced747d4aa7a1d33ce983cdb,fixed_2p,3,1,58,3,win,variable_encoder_2_4/repetition_2
19,1807,variable_encoder_2_4/repetition_2,a665630867144200adb56738eed146da,variable_encoder_2_4,2,0,61,3,win,fixed_2p/repetition_3
19,1807,fixed_2p/repetition_3,e84a40adced747d4aa7a1d33ce983cdb,fixed_2p,3,1,48,0,loss,variable_encoder_2_4/repetition_2
19,1808,variable_encoder_2_4/repetition_2,a665630867144200adb56738eed146da,variable_encoder_2_4,2,0,62,4,win,fixed_2p/repetition_3
19,1808,fixed_2p/repetition_3,e84a40adced747d4aa7a1d33ce983cdb,fixed_2p,3,1,58,2,loss,variable_encoder_2_4/repetition_2
19,1809,fixed_2p/repetition_3,e84a40adced747d4aa7a1d33ce983cdb,fixed_2p,3,0,49,1,loss,variable_encoder_2_4/repetition_2
19,1809,variable_encoder_2_4/repetition_2,a665630867144200adb56738eed146da,variable_encoder_2_4,2,1,55,4,win,fixed_2p/repetition_3
19,1810,fixed_2p/repetition_3,e84a40adced747d4aa7a1d33ce983cdb,fixed_2p,3,0,45,2,loss,variable_encoder_2_4/repetition_2
19,1810,variable_encoder_2_4/repetition_2,a665630867144200adb56738eed146da,variable_encoder_2_4,2,1,54,2,win,fixed_2p/repetition_3
19,1811,variable_encoder_2_4/repetition_2,a665630867144200adb56738eed146da,variable_encoder_2_4,2,0,64,1,win,fixed_2p/repetition_3
19,1811,fixed_2p/repetition_3,e84a40adced747d4aa7a1d33ce983cdb,fixed_2p,3,1,53,1,loss,variable_encoder_2_4/repetition_2
19,1812,variable_encoder_2_4/repetition_2,a665630867144200adb56738eed146da,variable_encoder_2_4,2,0,66,6,win,fixed_2p/repetition_3
19,1812,fixed_2p/repetition_3,e84a40adced747d4aa7a1d33ce983cdb,fixed_2p,3,1,61,1,loss,variable_encoder_2_4/repetition_2
19,1813,variable_encoder_2_4/repetition_2,a665630867144200adb56738eed146da,variable_encoder_2_4,2,0,58,3,win,fixed_2p/repetition_3
19,1813,fixed_2p/repetition_3,e84a40adced747d4aa7a1d33ce983cdb,fixed_2p,3,1,56,1,loss,variable_encoder_2_4/repetition_2
19,1814,fixed_2p/repetition_3,e84a40adced747d4aa7a1d33ce983cdb,fixed_2p,3,0,59,1,win,variable_encoder_2_4/repetition_2
19,1814,variable_encoder_2_4/repetition_2,a665630867144200adb56738eed146da,variable_encoder_2_4,2,1,57,5,loss,fixed_2p/repetition_3
19,1815,variable_encoder_2_4/repetition_2,a665630867144200adb56738eed146da,variable_encoder_2_4,2,0,52,3,loss,fixed_2p/repetition_3
19,1815,fixed_2p/repetition_3,e84a40adced747d4aa7a1d33ce983cdb,fixed_2p,3,1,53,0,win,variable_encoder_2_4/repetition_2
19,1816,fixed_2p/repetition_3,e84a40adced747d4aa7a1d33ce983cdb,fixed_2p,3,0,52,4,loss,variable_encoder_2_4/repetition_2
19,1816,variable_encoder_2_4/repetition_2,a665630867144200adb56738eed146da,variable_encoder_2_4,2,1,61,1,win,fixed_2p/repetition_3
19,1817,fixed_2p/repetition_3,e84a40adced747d4aa7a1d33ce983cdb,fixed_2p,3,0,47,1,loss,variable_encoder_2_4/repetition_2
19,1817,variable_encoder_2_4/repetition_2,a665630867144200adb56738eed146da,variable_encoder_2_4,2,1,55,4,win,fixed_2p/repetition_3
19,1818,fixed_2p/repetition_3,e84a40adced747d4aa7a1d33ce983cdb,fixed_2p,3,0,45,1,loss,variable_encoder_2_4/repetition_2
19,1818,variable_encoder_2_4/repetition_2,a665630867144200adb56738eed146da,variable_encoder_2_4,2,1,67,4,win,fixed_2p/repetition_3
19,1819,variable_encoder_2_4/repetition_2,a665630867144200adb56738eed146da,variable_encoder_2_4,2,0,46,4,win,fixed_2p/repetition_3
19,1819,fixed_2p/repetition_3,e84a40adced747d4aa7a1d33ce983cdb,fixed_2p,3,1,44,3,loss,variable_encoder_2_4/repetition_2
19,1820,fixed_2p/repetition_3,e84a40adced747d4aa7a1d33ce983cdb,fixed_2p,3,0,55,1,loss,variable_encoder_2_4/repetition_2
19,1820,variable_encoder_2_4/repetition_2,a665630867144200adb56738eed146da,variable_encoder_2_4,2,1,59,4,win,fixed_2p/repetition_3
19,1821,fixed_2p/repetition_3,e84a40adced747d4aa7a1d33ce983cdb,fixed_2p,3,0,62,1,win,variable_encoder_2_4/repetition_2
19,1821,variable_encoder_2_4/repetition_2,a665630867144200adb56738eed146da,variable_encoder_2_4,2,1,55,2,loss,fixed_2p/repetition_3
19,1822,variable_encoder_2_4/repetition_2,a665630867144200adb56738eed146da,variable_encoder_2_4,2,0,40,5,win,fixed_2p/repetition_3
19,1822,fixed_2p/repetition_3,e84a40adced747d4aa7a1d33ce983cdb,fixed_2p,3,1,39,2,loss,variable_encoder_2_4/repetition_2
19,1823,fixed_2p/repetition_3,e84a40adced747d4aa7a1d33ce983cdb,fixed_2p,3,0,56,1,loss,variable_encoder_2_4/repetition_2
19,1823,variable_encoder_2_4/repetition_2,a665630867144200adb56738eed146da,variable_encoder_2_4,2,1,71,3,win,fixed_2p/repetition_3
19,1824,variable_encoder_2_4/repetition_2,a665630867144200adb56738eed146da,variable_encoder_2_4,2,0,64,3,win,fixed_2p/repetition_3
19,1824,fixed_2p/repetition_3,e84a40adced747d4aa7a1d33ce983cdb,fixed_2p,3,1,55,3,loss,variable_encoder_2_4/repetition_2
19,1825,variable_encoder_2_4/repetition_2,a665630867144200adb56738eed146da,variable_encoder_2_4,2,0,63,5,win,fixed_2p/repetition_3
19,1825,fixed_2p/repetition_3,e84a40adced747d4aa7a1d33ce983cdb,fixed_2p,3,1,54,2,loss,variable_encoder_2_4/repetition_2
19,1826,fixed_2p/repetition_3,e84a40adced747d4aa7a1d33ce983cdb,fixed_2p,3,0,40,2,loss,variable_encoder_2_4/repetition_2
19,1826,variable_encoder_2_4/repetition_2,a665630867144200adb56738eed146da,variable_encoder_2_4,2,1,61,2,win,fixed_2p/repetition_3
19,1827,fixed_2p/repetition_3,e84a40adced747d4aa7a1d33ce983cdb,fixed_2p,3,0,52,2,loss,variable_encoder_2_4/repetition_2
19,1827,variable_encoder_2_4/repetition_2,a665630867144200adb56738eed146da,variable_encoder_2_4,2,1,55,4,win,fixed_2p/repetition_3
19,1828,variable_encoder_2_4/repetition_2,a665630867144200adb56738eed146da,variable_encoder_2_4,2,0,53,6,loss,fixed_2p/repetition_3
19,1828,fixed_2p/repetition_3,e84a40adced747d4aa7a1d33ce983cdb,fixed_2p,3,1,55,1,win,variable_encoder_2_4/repetition_2
19,1829,variable_encoder_2_4/repetition_2,a665630867144200adb56738eed146da,variable_encoder_2_4,2,0,47,5,loss,fixed_2p/repetition_3
19,1829,fixed_2p/repetition_3,e84a40adced747d4aa7a1d33ce983cdb,fixed_2p,3,1,51,3,win,variable_encoder_2_4/repetition_2
19,1830,fixed_2p/repetition_3,e84a40adced747d4aa7a1d33ce983cdb,fixed_2p,3,0,54,1,loss,variable_encoder_2_4/repetition_2
19,1830,variable_encoder_2_4/repetition_2,a665630867144200adb56738eed146da,variable_encoder_2_4,2,1,59,5,win,fixed_2p/repetition_3
19,1831,fixed_2p/repetition_3,e84a40adced747d4aa7a1d33ce983cdb,fixed_2p,3,0,62,2,win,variable_encoder_2_4/repetition_2
19,1831,variable_encoder_2_4/repetition_2,a665630867144200adb56738eed146da,variable_encoder_2_4,2,1,54,3,loss,fixed_2p/repetition_3
19,1832,fixed_2p/repetition_3,e84a40adced747d4aa7a1d33ce983cdb,fixed_2p,3,0,53,2,loss,variable_encoder_2_4/repetition_2
19,1832,variable_encoder_2_4/repetition_2,a665630867144200adb56738eed146da,variable_encoder_2_4,2,1,59,3,win,fixed_2p/repetition_3
19,1833,fixed_2p/repetition_3,e84a40adced747d4aa7a1d33ce983cdb,fixed_2p,3,0,53,2,loss,variable_encoder_2_4/repetition_2
19,1833,variable_encoder_2_4/repetition_2,a665630867144200adb56738eed146da,variable_encoder_2_4,2,1,53,4,win,fixed_2p/repetition_3
19,1834,variable_encoder_2_4/repetition_2,a665630867144200adb56738eed146da,variable_encoder_2_4,2,0,69,2,win,fixed_2p/repetition_3
19,1834,fixed_2p/repetition_3,e84a40adced747d4aa7a1d33ce983cdb,fixed_2p,3,1,56,1,loss,variable_encoder_2_4/repetition_2
19,1835,fixed_2p/repetition_3,e84a40adced747d4aa7a1d33ce983cdb,fixed_2p,3,0,52,1,loss,variable_encoder_2_4/repetition_2
19,1835,variable_encoder_2_4/repetition_2,a665630867144200adb56738eed146da,variable_encoder_2_4,2,1,64,3,win,fixed_2p/repetition_3
19,1836,fixed_2p/repetition_3,e84a40adced747d4aa7a1d33ce983cdb,fixed_2p,3,0,52,0,loss,variable_encoder_2_4/repetition_2
19,1836,variable_encoder_2_4/repetition_2,a665630867144200adb56738eed146da,variable_encoder_2_4,2,1,60,2,win,fixed_2p/repetition_3
19,1837,fixed_2p/repetition_3,e84a40adced747d4aa7a1d33ce983cdb,fixed_2p,3,0,56,2,loss,variable_encoder_2_4/repetition_2
19,1837,variable_encoder_2_4/repetition_2,a665630867144200adb56738eed146da,variable_encoder_2_4,2,1,63,3,win,fixed_2p/repetition_3
19,1838,variable_encoder_2_4/repetition_2,a665630867144200adb56738eed146da,variable_encoder_2_4,2,0,52,6,win,fixed_2p/repetition_3
19,1838,fixed_2p/repetition_3,e84a40adced747d4aa7a1d33ce983cdb,fixed_2p,3,1,44,0,loss,variable_encoder_2_4/repetition_2
19,1839,variable_encoder_2_4/repetition_2,a665630867144200adb56738eed146da,variable_encoder_2_4,2,0,59,2,tie,fixed_2p/repetition_3
19,1839,fixed_2p/repetition_3,e84a40adced747d4aa7a1d33ce983cdb,fixed_2p,3,1,59,2,tie,variable_encoder_2_4/repetition_2
19,1840,variable_encoder_2_4/repetition_2,a665630867144200adb56738eed146da,variable_encoder_2_4,2,0,60,3,win,fixed_2p/repetition_3
19,1840,fixed_2p/repetition_3,e84a40adced747d4aa7a1d33ce983cdb,fixed_2p,3,1,51,3,loss,variable_encoder_2_4/repetition_2
19,1841,variable_encoder_2_4/repetition_2,a665630867144200adb56738eed146da,variable_encoder_2_4,2,0,69,4,win,fixed_2p/repetition_3
19,1841,fixed_2p/repetition_3,e84a40adced747d4aa7a1d33ce983cdb,fixed_2p,3,1,50,1,loss,variable_encoder_2_4/repetition_2
19,1842,fixed_2p/repetition_3,e84a40adced747d4aa7a1d33ce983cdb,fixed_2p,3,0,54,1,win,variable_encoder_2_4/repetition_2
19,1842,variable_encoder_2_4/repetition_2,a665630867144200adb56738eed146da,variable_encoder_2_4,2,1,49,5,loss,fixed_2p/repetition_3
19,1843,fixed_2p/repetition_3,e84a40adced747d4aa7a1d33ce983cdb,fixed_2p,3,0,50,1,loss,variable_encoder_2_4/repetition_2
19,1843,variable_encoder_2_4/repetition_2,a665630867144200adb56738eed146da,variable_encoder_2_4,2,1,52,5,win,fixed_2p/repetition_3
19,1844,fixed_2p/repetition_3,e84a40adced747d4aa7a1d33ce983cdb,fixed_2p,3,0,47,0,loss,variable_encoder_2_4/repetition_2
19,1844,variable_encoder_2_4/repetition_2,a665630867144200adb56738eed146da,variable_encoder_2_4,2,1,52,6,win,fixed_2p/repetition_3
19,1845,fixed_2p/repetition_3,e84a40adced747d4aa7a1d33ce983cdb,fixed_2p,3,0,47,1,loss,variable_encoder_2_4/repetition_2
19,1845,variable_encoder_2_4/repetition_2,a665630867144200adb56738eed146da,variable_encoder_2_4,2,1,70,4,win,fixed_2p/repetition_3
19,1846,fixed_2p/repetition_3,e84a40adced747d4aa7a1d33ce983cdb,fixed_2p,3,0,67,0,win,variable_encoder_2_4/repetition_2
19,1846,variable_encoder_2_4/repetition_2,a665630867144200adb56738eed146da,variable_encoder_2_4,2,1,66,5,loss,fixed_2p/repetition_3
19,1847,variable_encoder_2_4/repetition_2,a665630867144200adb56738eed146da,variable_encoder_2_4,2,0,69,4,win,fixed_2p/repetition_3
19,1847,fixed_2p/repetition_3,e84a40adced747d4aa7a1d33ce983cdb,fixed_2p,3,1,56,1,loss,variable_encoder_2_4/repetition_2
19,1848,variable_encoder_2_4/repetition_2,a665630867144200adb56738eed146da,variable_encoder_2_4,2,0,66,4,win,fixed_2p/repetition_3
19,1848,fixed_2p/repetition_3,e84a40adced747d4aa7a1d33ce983cdb,fixed_2p,3,1,57,1,loss,variable_encoder_2_4/repetition_2
19,1849,variable_encoder_2_4/repetition_2,a665630867144200adb56738eed146da,variable_encoder_2_4,2,0,58,5,win,fixed_2p/repetition_3
19,1849,fixed_2p/repetition_3,e84a40adced747d4aa7a1d33ce983cdb,fixed_2p,3,1,48,1,loss,variable_encoder_2_4/repetition_2
19,1850,variable_encoder_2_4/repetition_2,a665630867144200adb56738eed146da,variable_encoder_2_4,2,0,56,4,win,fixed_2p/repetition_3
19,1850,fixed_2p/repetition_3,e84a40adced747d4aa7a1d33ce983cdb,fixed_2p,3,1,54,1,loss,variable_encoder_2_4/repetition_2
19,1851,variable_encoder_2_4/repetition_2,a665630867144200adb56738eed146da,variable_encoder_2_4,2,0,57,5,loss,fixed_2p/repetition_3
19,1851,fixed_2p/repetition_3,e84a40adced747d4aa7a1d33ce983cdb,fixed_2p,3,1,58,0,win,variable_encoder_2_4/repetition_2
19,1852,fixed_2p/repetition_3,e84a40adced747d4aa7a1d33ce983cdb,fixed_2p,3,0,56,2,loss,variable_encoder_2_4/repetition_2
19,1852,variable_encoder_2_4/repetition_2,a665630867144200adb56738eed146da,variable_encoder_2_4,2,1,66,2,win,fixed_2p/repetition_3
19,1853,fixed_2p/repetition_3,e84a40adced747d4aa7a1d33ce983cdb,fixed_2p,3,0,62,1,win,variable_encoder_2_4/repetition_2
19,1853,variable_encoder_2_4/repetition_2,a665630867144200adb56738eed146da,variable_encoder_2_4,2,1,61,3,loss,fixed_2p/repetition_3
19,1854,fixed_2p/repetition_3,e84a40adced747d4aa7a1d33ce983cdb,fixed_2p,3,0,60,0,win,variable_encoder_2_4/repetition_2
19,1854,variable_encoder_2_4/repetition_2,a665630867144200adb56738eed146da,variable_encoder_2_4,2,1,48,5,loss,fixed_2p/repetition_3
19,1855,fixed_2p/repetition_3,e84a40adced747d4aa7a1d33ce983cdb,fixed_2p,3,0,68,1,loss,variable_encoder_2_4/repetition_2
19,1855,variable_encoder_2_4/repetition_2,a665630867144200adb56738eed146da,variable_encoder_2_4,2,1,68,5,win,fixed_2p/repetition_3
19,1856,variable_encoder_2_4/repetition_2,a665630867144200adb56738eed146da,variable_encoder_2_4,2,0,57,3,win,fixed_2p/repetition_3
19,1856,fixed_2p/repetition_3,e84a40adced747d4aa7a1d33ce983cdb,fixed_2p,3,1,42,2,loss,variable_encoder_2_4/repetition_2
19,1857,variable_encoder_2_4/repetition_2,a665630867144200adb56738eed146da,variable_encoder_2_4,2,0,68,1,win,fixed_2p/repetition_3
19,1857,fixed_2p/repetition_3,e84a40adced747d4aa7a1d33ce983cdb,fixed_2p,3,1,60,1,loss,variable_encoder_2_4/repetition_2
19,1858,variable_encoder_2_4/repetition_2,a665630867144200adb56738eed146da,variable_encoder_2_4,2,0,58,4,win,fixed_2p/repetition_3
19,1858,fixed_2p/repetition_3,e84a40adced747d4aa7a1d33ce983cdb,fixed_2p,3,1,50,1,loss,variable_encoder_2_4/repetition_2
19,1859,fixed_2p/repetition_3,e84a40adced747d4aa7a1d33ce983cdb,fixed_2p,3,0,59,1,loss,variable_encoder_2_4/repetition_2
19,1859,variable_encoder_2_4/repetition_2,a665630867144200adb56738eed146da,variable_encoder_2_4,2,1,60,6,win,fixed_2p/repetition_3
19,1860,variable_encoder_2_4/repetition_2,a665630867144200adb56738eed146da,variable_encoder_2_4,2,0,53,5,win,fixed_2p/repetition_3
19,1860,fixed_2p/repetition_3,e84a40adced747d4aa7a1d33ce983cdb,fixed_2p,3,1,47,1,loss,variable_encoder_2_4/repetition_2
19,1861,fixed_2p/repetition_3,e84a40adced747d4aa7a1d33ce983cdb,fixed_2p,3,0,56,4,win,variable_encoder_2_4/repetition_2
19,1861,variable_encoder_2_4/repetition_2,a665630867144200adb56738eed146da,variable_encoder_2_4,2,1,53,3,loss,fixed_2p/repetition_3
19,1862,fixed_2p/repetition_3,e84a40adced747d4aa7a1d33ce983cdb,fixed_2p,3,0,45,0,loss,variable_encoder_2_4/repetition_2
19,1862,variable_encoder_2_4/repetition_2,a665630867144200adb56738eed146da,variable_encoder_2_4,2,1,56,4,win,fixed_2p/repetition_3
19,1863,fixed_2p/repetition_3,e84a40adced747d4aa7a1d33ce983cdb,fixed_2p,3,0,47,2,loss,variable_encoder_2_4/repetition_2
19,1863,variable_encoder_2_4/repetition_2,a665630867144200adb56738eed146da,variable_encoder_2_4,2,1,53,4,win,fixed_2p/repetition_3
19,1864,variable_encoder_2_4/repetition_2,a665630867144200adb56738eed146da,variable_encoder_2_4,2,0,55,5,win,fixed_2p/repetition_3
19,1864,fixed_2p/repetition_3,e84a40adced747d4aa7a1d33ce983cdb,fixed_2p,3,1,52,1,loss,variable_encoder_2_4/repetition_2
19,1865,fixed_2p/repetition_3,e84a40adced747d4aa7a1d33ce983cdb,fixed_2p,3,0,47,3,loss,variable_encoder_2_4/repetition_2
19,1865,variable_encoder_2_4/repetition_2,a665630867144200adb56738eed146da,variable_encoder_2_4,2,1,48,3,win,fixed_2p/repetition_3
19,1866,fixed_2p/repetition_3,e84a40adced747d4aa7a1d33ce983cdb,fixed_2p,3,0,56,1,loss,variable_encoder_2_4/repetition_2
19,1866,variable_encoder_2_4/repetition_2,a665630867144200adb56738eed146da,variable_encoder_2_4,2,1,64,3,win,fixed_2p/repetition_3
19,1867,fixed_2p/repetition_3,e84a40adced747d4aa7a1d33ce983cdb,fixed_2p,3,0,54,2,loss,variable_encoder_2_4/repetition_2
19,1867,variable_encoder_2_4/repetition_2,a665630867144200adb56738eed146da,variable_encoder_2_4,2,1,68,3,win,fixed_2p/repetition_3
19,1868,variable_encoder_2_4/repetition_2,a665630867144200adb56738eed146da,variable_encoder_2_4,2,0,70,4,win,fixed_2p/repetition_3
19,1868,fixed_2p/repetition_3,e84a40adced747d4aa7a1d33ce983cdb,fixed_2p,3,1,68,0,loss,variable_encoder_2_4/repetition_2
19,1869,fixed_2p/repetition_3,e84a40adced747d4aa7a1d33ce983cdb,fixed_2p,3,0,49,0,loss,variable_encoder_2_4/repetition_2
19,1869,variable_encoder_2_4/repetition_2,a665630867144200adb56738eed146da,variable_encoder_2_4,2,1,54,4,win,fixed_2p/repetition_3
19,1870,fixed_2p/repetition_3,e84a40adced747d4aa7a1d33ce983cdb,fixed_2p,3,0,56,2,win,variable_encoder_2_4/repetition_2
19,1870,variable_encoder_2_4/repetition_2,a665630867144200adb56738eed146da,variable_encoder_2_4,2,1,52,5,loss,fixed_2p/repetition_3
19,1871,fixed_2p/repetition_3,e84a40adced747d4aa7a1d33ce983cdb,fixed_2p,3,0,54,2,loss,variable_encoder_2_4/repetition_2
19,1871,variable_encoder_2_4/repetition_2,a665630867144200adb56738eed146da,variable_encoder_2_4,2,1,64,3,win,fixed_2p/repetition_3
19,1872,variable_encoder_2_4/repetition_2,a665630867144200adb56738eed146da,variable_encoder_2_4,2,0,42,3,loss,fixed_2p/repetition_3
19,1872,fixed_2p/repetition_3,e84a40adced747d4aa7a1d33ce983cdb,fixed_2p,3,1,44,1,win,variable_encoder_2_4/repetition_2
19,1873,variable_encoder_2_4/repetition_2,a665630867144200adb56738eed146da,variable_encoder_2_4,2,0,63,3,win,fixed_2p/repetition_3
19,1873,fixed_2p/repetition_3,e84a40adced747d4aa7a1d33ce983cdb,fixed_2p,3,1,44,1,loss,variable_encoder_2_4/repetition_2
19,1874,fixed_2p/repetition_3,e84a40adced747d4aa7a1d33ce983cdb,fixed_2p,3,0,46,1,win,variable_encoder_2_4/repetition_2
19,1874,variable_encoder_2_4/repetition_2,a665630867144200adb56738eed146da,variable_encoder_2_4,2,1,44,3,loss,fixed_2p/repetition_3
19,1875,fixed_2p/repetition_3,e84a40adced747d4aa7a1d33ce983cdb,fixed_2p,3,0,60,0,win,variable_encoder_2_4/repetition_2
19,1875,variable_encoder_2_4/repetition_2,a665630867144200adb56738eed146da,variable_encoder_2_4,2,1,48,4,loss,fixed_2p/repetition_3
19,1876,variable_encoder_2_4/repetition_2,a665630867144200adb56738eed146da,variable_encoder_2_4,2,0,60,4,win,fixed_2p/repetition_3
19,1876,fixed_2p/repetition_3,e84a40adced747d4aa7a1d33ce983cdb,fixed_2p,3,1,39,1,loss,variable_encoder_2_4/repetition_2
19,1877,fixed_2p/repetition_3,e84a40adced747d4aa7a1d33ce983cdb,fixed_2p,3,0,48,1,loss,variable_encoder_2_4/repetition_2
19,1877,variable_encoder_2_4/repetition_2,a665630867144200adb56738eed146da,variable_encoder_2_4,2,1,51,2,win,fixed_2p/repetition_3
19,1878,fixed_2p/repetition_3,e84a40adced747d4aa7a1d33ce983cdb,fixed_2p,3,0,56,2,win,variable_encoder_2_4/repetition_2
19,1878,variable_encoder_2_4/repetition_2,a665630867144200adb56738eed146da,variable_encoder_2_4,2,1,55,4,loss,fixed_2p/repetition_3
19,1879,variable_encoder_2_4/repetition_2,a665630867144200adb56738eed146da,variable_encoder_2_4,2,0,65,4,win,fixed_2p/repetition_3
19,1879,fixed_2p/repetition_3,e84a40adced747d4aa7a1d33ce983cdb,fixed_2p,3,1,60,2,loss,variable_encoder_2_4/repetition_2
19,1880,variable_encoder_2_4/repetition_2,a665630867144200adb56738eed146da,variable_encoder_2_4,2,0,56,4,win,fixed_2p/repetition_3
19,1880,fixed_2p/repetition_3,e84a40adced747d4aa7a1d33ce983cdb,fixed_2p,3,1,54,2,loss,variable_encoder_2_4/repetition_2
19,1881,variable_encoder_2_4/repetition_2,a665630867144200adb56738eed146da,variable_encoder_2_4,2,0,52,5,win,fixed_2p/repetition_3
19,1881,fixed_2p/repetition_3,e84a40adced747d4aa7a1d33ce983cdb,fixed_2p,3,1,50,1,loss,variable_encoder_2_4/repetition_2
19,1882,variable_encoder_2_4/repetition_2,a665630867144200adb56738eed146da,variable_encoder_2_4,2,0,61,4,win,fixed_2p/repetition_3
19,1882,fixed_2p/repetition_3,e84a40adced747d4aa7a1d33ce983cdb,fixed_2p,3,1,49,2,loss,variable_encoder_2_4/repetition_2
19,1883,variable_encoder_2_4/repetition_2,a665630867144200adb56738eed146da,variable_encoder_2_4,2,0,46,6,loss,fixed_2p/repetition_3
19,1883,fixed_2p/repetition_3,e84a40adced747d4aa7a1d33ce983cdb,fixed_2p,3,1,57,1,win,variable_encoder_2_4/repetition_2
19,1884,variable_encoder_2_4/repetition_2,a665630867144200adb56738eed146da,variable_encoder_2_4,2,0,64,4,win,fixed_2p/repetition_3
19,1884,fixed_2p/repetition_3,e84a40adced747d4aa7a1d33ce983cdb,fixed_2p,3,1,51,1,loss,variable_encoder_2_4/repetition_2
19,1885,fixed_2p/repetition_3,e84a40adced747d4aa7a1d33ce983cdb,fixed_2p,3,0,55,1,loss,variable_encoder_2_4/repetition_2
19,1885,variable_encoder_2_4/repetition_2,a665630867144200adb56738eed146da,variable_encoder_2_4,2,1,61,4,win,fixed_2p/repetition_3
19,1886,variable_encoder_2_4/repetition_2,a665630867144200adb56738eed146da,variable_encoder_2_4,2,0,60,4,win,fixed_2p/repetition_3
19,1886,fixed_2p/repetition_3,e84a40adced747d4aa7a1d33ce983cdb,fixed_2p,3,1,51,1,loss,variable_encoder_2_4/repetition_2
19,1887,fixed_2p/repetition_3,e84a40adced747d4aa7a1d33ce983cdb,fixed_2p,3,0,54,1,loss,variable_encoder_2_4/repetition_2
19,1887,variable_encoder_2_4/repetition_2,a665630867144200adb56738eed146da,variable_encoder_2_4,2,1,63,3,win,fixed_2p/repetition_3
19,1888,variable_encoder_2_4/repetition_2,a665630867144200adb56738eed146da,variable_encoder_2_4,2,0,60,5,loss,fixed_2p/repetition_3
19,1888,fixed_2p/repetition_3,e84a40adced747d4aa7a1d33ce983cdb,fixed_2p,3,1,66,1,win,variable_encoder_2_4/repetition_2
19,1889,fixed_2p/repetition_3,e84a40adced747d4aa7a1d33ce983cdb,fixed_2p,3,0,67,0,win,variable_encoder_2_4/repetition_2
19,1889,variable_encoder_2_4/repetition_2,a665630867144200adb56738eed146da,variable_encoder_2_4,2,1,64,5,loss,fixed_2p/repetition_3
19,1890,fixed_2p/repetition_3,e84a40adced747d4aa7a1d33ce983cdb,fixed_2p,3,0,51,0,loss,variable_encoder_2_4/repetition_2
19,1890,variable_encoder_2_4/repetition_2,a665630867144200adb56738eed146da,variable_encoder_2_4,2,1,64,5,win,fixed_2p/repetition_3
19,1891,fixed_2p/repetition_3,e84a40adced747d4aa7a1d33ce983cdb,fixed_2p,3,0,62,2,loss,variable_encoder_2_4/repetition_2
19,1891,variable_encoder_2_4/repetition_2,a665630867144200adb56738eed146da,variable_encoder_2_4,2,1,68,3,win,fixed_2p/repetition_3
19,1892,variable_encoder_2_4/repetition_2,a665630867144200adb56738eed146da,variable_encoder_2_4,2,0,68,3,win,fixed_2p/repetition_3
19,1892,fixed_2p/repetition_3,e84a40adced747d4aa7a1d33ce983cdb,fixed_2p,3,1,53,1,loss,variable_encoder_2_4/repetition_2
19,1893,fixed_2p/repetition_3,e84a40adced747d4aa7a1d33ce983cdb,fixed_2p,3,0,45,0,loss,variable_encoder_2_4/repetition_2
19,1893,variable_encoder_2_4/repetition_2,a665630867144200adb56738eed146da,variable_encoder_2_4,2,1,56,4,win,fixed_2p/repetition_3
19,1894,variable_encoder_2_4/repetition_2,a665630867144200adb56738eed146da,variable_encoder_2_4,2,0,65,3,win,fixed_2p/repetition_3
19,1894,fixed_2p/repetition_3,e84a40adced747d4aa7a1d33ce983cdb,fixed_2p,3,1,52,3,loss,variable_encoder_2_4/repetition_2
19,1895,variable_encoder_2_4/repetition_2,a665630867144200adb56738eed146da,variable_encoder_2_4,2,0,60,4,win,fixed_2p/repetition_3
19,1895,fixed_2p/repetition_3,e84a40adced747d4aa7a1d33ce983cdb,fixed_2p,3,1,43,1,loss,variable_encoder_2_4/repetition_2
19,1896,variable_encoder_2_4/repetition_2,a665630867144200adb56738eed146da,variable_encoder_2_4,2,0,58,4,win,fixed_2p/repetition_3
19,1896,fixed_2p/repetition_3,e84a40adced747d4aa7a1d33ce983cdb,fixed_2p,3,1,52,1,loss,variable_encoder_2_4/repetition_2
19,1897,fixed_2p/repetition_3,e84a40adced747d4aa7a1d33ce983cdb,fixed_2p,3,0,56,0,loss,variable_encoder_2_4/repetition_2
19,1897,variable_encoder_2_4/repetition_2,a665630867144200adb56738eed146da,variable_encoder_2_4,2,1,65,5,win,fixed_2p/repetition_3
19,1898,fixed_2p/repetition_3,e84a40adced747d4aa7a1d33ce983cdb,fixed_2p,3,0,47,1,win,variable_encoder_2_4/repetition_2
19,1898,variable_encoder_2_4/repetition_2,a665630867144200adb56738eed146da,variable_encoder_2_4,2,1,45,4,loss,fixed_2p/repetition_3
19,1899,fixed_2p/repetition_3,e84a40adced747d4aa7a1d33ce983cdb,fixed_2p,3,0,43,0,loss,variable_encoder_2_4/repetition_2
19,1899,variable_encoder_2_4/repetition_2,a665630867144200adb56738eed146da,variable_encoder_2_4,2,1,54,6,win,fixed_2p/repetition_3
19,1900,variable_encoder_2_4/repetition_2,a665630867144200adb56738eed146da,variable_encoder_2_4,2,0,60,3,win,fixed_2p/repetition_3
19,1900,fixed_2p/repetition_3,e84a40adced747d4aa7a1d33ce983cdb,fixed_2p,3,1,51,2,loss,variable_encoder_2_4/repetition_2
20,1901,fixed_2p/repetition_3,e84a40adced747d4aa7a1d33ce983cdb,fixed_2p,3,0,56,1,win,variable_encoder_2_4/repetition_3
20,1901,variable_encoder_2_4/repetition_3,ff7c9e64890348edad17616988967f76,variable_encoder_2_4,3,1,55,4,loss,fixed_2p/repetition_3
20,1902,fixed_2p/repetition_3,e84a40adced747d4aa7a1d33ce983cdb,fixed_2p,3,0,46,3,loss,variable_encoder_2_4/repetition_3
20,1902,variable_encoder_2_4/repetition_3,ff7c9e64890348edad17616988967f76,variable_encoder_2_4,3,1,51,3,win,fixed_2p/repetition_3
20,1903,variable_encoder_2_4/repetition_3,ff7c9e64890348edad17616988967f76,variable_encoder_2_4,3,0,66,2,win,fixed_2p/repetition_3
20,1903,fixed_2p/repetition_3,e84a40adced747d4aa7a1d33ce983cdb,fixed_2p,3,1,49,2,loss,variable_encoder_2_4/repetition_3
20,1904,fixed_2p/repetition_3,e84a40adced747d4aa7a1d33ce983cdb,fixed_2p,3,0,53,1,loss,variable_encoder_2_4/repetition_3
20,1904,variable_encoder_2_4/repetition_3,ff7c9e64890348edad17616988967f76,variable_encoder_2_4,3,1,65,5,win,fixed_2p/repetition_3
20,1905,fixed_2p/repetition_3,e84a40adced747d4aa7a1d33ce983cdb,fixed_2p,3,0,59,1,loss,variable_encoder_2_4/repetition_3
20,1905,variable_encoder_2_4/repetition_3,ff7c9e64890348edad17616988967f76,variable_encoder_2_4,3,1,62,5,win,fixed_2p/repetition_3
20,1906,fixed_2p/repetition_3,e84a40adced747d4aa7a1d33ce983cdb,fixed_2p,3,0,50,1,loss,variable_encoder_2_4/repetition_3
20,1906,variable_encoder_2_4/repetition_3,ff7c9e64890348edad17616988967f76,variable_encoder_2_4,3,1,55,7,win,fixed_2p/repetition_3
20,1907,variable_encoder_2_4/repetition_3,ff7c9e64890348edad17616988967f76,variable_encoder_2_4,3,0,58,6,loss,fixed_2p/repetition_3
20,1907,fixed_2p/repetition_3,e84a40adced747d4aa7a1d33ce983cdb,fixed_2p,3,1,65,0,win,variable_encoder_2_4/repetition_3
20,1908,variable_encoder_2_4/repetition_3,ff7c9e64890348edad17616988967f76,variable_encoder_2_4,3,0,49,4,loss,fixed_2p/repetition_3
20,1908,fixed_2p/repetition_3,e84a40adced747d4aa7a1d33ce983cdb,fixed_2p,3,1,50,1,win,variable_encoder_2_4/repetition_3
20,1909,fixed_2p/repetition_3,e84a40adced747d4aa7a1d33ce983cdb,fixed_2p,3,0,49,2,loss,variable_encoder_2_4/repetition_3
20,1909,variable_encoder_2_4/repetition_3,ff7c9e64890348edad17616988967f76,variable_encoder_2_4,3,1,67,5,win,fixed_2p/repetition_3
20,1910,fixed_2p/repetition_3,e84a40adced747d4aa7a1d33ce983cdb,fixed_2p,3,0,64,0,win,variable_encoder_2_4/repetition_3
20,1910,variable_encoder_2_4/repetition_3,ff7c9e64890348edad17616988967f76,variable_encoder_2_4,3,1,60,6,loss,fixed_2p/repetition_3
20,1911,variable_encoder_2_4/repetition_3,ff7c9e64890348edad17616988967f76,variable_encoder_2_4,3,0,35,7,loss,fixed_2p/repetition_3
20,1911,fixed_2p/repetition_3,e84a40adced747d4aa7a1d33ce983cdb,fixed_2p,3,1,46,1,win,variable_encoder_2_4/repetition_3
20,1912,variable_encoder_2_4/repetition_3,ff7c9e64890348edad17616988967f76,variable_encoder_2_4,3,0,54,6,win,fixed_2p/repetition_3
20,1912,fixed_2p/repetition_3,e84a40adced747d4aa7a1d33ce983cdb,fixed_2p,3,1,48,1,loss,variable_encoder_2_4/repetition_3
20,1913,variable_encoder_2_4/repetition_3,ff7c9e64890348edad17616988967f76,variable_encoder_2_4,3,0,47,5,win,fixed_2p/repetition_3
20,1913,fixed_2p/repetition_3,e84a40adced747d4aa7a1d33ce983cdb,fixed_2p,3,1,44,1,loss,variable_encoder_2_4/repetition_3
20,1914,variable_encoder_2_4/repetition_3,ff7c9e64890348edad17616988967f76,variable_encoder_2_4,3,0,50,5,loss,fixed_2p/repetition_3
20,1914,fixed_2p/repetition_3,e84a40adced747d4aa7a1d33ce983cdb,fixed_2p,3,1,53,1,win,variable_encoder_2_4/repetition_3
20,1915,fixed_2p/repetition_3,e84a40adced747d4aa7a1d33ce983cdb,fixed_2p,3,0,56,3,loss,variable_encoder_2_4/repetition_3
20,1915,variable_encoder_2_4/repetition_3,ff7c9e64890348edad17616988967f76,variable_encoder_2_4,3,1,65,3,win,fixed_2p/repetition_3
20,1916,fixed_2p/repetition_3,e84a40adced747d4aa7a1d33ce983cdb,fixed_2p,3,0,45,2,loss,variable_encoder_2_4/repetition_3
20,1916,variable_encoder_2_4/repetition_3,ff7c9e64890348edad17616988967f76,variable_encoder_2_4,3,1,59,5,win,fixed_2p/repetition_3
20,1917,fixed_2p/repetition_3,e84a40adced747d4aa7a1d33ce983cdb,fixed_2p,3,0,52,1,loss,variable_encoder_2_4/repetition_3
20,1917,variable_encoder_2_4/repetition_3,ff7c9e64890348edad17616988967f76,variable_encoder_2_4,3,1,53,5,win,fixed_2p/repetition_3
20,1918,fixed_2p/repetition_3,e84a40adced747d4aa7a1d33ce983cdb,fixed_2p,3,0,49,1,loss,variable_encoder_2_4/repetition_3
20,1918,variable_encoder_2_4/repetition_3,ff7c9e64890348edad17616988967f76,variable_encoder_2_4,3,1,56,5,win,fixed_2p/repetition_3
20,1919,variable_encoder_2_4/repetition_3,ff7c9e64890348edad17616988967f76,variable_encoder_2_4,3,0,50,2,loss,fixed_2p/repetition_3
20,1919,fixed_2p/repetition_3,e84a40adced747d4aa7a1d33ce983cdb,fixed_2p,3,1,60,2,win,variable_encoder_2_4/repetition_3
20,1920,fixed_2p/repetition_3,e84a40adced747d4aa7a1d33ce983cdb,fixed_2p,3,0,57,0,loss,variable_encoder_2_4/repetition_3
20,1920,variable_encoder_2_4/repetition_3,ff7c9e64890348edad17616988967f76,variable_encoder_2_4,3,1,66,3,win,fixed_2p/repetition_3
20,1921,variable_encoder_2_4/repetition_3,ff7c9e64890348edad17616988967f76,variable_encoder_2_4,3,0,55,6,loss,fixed_2p/repetition_3
20,1921,fixed_2p/repetition_3,e84a40adced747d4aa7a1d33ce983cdb,fixed_2p,3,1,59,2,win,variable_encoder_2_4/repetition_3
20,1922,variable_encoder_2_4/repetition_3,ff7c9e64890348edad17616988967f76,variable_encoder_2_4,3,0,65,5,win,fixed_2p/repetition_3
20,1922,fixed_2p/repetition_3,e84a40adced747d4aa7a1d33ce983cdb,fixed_2p,3,1,63,1,loss,variable_encoder_2_4/repetition_3
20,1923,variable_encoder_2_4/repetition_3,ff7c9e64890348edad17616988967f76,variable_encoder_2_4,3,0,47,7,loss,fixed_2p/repetition_3
20,1923,fixed_2p/repetition_3,e84a40adced747d4aa7a1d33ce983cdb,fixed_2p,3,1,57,2,win,variable_encoder_2_4/repetition_3
20,1924,fixed_2p/repetition_3,e84a40adced747d4aa7a1d33ce983cdb,fixed_2p,3,0,45,1,loss,variable_encoder_2_4/repetition_3
20,1924,variable_encoder_2_4/repetition_3,ff7c9e64890348edad17616988967f76,variable_encoder_2_4,3,1,56,5,win,fixed_2p/repetition_3
20,1925,fixed_2p/repetition_3,e84a40adced747d4aa7a1d33ce983cdb,fixed_2p,3,0,52,2,loss,variable_encoder_2_4/repetition_3
20,1925,variable_encoder_2_4/repetition_3,ff7c9e64890348edad17616988967f76,variable_encoder_2_4,3,1,64,4,win,fixed_2p/repetition_3
20,1926,fixed_2p/repetition_3,e84a40adced747d4aa7a1d33ce983cdb,fixed_2p,3,0,50,1,loss,variable_encoder_2_4/repetition_3
20,1926,variable_encoder_2_4/repetition_3,ff7c9e64890348edad17616988967f76,variable_encoder_2_4,3,1,64,4,win,fixed_2p/repetition_3
20,1927,variable_encoder_2_4/repetition_3,ff7c9e64890348edad17616988967f76,variable_encoder_2_4,3,0,54,4,loss,fixed_2p/repetition_3
20,1927,fixed_2p/repetition_3,e84a40adced747d4aa7a1d33ce983cdb,fixed_2p,3,1,56,1,win,variable_encoder_2_4/repetition_3
20,1928,fixed_2p/repetition_3,e84a40adced747d4aa7a1d33ce983cdb,fixed_2p,3,0,57,1,loss,variable_encoder_2_4/repetition_3
20,1928,variable_encoder_2_4/repetition_3,ff7c9e64890348edad17616988967f76,variable_encoder_2_4,3,1,66,3,win,fixed_2p/repetition_3
20,1929,variable_encoder_2_4/repetition_3,ff7c9e64890348edad17616988967f76,variable_encoder_2_4,3,0,48,5,loss,fixed_2p/repetition_3
20,1929,fixed_2p/repetition_3,e84a40adced747d4aa7a1d33ce983cdb,fixed_2p,3,1,49,1,win,variable_encoder_2_4/repetition_3
20,1930,variable_encoder_2_4/repetition_3,ff7c9e64890348edad17616988967f76,variable_encoder_2_4,3,0,56,7,loss,fixed_2p/repetition_3
20,1930,fixed_2p/repetition_3,e84a40adced747d4aa7a1d33ce983cdb,fixed_2p,3,1,66,0,win,variable_encoder_2_4/repetition_3
20,1931,variable_encoder_2_4/repetition_3,ff7c9e64890348edad17616988967f76,variable_encoder_2_4,3,0,66,4,win,fixed_2p/repetition_3
20,1931,fixed_2p/repetition_3,e84a40adced747d4aa7a1d33ce983cdb,fixed_2p,3,1,60,0,loss,variable_encoder_2_4/repetition_3
20,1932,variable_encoder_2_4/repetition_3,ff7c9e64890348edad17616988967f76,variable_encoder_2_4,3,0,54,4,loss,fixed_2p/repetition_3
20,1932,fixed_2p/repetition_3,e84a40adced747d4aa7a1d33ce983cdb,fixed_2p,3,1,56,1,win,variable_encoder_2_4/repetition_3
20,1933,fixed_2p/repetition_3,e84a40adced747d4aa7a1d33ce983cdb,fixed_2p,3,0,63,0,win,variable_encoder_2_4/repetition_3
20,1933,variable_encoder_2_4/repetition_3,ff7c9e64890348edad17616988967f76,variable_encoder_2_4,3,1,50,6,loss,fixed_2p/repetition_3
20,1934,fixed_2p/repetition_3,e84a40adced747d4aa7a1d33ce983cdb,fixed_2p,3,0,62,2,loss,variable_encoder_2_4/repetition_3
20,1934,variable_encoder_2_4/repetition_3,ff7c9e64890348edad17616988967f76,variable_encoder_2_4,3,1,67,4,win,fixed_2p/repetition_3
20,1935,variable_encoder_2_4/repetition_3,ff7c9e64890348edad17616988967f76,variable_encoder_2_4,3,0,74,4,win,fixed_2p/repetition_3
20,1935,fixed_2p/repetition_3,e84a40adced747d4aa7a1d33ce983cdb,fixed_2p,3,1,56,1,loss,variable_encoder_2_4/repetition_3
20,1936,fixed_2p/repetition_3,e84a40adced747d4aa7a1d33ce983cdb,fixed_2p,3,0,58,2,win,variable_encoder_2_4/repetition_3
20,1936,variable_encoder_2_4/repetition_3,ff7c9e64890348edad17616988967f76,variable_encoder_2_4,3,1,44,2,loss,fixed_2p/repetition_3
20,1937,variable_encoder_2_4/repetition_3,ff7c9e64890348edad17616988967f76,variable_encoder_2_4,3,0,48,5,loss,fixed_2p/repetition_3
20,1937,fixed_2p/repetition_3,e84a40adced747d4aa7a1d33ce983cdb,fixed_2p,3,1,62,1,win,variable_encoder_2_4/repetition_3
20,1938,variable_encoder_2_4/repetition_3,ff7c9e64890348edad17616988967f76,variable_encoder_2_4,3,0,68,3,win,fixed_2p/repetition_3
20,1938,fixed_2p/repetition_3,e84a40adced747d4aa7a1d33ce983cdb,fixed_2p,3,1,57,1,loss,variable_encoder_2_4/repetition_3
20,1939,fixed_2p/repetition_3,e84a40adced747d4aa7a1d33ce983cdb,fixed_2p,3,0,53,2,loss,variable_encoder_2_4/repetition_3
20,1939,variable_encoder_2_4/repetition_3,ff7c9e64890348edad17616988967f76,variable_encoder_2_4,3,1,67,5,win,fixed_2p/repetition_3
20,1940,fixed_2p/repetition_3,e84a40adced747d4aa7a1d33ce983cdb,fixed_2p,3,0,56,2,loss,variable_encoder_2_4/repetition_3
20,1940,variable_encoder_2_4/repetition_3,ff7c9e64890348edad17616988967f76,variable_encoder_2_4,3,1,63,5,win,fixed_2p/repetition_3
20,1941,fixed_2p/repetition_3,e84a40adced747d4aa7a1d33ce983cdb,fixed_2p,3,0,42,2,loss,variable_encoder_2_4/repetition_3
20,1941,variable_encoder_2_4/repetition_3,ff7c9e64890348edad17616988967f76,variable_encoder_2_4,3,1,66,4,win,fixed_2p/repetition_3
20,1942,fixed_2p/repetition_3,e84a40adced747d4aa7a1d33ce983cdb,fixed_2p,3,0,54,0,loss,variable_encoder_2_4/repetition_3
20,1942,variable_encoder_2_4/repetition_3,ff7c9e64890348edad17616988967f76,variable_encoder_2_4,3,1,58,6,win,fixed_2p/repetition_3
20,1943,fixed_2p/repetition_3,e84a40adced747d4aa7a1d33ce983cdb,fixed_2p,3,0,58,0,loss,variable_encoder_2_4/repetition_3
20,1943,variable_encoder_2_4/repetition_3,ff7c9e64890348edad17616988967f76,variable_encoder_2_4,3,1,74,3,win,fixed_2p/repetition_3
20,1944,fixed_2p/repetition_3,e84a40adced747d4aa7a1d33ce983cdb,fixed_2p,3,0,43,0,loss,variable_encoder_2_4/repetition_3
20,1944,variable_encoder_2_4/repetition_3,ff7c9e64890348edad17616988967f76,variable_encoder_2_4,3,1,55,4,win,fixed_2p/repetition_3
20,1945,fixed_2p/repetition_3,e84a40adced747d4aa7a1d33ce983cdb,fixed_2p,3,0,51,2,loss,variable_encoder_2_4/repetition_3
20,1945,variable_encoder_2_4/repetition_3,ff7c9e64890348edad17616988967f76,variable_encoder_2_4,3,1,53,2,win,fixed_2p/repetition_3
20,1946,variable_encoder_2_4/repetition_3,ff7c9e64890348edad17616988967f76,variable_encoder_2_4,3,0,57,4,win,fixed_2p/repetition_3
20,1946,fixed_2p/repetition_3,e84a40adced747d4aa7a1d33ce983cdb,fixed_2p,3,1,56,1,loss,variable_encoder_2_4/repetition_3
20,1947,fixed_2p/repetition_3,e84a40adced747d4aa7a1d33ce983cdb,fixed_2p,3,0,55,2,loss,variable_encoder_2_4/repetition_3
20,1947,variable_encoder_2_4/repetition_3,ff7c9e64890348edad17616988967f76,variable_encoder_2_4,3,1,62,3,win,fixed_2p/repetition_3
20,1948,fixed_2p/repetition_3,e84a40adced747d4aa7a1d33ce983cdb,fixed_2p,3,0,64,2,loss,variable_encoder_2_4/repetition_3
20,1948,variable_encoder_2_4/repetition_3,ff7c9e64890348edad17616988967f76,variable_encoder_2_4,3,1,71,2,win,fixed_2p/repetition_3
20,1949,variable_encoder_2_4/repetition_3,ff7c9e64890348edad17616988967f76,variable_encoder_2_4,3,0,56,6,loss,fixed_2p/repetition_3
20,1949,fixed_2p/repetition_3,e84a40adced747d4aa7a1d33ce983cdb,fixed_2p,3,1,59,1,win,variable_encoder_2_4/repetition_3
20,1950,variable_encoder_2_4/repetition_3,ff7c9e64890348edad17616988967f76,variable_encoder_2_4,3,0,62,5,loss,fixed_2p/repetition_3
20,1950,fixed_2p/repetition_3,e84a40adced747d4aa7a1d33ce983cdb,fixed_2p,3,1,63,1,win,variable_encoder_2_4/repetition_3
20,1951,variable_encoder_2_4/repetition_3,ff7c9e64890348edad17616988967f76,variable_encoder_2_4,3,0,59,4,win,fixed_2p/repetition_3
20,1951,fixed_2p/repetition_3,e84a40adced747d4aa7a1d33ce983cdb,fixed_2p,3,1,47,1,loss,variable_encoder_2_4/repetition_3
20,1952,fixed_2p/repetition_3,e84a40adced747d4aa7a1d33ce983cdb,fixed_2p,3,0,50,1,loss,variable_encoder_2_4/repetition_3
20,1952,variable_encoder_2_4/repetition_3,ff7c9e64890348edad17616988967f76,variable_encoder_2_4,3,1,66,3,win,fixed_2p/repetition_3
20,1953,fixed_2p/repetition_3,e84a40adced747d4aa7a1d33ce983cdb,fixed_2p,3,0,45,3,loss,variable_encoder_2_4/repetition_3
20,1953,variable_encoder_2_4/repetition_3,ff7c9e64890348edad17616988967f76,variable_encoder_2_4,3,1,54,3,win,fixed_2p/repetition_3
20,1954,fixed_2p/repetition_3,e84a40adced747d4aa7a1d33ce983cdb,fixed_2p,3,0,60,3,win,variable_encoder_2_4/repetition_3
20,1954,variable_encoder_2_4/repetition_3,ff7c9e64890348edad17616988967f76,variable_encoder_2_4,3,1,59,2,loss,fixed_2p/repetition_3
20,1955,fixed_2p/repetition_3,e84a40adced747d4aa7a1d33ce983cdb,fixed_2p,3,0,36,2,loss,variable_encoder_2_4/repetition_3
20,1955,variable_encoder_2_4/repetition_3,ff7c9e64890348edad17616988967f76,variable_encoder_2_4,3,1,54,6,win,fixed_2p/repetition_3
20,1956,fixed_2p/repetition_3,e84a40adced747d4aa7a1d33ce983cdb,fixed_2p,3,0,70,1,win,variable_encoder_2_4/repetition_3
20,1956,variable_encoder_2_4/repetition_3,ff7c9e64890348edad17616988967f76,variable_encoder_2_4,3,1,65,2,loss,fixed_2p/repetition_3
20,1957,fixed_2p/repetition_3,e84a40adced747d4aa7a1d33ce983cdb,fixed_2p,3,0,52,1,loss,variable_encoder_2_4/repetition_3
20,1957,variable_encoder_2_4/repetition_3,ff7c9e64890348edad17616988967f76,variable_encoder_2_4,3,1,61,6,win,fixed_2p/repetition_3
20,1958,fixed_2p/repetition_3,e84a40adced747d4aa7a1d33ce983cdb,fixed_2p,3,0,55,1,loss,variable_encoder_2_4/repetition_3
20,1958,variable_encoder_2_4/repetition_3,ff7c9e64890348edad17616988967f76,variable_encoder_2_4,3,1,60,4,win,fixed_2p/repetition_3
20,1959,fixed_2p/repetition_3,e84a40adced747d4aa7a1d33ce983cdb,fixed_2p,3,0,54,2,loss,variable_encoder_2_4/repetition_3
20,1959,variable_encoder_2_4/repetition_3,ff7c9e64890348edad17616988967f76,variable_encoder_2_4,3,1,57,1,win,fixed_2p/repetition_3
20,1960,variable_encoder_2_4/repetition_3,ff7c9e64890348edad17616988967f76,variable_encoder_2_4,3,0,61,3,win,fixed_2p/repetition_3
20,1960,fixed_2p/repetition_3,e84a40adced747d4aa7a1d33ce983cdb,fixed_2p,3,1,55,2,loss,variable_encoder_2_4/repetition_3
20,1961,variable_encoder_2_4/repetition_3,ff7c9e64890348edad17616988967f76,variable_encoder_2_4,3,0,63,4,win,fixed_2p/repetition_3
20,1961,fixed_2p/repetition_3,e84a40adced747d4aa7a1d33ce983cdb,fixed_2p,3,1,60,1,loss,variable_encoder_2_4/repetition_3
20,1962,fixed_2p/repetition_3,e84a40adced747d4aa7a1d33ce983cdb,fixed_2p,3,0,52,1,loss,variable_encoder_2_4/repetition_3
20,1962,variable_encoder_2_4/repetition_3,ff7c9e64890348edad17616988967f76,variable_encoder_2_4,3,1,58,5,win,fixed_2p/repetition_3
20,1963,variable_encoder_2_4/repetition_3,ff7c9e64890348edad17616988967f76,variable_encoder_2_4,3,0,51,4,win,fixed_2p/repetition_3
20,1963,fixed_2p/repetition_3,e84a40adced747d4aa7a1d33ce983cdb,fixed_2p,3,1,50,1,loss,variable_encoder_2_4/repetition_3
20,1964,fixed_2p/repetition_3,e84a40adced747d4aa7a1d33ce983cdb,fixed_2p,3,0,56,1,loss,variable_encoder_2_4/repetition_3
20,1964,variable_encoder_2_4/repetition_3,ff7c9e64890348edad17616988967f76,variable_encoder_2_4,3,1,59,5,win,fixed_2p/repetition_3
20,1965,fixed_2p/repetition_3,e84a40adced747d4aa7a1d33ce983cdb,fixed_2p,3,0,46,1,loss,variable_encoder_2_4/repetition_3
20,1965,variable_encoder_2_4/repetition_3,ff7c9e64890348edad17616988967f76,variable_encoder_2_4,3,1,61,3,win,fixed_2p/repetition_3
20,1966,variable_encoder_2_4/repetition_3,ff7c9e64890348edad17616988967f76,variable_encoder_2_4,3,0,46,7,loss,fixed_2p/repetition_3
20,1966,fixed_2p/repetition_3,e84a40adced747d4aa7a1d33ce983cdb,fixed_2p,3,1,48,1,win,variable_encoder_2_4/repetition_3
20,1967,variable_encoder_2_4/repetition_3,ff7c9e64890348edad17616988967f76,variable_encoder_2_4,3,0,60,4,win,fixed_2p/repetition_3
20,1967,fixed_2p/repetition_3,e84a40adced747d4aa7a1d33ce983cdb,fixed_2p,3,1,57,1,loss,variable_encoder_2_4/repetition_3
20,1968,variable_encoder_2_4/repetition_3,ff7c9e64890348edad17616988967f76,variable_encoder_2_4,3,0,46,5,loss,fixed_2p/repetition_3
20,1968,fixed_2p/repetition_3,e84a40adced747d4aa7a1d33ce983cdb,fixed_2p,3,1,52,2,win,variable_encoder_2_4/repetition_3
20,1969,fixed_2p/repetition_3,e84a40adced747d4aa7a1d33ce983cdb,fixed_2p,3,0,54,0,loss,variable_encoder_2_4/repetition_3
20,1969,variable_encoder_2_4/repetition_3,ff7c9e64890348edad17616988967f76,variable_encoder_2_4,3,1,54,6,win,fixed_2p/repetition_3
20,1970,fixed_2p/repetition_3,e84a40adced747d4aa7a1d33ce983cdb,fixed_2p,3,0,54,2,win,variable_encoder_2_4/repetition_3
20,1970,variable_encoder_2_4/repetition_3,ff7c9e64890348edad17616988967f76,variable_encoder_2_4,3,1,53,5,loss,fixed_2p/repetition_3
20,1971,variable_encoder_2_4/repetition_3,ff7c9e64890348edad17616988967f76,variable_encoder_2_4,3,0,62,4,loss,fixed_2p/repetition_3
20,1971,fixed_2p/repetition_3,e84a40adced747d4aa7a1d33ce983cdb,fixed_2p,3,1,63,1,win,variable_encoder_2_4/repetition_3
20,1972,variable_encoder_2_4/repetition_3,ff7c9e64890348edad17616988967f76,variable_encoder_2_4,3,0,55,3,win,fixed_2p/repetition_3
20,1972,fixed_2p/repetition_3,e84a40adced747d4aa7a1d33ce983cdb,fixed_2p,3,1,52,1,loss,variable_encoder_2_4/repetition_3
20,1973,variable_encoder_2_4/repetition_3,ff7c9e64890348edad17616988967f76,variable_encoder_2_4,3,0,54,7,loss,fixed_2p/repetition_3
20,1973,fixed_2p/repetition_3,e84a40adced747d4aa7a1d33ce983cdb,fixed_2p,3,1,60,1,win,variable_encoder_2_4/repetition_3
20,1974,fixed_2p/repetition_3,e84a40adced747d4aa7a1d33ce983cdb,fixed_2p,3,0,55,3,loss,variable_encoder_2_4/repetition_3
20,1974,variable_encoder_2_4/repetition_3,ff7c9e64890348edad17616988967f76,variable_encoder_2_4,3,1,67,4,win,fixed_2p/repetition_3
20,1975,fixed_2p/repetition_3,e84a40adced747d4aa7a1d33ce983cdb,fixed_2p,3,0,46,1,loss,variable_encoder_2_4/repetition_3
20,1975,variable_encoder_2_4/repetition_3,ff7c9e64890348edad17616988967f76,variable_encoder_2_4,3,1,53,5,win,fixed_2p/repetition_3
20,1976,variable_encoder_2_4/repetition_3,ff7c9e64890348edad17616988967f76,variable_encoder_2_4,3,0,47,8,win,fixed_2p/repetition_3
20,1976,fixed_2p/repetition_3,e84a40adced747d4aa7a1d33ce983cdb,fixed_2p,3,1,43,0,loss,variable_encoder_2_4/repetition_3
20,1977,fixed_2p/repetition_3,e84a40adced747d4aa7a1d33ce983cdb,fixed_2p,3,0,60,1,win,variable_encoder_2_4/repetition_3
20,1977,variable_encoder_2_4/repetition_3,ff7c9e64890348edad17616988967f76,variable_encoder_2_4,3,1,53,1,loss,fixed_2p/repetition_3
20,1978,variable_encoder_2_4/repetition_3,ff7c9e64890348edad17616988967f76,variable_encoder_2_4,3,0,52,6,win,fixed_2p/repetition_3
20,1978,fixed_2p/repetition_3,e84a40adced747d4aa7a1d33ce983cdb,fixed_2p,3,1,38,2,loss,variable_encoder_2_4/repetition_3
20,1979,fixed_2p/repetition_3,e84a40adced747d4aa7a1d33ce983cdb,fixed_2p,3,0,54,1,loss,variable_encoder_2_4/repetition_3
20,1979,variable_encoder_2_4/repetition_3,ff7c9e64890348edad17616988967f76,variable_encoder_2_4,3,1,57,4,win,fixed_2p/repetition_3
20,1980,fixed_2p/repetition_3,e84a40adced747d4aa7a1d33ce983cdb,fixed_2p,3,0,65,1,win,variable_encoder_2_4/repetition_3
20,1980,variable_encoder_2_4/repetition_3,ff7c9e64890348edad17616988967f76,variable_encoder_2_4,3,1,59,4,loss,fixed_2p/repetition_3
20,1981,fixed_2p/repetition_3,e84a40adced747d4aa7a1d33ce983cdb,fixed_2p,3,0,62,1,win,variable_encoder_2_4/repetition_3
20,1981,variable_encoder_2_4/repetition_3,ff7c9e64890348edad17616988967f76,variable_encoder_2_4,3,1,44,6,loss,fixed_2p/repetition_3
20,1982,fixed_2p/repetition_3,e84a40adced747d4aa7a1d33ce983cdb,fixed_2p,3,0,49,1,loss,variable_encoder_2_4/repetition_3
20,1982,variable_encoder_2_4/repetition_3,ff7c9e64890348edad17616988967f76,variable_encoder_2_4,3,1,53,4,win,fixed_2p/repetition_3
20,1983,fixed_2p/repetition_3,e84a40adced747d4aa7a1d33ce983cdb,fixed_2p,3,0,58,1,loss,variable_encoder_2_4/repetition_3
20,1983,variable_encoder_2_4/repetition_3,ff7c9e64890348edad17616988967f76,variable_encoder_2_4,3,1,63,2,win,fixed_2p/repetition_3
20,1984,variable_encoder_2_4/repetition_3,ff7c9e64890348edad17616988967f76,variable_encoder_2_4,3,0,55,2,loss,fixed_2p/repetition_3
20,1984,fixed_2p/repetition_3,e84a40adced747d4aa7a1d33ce983cdb,fixed_2p,3,1,58,3,win,variable_encoder_2_4/repetition_3
20,1985,variable_encoder_2_4/repetition_3,ff7c9e64890348edad17616988967f76,variable_encoder_2_4,3,0,60,4,win,fixed_2p/repetition_3
20,1985,fixed_2p/repetition_3,e84a40adced747d4aa7a1d33ce983cdb,fixed_2p,3,1,46,0,loss,variable_encoder_2_4/repetition_3
20,1986,variable_encoder_2_4/repetition_3,ff7c9e64890348edad17616988967f76,variable_encoder_2_4,3,0,59,4,win,fixed_2p/repetition_3
20,1986,fixed_2p/repetition_3,e84a40adced747d4aa7a1d33ce983cdb,fixed_2p,3,1,52,1,loss,variable_encoder_2_4/repetition_3
20,1987,variable_encoder_2_4/repetition_3,ff7c9e64890348edad17616988967f76,variable_encoder_2_4,3,0,55,5,win,fixed_2p/repetition_3
20,1987,fixed_2p/repetition_3,e84a40adced747d4aa7a1d33ce983cdb,fixed_2p,3,1,53,1,loss,variable_encoder_2_4/repetition_3
20,1988,fixed_2p/repetition_3,e84a40adced747d4aa7a1d33ce983cdb,fixed_2p,3,0,42,3,loss,variable_encoder_2_4/repetition_3
20,1988,variable_encoder_2_4/repetition_3,ff7c9e64890348edad17616988967f76,variable_encoder_2_4,3,1,52,3,win,fixed_2p/repetition_3
20,1989,variable_encoder_2_4/repetition_3,ff7c9e64890348edad17616988967f76,variable_encoder_2_4,3,0,60,4,win,fixed_2p/repetition_3
20,1989,fixed_2p/repetition_3,e84a40adced747d4aa7a1d33ce983cdb,fixed_2p,3,1,45,2,loss,variable_encoder_2_4/repetition_3
20,1990,variable_encoder_2_4/repetition_3,ff7c9e64890348edad17616988967f76,variable_encoder_2_4,3,0,51,7,loss,fixed_2p/repetition_3
20,1990,fixed_2p/repetition_3,e84a40adced747d4aa7a1d33ce983cdb,fixed_2p,3,1,54,2,win,variable_encoder_2_4/repetition_3
20,1991,fixed_2p/repetition_3,e84a40adced747d4aa7a1d33ce983cdb,fixed_2p,3,0,60,2,loss,variable_encoder_2_4/repetition_3
20,1991,variable_encoder_2_4/repetition_3,ff7c9e64890348edad17616988967f76,variable_encoder_2_4,3,1,62,3,win,fixed_2p/repetition_3
20,1992,variable_encoder_2_4/repetition_3,ff7c9e64890348edad17616988967f76,variable_encoder_2_4,3,0,55,3,win,fixed_2p/repetition_3
20,1992,fixed_2p/repetition_3,e84a40adced747d4aa7a1d33ce983cdb,fixed_2p,3,1,48,2,loss,variable_encoder_2_4/repetition_3
20,1993,fixed_2p/repetition_3,e84a40adced747d4aa7a1d33ce983cdb,fixed_2p,3,0,45,1,loss,variable_encoder_2_4/repetition_3
20,1993,variable_encoder_2_4/repetition_3,ff7c9e64890348edad17616988967f76,variable_encoder_2_4,3,1,59,2,win,fixed_2p/repetition_3
20,1994,fixed_2p/repetition_3,e84a40adced747d4aa7a1d33ce983cdb,fixed_2p,3,0,55,2,win,variable_encoder_2_4/repetition_3
20,1994,variable_encoder_2_4/repetition_3,ff7c9e64890348edad17616988967f76,variable_encoder_2_4,3,1,53,4,loss,fixed_2p/repetition_3
20,1995,fixed_2p/repetition_3,e84a40adced747d4aa7a1d33ce983cdb,fixed_2p,3,0,46,2,win,variable_encoder_2_4/repetition_3
20,1995,variable_encoder_2_4/repetition_3,ff7c9e64890348edad17616988967f76,variable_encoder_2_4,3,1,45,5,loss,fixed_2p/repetition_3
20,1996,variable_encoder_2_4/repetition_3,ff7c9e64890348edad17616988967f76,variable_encoder_2_4,3,0,53,5,win,fixed_2p/repetition_3
20,1996,fixed_2p/repetition_3,e84a40adced747d4aa7a1d33ce983cdb,fixed_2p,3,1,48,1,loss,variable_encoder_2_4/repetition_3
20,1997,variable_encoder_2_4/repetition_3,ff7c9e64890348edad17616988967f76,variable_encoder_2_4,3,0,55,5,loss,fixed_2p/repetition_3
20,1997,fixed_2p/repetition_3,e84a40adced747d4aa7a1d33ce983cdb,fixed_2p,3,1,61,0,win,variable_encoder_2_4/repetition_3
20,1998,fixed_2p/repetition_3,e84a40adced747d4aa7a1d33ce983cdb,fixed_2p,3,0,47,1,loss,variable_encoder_2_4/repetition_3
20,1998,variable_encoder_2_4/repetition_3,ff7c9e64890348edad17616988967f76,variable_encoder_2_4,3,1,57,5,win,fixed_2p/repetition_3
20,1999,variable_encoder_2_4/repetition_3,ff7c9e64890348edad17616988967f76,variable_encoder_2_4,3,0,52,4,loss,fixed_2p/repetition_3
20,1999,fixed_2p/repetition_3,e84a40adced747d4aa7a1d33ce983cdb,fixed_2p,3,1,63,0,win,variable_encoder_2_4/repetition_3
20,2000,variable_encoder_2_4/repetition_3,ff7c9e64890348edad17616988967f76,variable_encoder_2_4,3,0,55,6,win,fixed_2p/repetition_3
20,2000,fixed_2p/repetition_3,e84a40adced747d4aa7a1d33ce983cdb,fixed_2p,3,1,51,1,loss,variable_encoder_2_4/repetition_3
21,2001,random/repetition_1,random,random,1,0,48,1,loss,fixed_2p/repetition_3
21,2001,fixed_2p/repetition_3,e84a40adced747d4aa7a1d33ce983cdb,fixed_2p,3,1,65,6,win,random/repetition_1
21,2002,fixed_2p/repetition_3,e84a40adced747d4aa7a1d33ce983cdb,fixed_2p,3,0,59,1,win,random/repetition_1
21,2002,random/repetition_1,random,random,1,1,43,4,loss,fixed_2p/repetition_3
21,2003,random/repetition_1,random,random,1,0,35,3,loss,fixed_2p/repetition_3
21,2003,fixed_2p/repetition_3,e84a40adced747d4aa7a1d33ce983cdb,fixed_2p,3,1,74,1,win,random/repetition_1
21,2004,fixed_2p/repetition_3,e84a40adced747d4aa7a1d33ce983cdb,fixed_2p,3,0,68,3,win,random/repetition_1
21,2004,random/repetition_1,random,random,1,1,44,4,loss,fixed_2p/repetition_3
21,2005,fixed_2p/repetition_3,e84a40adced747d4aa7a1d33ce983cdb,fixed_2p,3,0,64,2,win,random/repetition_1
21,2005,random/repetition_1,random,random,1,1,47,3,loss,fixed_2p/repetition_3
21,2006,random/repetition_1,random,random,1,0,42,5,loss,fixed_2p/repetition_3
21,2006,fixed_2p/repetition_3,e84a40adced747d4aa7a1d33ce983cdb,fixed_2p,3,1,62,3,win,random/repetition_1
21,2007,fixed_2p/repetition_3,e84a40adced747d4aa7a1d33ce983cdb,fixed_2p,3,0,58,4,win,random/repetition_1
21,2007,random/repetition_1,random,random,1,1,40,3,loss,fixed_2p/repetition_3
21,2008,fixed_2p/repetition_3,e84a40adced747d4aa7a1d33ce983cdb,fixed_2p,3,0,69,3,win,random/repetition_1
21,2008,random/repetition_1,random,random,1,1,30,1,loss,fixed_2p/repetition_3
21,2009,fixed_2p/repetition_3,e84a40adced747d4aa7a1d33ce983cdb,fixed_2p,3,0,53,4,win,random/repetition_1
21,2009,random/repetition_1,random,random,1,1,36,3,loss,fixed_2p/repetition_3
21,2010,random/repetition_1,random,random,1,0,34,4,loss,fixed_2p/repetition_3
21,2010,fixed_2p/repetition_3,e84a40adced747d4aa7a1d33ce983cdb,fixed_2p,3,1,40,3,win,random/repetition_1
21,2011,fixed_2p/repetition_3,e84a40adced747d4aa7a1d33ce983cdb,fixed_2p,3,0,60,2,win,random/repetition_1
21,2011,random/repetition_1,random,random,1,1,51,3,loss,fixed_2p/repetition_3
21,2012,fixed_2p/repetition_3,e84a40adced747d4aa7a1d33ce983cdb,fixed_2p,3,0,60,4,win,random/repetition_1
21,2012,random/repetition_1,random,random,1,1,37,3,loss,fixed_2p/repetition_3
21,2013,random/repetition_1,random,random,1,0,41,3,loss,fixed_2p/repetition_3
21,2013,fixed_2p/repetition_3,e84a40adced747d4aa7a1d33ce983cdb,fixed_2p,3,1,54,1,win,random/repetition_1
21,2014,fixed_2p/repetition_3,e84a40adced747d4aa7a1d33ce983cdb,fixed_2p,3,0,58,4,win,random/repetition_1
21,2014,random/repetition_1,random,random,1,1,33,1,loss,fixed_2p/repetition_3
21,2015,fixed_2p/repetition_3,e84a40adced747d4aa7a1d33ce983cdb,fixed_2p,3,0,63,3,win,random/repetition_1
21,2015,random/repetition_1,random,random,1,1,38,2,loss,fixed_2p/repetition_3
21,2016,fixed_2p/repetition_3,e84a40adced747d4aa7a1d33ce983cdb,fixed_2p,3,0,64,3,win,random/repetition_1
21,2016,random/repetition_1,random,random,1,1,37,3,loss,fixed_2p/repetition_3
21,2017,fixed_2p/repetition_3,e84a40adced747d4aa7a1d33ce983cdb,fixed_2p,3,0,58,4,win,random/repetition_1
21,2017,random/repetition_1,random,random,1,1,42,2,loss,fixed_2p/repetition_3
21,2018,fixed_2p/repetition_3,e84a40adced747d4aa7a1d33ce983cdb,fixed_2p,3,0,58,3,win,random/repetition_1
21,2018,random/repetition_1,random,random,1,1,36,4,loss,fixed_2p/repetition_3
21,2019,fixed_2p/repetition_3,e84a40adced747d4aa7a1d33ce983cdb,fixed_2p,3,0,57,2,win,random/repetition_1
21,2019,random/repetition_1,random,random,1,1,49,4,loss,fixed_2p/repetition_3
21,2020,fixed_2p/repetition_3,e84a40adced747d4aa7a1d33ce983cdb,fixed_2p,3,0,55,3,win,random/repetition_1
21,2020,random/repetition_1,random,random,1,1,39,3,loss,fixed_2p/repetition_3
21,2021,fixed_2p/repetition_3,e84a40adced747d4aa7a1d33ce983cdb,fixed_2p,3,0,59,2,win,random/repetition_1
21,2021,random/repetition_1,random,random,1,1,40,3,loss,fixed_2p/repetition_3
21,2022,random/repetition_1,random,random,1,0,54,1,loss,fixed_2p/repetition_3
21,2022,fixed_2p/repetition_3,e84a40adced747d4aa7a1d33ce983cdb,fixed_2p,3,1,75,2,win,random/repetition_1
21,2023,random/repetition_1,random,random,1,0,39,4,loss,fixed_2p/repetition_3
21,2023,fixed_2p/repetition_3,e84a40adced747d4aa7a1d33ce983cdb,fixed_2p,3,1,66,2,win,random/repetition_1
21,2024,fixed_2p/repetition_3,e84a40adced747d4aa7a1d33ce983cdb,fixed_2p,3,0,67,2,win,random/repetition_1
21,2024,random/repetition_1,random,random,1,1,40,5,loss,fixed_2p/repetition_3
21,2025,fixed_2p/repetition_3,e84a40adced747d4aa7a1d33ce983cdb,fixed_2p,3,0,66,0,win,random/repetition_1
21,2025,random/repetition_1,random,random,1,1,39,5,loss,fixed_2p/repetition_3
21,2026,random/repetition_1,random,random,1,0,42,4,loss,fixed_2p/repetition_3
21,2026,fixed_2p/repetition_3,e84a40adced747d4aa7a1d33ce983cdb,fixed_2p,3,1,50,4,win,random/repetition_1
21,2027,random/repetition_1,random,random,1,0,47,5,win,fixed_2p/repetition_3
21,2027,fixed_2p/repetition_3,e84a40adced747d4aa7a1d33ce983cdb,fixed_2p,3,1,45,3,loss,random/repetition_1
21,2028,fixed_2p/repetition_3,e84a40adced747d4aa7a1d33ce983cdb,fixed_2p,3,0,50,1,loss,random/repetition_1
21,2028,random/repetition_1,random,random,1,1,56,4,win,fixed_2p/repetition_3
21,2029,fixed_2p/repetition_3,e84a40adced747d4aa7a1d33ce983cdb,fixed_2p,3,0,48,2,win,random/repetition_1
21,2029,random/repetition_1,random,random,1,1,36,2,loss,fixed_2p/repetition_3
21,2030,fixed_2p/repetition_3,e84a40adced747d4aa7a1d33ce983cdb,fixed_2p,3,0,63,2,win,random/repetition_1
21,2030,random/repetition_1,random,random,1,1,44,0,loss,fixed_2p/repetition_3
21,2031,fixed_2p/repetition_3,e84a40adced747d4aa7a1d33ce983cdb,fixed_2p,3,0,47,2,loss,random/repetition_1
21,2031,random/repetition_1,random,random,1,1,48,2,win,fixed_2p/repetition_3
21,2032,random/repetition_1,random,random,1,0,36,3,loss,fixed_2p/repetition_3
21,2032,fixed_2p/repetition_3,e84a40adced747d4aa7a1d33ce983cdb,fixed_2p,3,1,54,3,win,random/repetition_1
21,2033,random/repetition_1,random,random,1,0,52,4,loss,fixed_2p/repetition_3
21,2033,fixed_2p/repetition_3,e84a40adced747d4aa7a1d33ce983cdb,fixed_2p,3,1,54,2,win,random/repetition_1
21,2034,fixed_2p/repetition_3,e84a40adced747d4aa7a1d33ce983cdb,fixed_2p,3,0,56,4,win,random/repetition_1
21,2034,random/repetition_1,random,random,1,1,43,4,loss,fixed_2p/repetition_3
21,2035,fixed_2p/repetition_3,e84a40adced747d4aa7a1d33ce983cdb,fixed_2p,3,0,68,2,win,random/repetition_1
21,2035,random/repetition_1,random,random,1,1,41,1,loss,fixed_2p/repetition_3
21,2036,random/repetition_1,random,random,1,0,38,4,loss,fixed_2p/repetition_3
21,2036,fixed_2p/repetition_3,e84a40adced747d4aa7a1d33ce983cdb,fixed_2p,3,1,62,2,win,random/repetition_1
21,2037,random/repetition_1,random,random,1,0,31,4,loss,fixed_2p/repetition_3
21,2037,fixed_2p/repetition_3,e84a40adced747d4aa7a1d33ce983cdb,fixed_2p,3,1,50,4,win,random/repetition_1
21,2038,fixed_2p/repetition_3,e84a40adced747d4aa7a1d33ce983cdb,fixed_2p,3,0,61,4,win,random/repetition_1
21,2038,random/repetition_1,random,random,1,1,41,3,loss,fixed_2p/repetition_3
21,2039,fixed_2p/repetition_3,e84a40adced747d4aa7a1d33ce983cdb,fixed_2p,3,0,61,1,win,random/repetition_1
21,2039,random/repetition_1,random,random,1,1,40,2,loss,fixed_2p/repetition_3
21,2040,fixed_2p/repetition_3,e84a40adced747d4aa7a1d33ce983cdb,fixed_2p,3,0,66,3,win,random/repetition_1
21,2040,random/repetition_1,random,random,1,1,43,2,loss,fixed_2p/repetition_3
21,2041,fixed_2p/repetition_3,e84a40adced747d4aa7a1d33ce983cdb,fixed_2p,3,0,69,0,win,random/repetition_1
21,2041,random/repetition_1,random,random,1,1,42,3,loss,fixed_2p/repetition_3
21,2042,fixed_2p/repetition_3,e84a40adced747d4aa7a1d33ce983cdb,fixed_2p,3,0,69,1,win,random/repetition_1
21,2042,random/repetition_1,random,random,1,1,38,6,loss,fixed_2p/repetition_3
21,2043,fixed_2p/repetition_3,e84a40adced747d4aa7a1d33ce983cdb,fixed_2p,3,0,65,2,win,random/repetition_1
21,2043,random/repetition_1,random,random,1,1,47,1,loss,fixed_2p/repetition_3
21,2044,fixed_2p/repetition_3,e84a40adced747d4aa7a1d33ce983cdb,fixed_2p,3,0,63,2,win,random/repetition_1
21,2044,random/repetition_1,random,random,1,1,42,2,loss,fixed_2p/repetition_3
21,2045,fixed_2p/repetition_3,e84a40adced747d4aa7a1d33ce983cdb,fixed_2p,3,0,64,1,win,random/repetition_1
21,2045,random/repetition_1,random,random,1,1,40,6,loss,fixed_2p/repetition_3
21,2046,random/repetition_1,random,random,1,0,36,5,loss,fixed_2p/repetition_3
21,2046,fixed_2p/repetition_3,e84a40adced747d4aa7a1d33ce983cdb,fixed_2p,3,1,65,2,win,random/repetition_1
21,2047,fixed_2p/repetition_3,e84a40adced747d4aa7a1d33ce983cdb,fixed_2p,3,0,67,0,win,random/repetition_1
21,2047,random/repetition_1,random,random,1,1,46,5,loss,fixed_2p/repetition_3
21,2048,random/repetition_1,random,random,1,0,46,3,loss,fixed_2p/repetition_3
21,2048,fixed_2p/repetition_3,e84a40adced747d4aa7a1d33ce983cdb,fixed_2p,3,1,61,2,win,random/repetition_1
21,2049,random/repetition_1,random,random,1,0,48,4,loss,fixed_2p/repetition_3
21,2049,fixed_2p/repetition_3,e84a40adced747d4aa7a1d33ce983cdb,fixed_2p,3,1,73,1,win,random/repetition_1
21,2050,fixed_2p/repetition_3,e84a40adced747d4aa7a1d33ce983cdb,fixed_2p,3,0,58,1,win,random/repetition_1
21,2050,random/repetition_1,random,random,1,1,45,5,loss,fixed_2p/repetition_3
21,2051,random/repetition_1,random,random,1,0,35,2,loss,fixed_2p/repetition_3
21,2051,fixed_2p/repetition_3,e84a40adced747d4aa7a1d33ce983cdb,fixed_2p,3,1,65,3,win,random/repetition_1
21,2052,random/repetition_1,random,random,1,0,44,3,loss,fixed_2p/repetition_3
21,2052,fixed_2p/repetition_3,e84a40adced747d4aa7a1d33ce983cdb,fixed_2p,3,1,65,4,win,random/repetition_1
21,2053,random/repetition_1,random,random,1,0,48,4,loss,fixed_2p/repetition_3
21,2053,fixed_2p/repetition_3,e84a40adced747d4aa7a1d33ce983cdb,fixed_2p,3,1,67,2,win,random/repetition_1
21,2054,fixed_2p/repetition_3,e84a40adced747d4aa7a1d33ce983cdb,fixed_2p,3,0,60,2,win,random/repetition_1
21,2054,random/repetition_1,random,random,1,1,41,2,loss,fixed_2p/repetition_3
21,2055,random/repetition_1,random,random,1,0,37,2,loss,fixed_2p/repetition_3
21,2055,fixed_2p/repetition_3,e84a40adced747d4aa7a1d33ce983cdb,fixed_2p,3,1,70,2,win,random/repetition_1
21,2056,random/repetition_1,random,random,1,0,50,2,loss,fixed_2p/repetition_3
21,2056,fixed_2p/repetition_3,e84a40adced747d4aa7a1d33ce983cdb,fixed_2p,3,1,70,3,win,random/repetition_1
21,2057,random/repetition_1,random,random,1,0,43,3,loss,fixed_2p/repetition_3
21,2057,fixed_2p/repetition_3,e84a40adced747d4aa7a1d33ce983cdb,fixed_2p,3,1,53,4,win,random/repetition_1
21,2058,random/repetition_1,random,random,1,0,40,2,loss,fixed_2p/repetition_3
21,2058,fixed_2p/repetition_3,e84a40adced747d4aa7a1d33ce983cdb,fixed_2p,3,1,65,4,win,random/repetition_1
21,2059,fixed_2p/repetition_3,e84a40adced747d4aa7a1d33ce983cdb,fixed_2p,3,0,60,3,win,random/repetition_1
21,2059,random/repetition_1,random,random,1,1,31,4,loss,fixed_2p/repetition_3
21,2060,fixed_2p/repetition_3,e84a40adced747d4aa7a1d33ce983cdb,fixed_2p,3,0,74,0,win,random/repetition_1
21,2060,random/repetition_1,random,random,1,1,42,4,loss,fixed_2p/repetition_3
21,2061,random/repetition_1,random,random,1,0,42,4,loss,fixed_2p/repetition_3
21,2061,fixed_2p/repetition_3,e84a40adced747d4aa7a1d33ce983cdb,fixed_2p,3,1,61,2,win,random/repetition_1
21,2062,fixed_2p/repetition_3,e84a40adced747d4aa7a1d33ce983cdb,fixed_2p,3,0,65,3,win,random/repetition_1
21,2062,random/repetition_1,random,random,1,1,38,3,loss,fixed_2p/repetition_3
21,2063,random/repetition_1,random,random,1,0,36,4,loss,fixed_2p/repetition_3
21,2063,fixed_2p/repetition_3,e84a40adced747d4aa7a1d33ce983cdb,fixed_2p,3,1,59,3,win,random/repetition_1
21,2064,random/repetition_1,random,random,1,0,46,4,loss,fixed_2p/repetition_3
21,2064,fixed_2p/repetition_3,e84a40adced747d4aa7a1d33ce983cdb,fixed_2p,3,1,54,2,win,random/repetition_1
21,2065,random/repetition_1,random,random,1,0,52,3,loss,fixed_2p/repetition_3
21,2065,fixed_2p/repetition_3,e84a40adced747d4aa7a1d33ce983cdb,fixed_2p,3,1,59,2,win,random/repetition_1
21,2066,fixed_2p/repetition_3,e84a40adced747d4aa7a1d33ce983cdb,fixed_2p,3,0,73,0,win,random/repetition_1
21,2066,random/repetition_1,random,random,1,1,41,6,loss,fixed_2p/repetition_3
21,2067,fixed_2p/repetition_3,e84a40adced747d4aa7a1d33ce983cdb,fixed_2p,3,0,64,1,win,random/repetition_1
21,2067,random/repetition_1,random,random,1,1,46,4,loss,fixed_2p/repetition_3
21,2068,fixed_2p/repetition_3,e84a40adced747d4aa7a1d33ce983cdb,fixed_2p,3,0,70,1,win,random/repetition_1
21,2068,random/repetition_1,random,random,1,1,39,5,loss,fixed_2p/repetition_3
21,2069,random/repetition_1,random,random,1,0,43,5,loss,fixed_2p/repetition_3
21,2069,fixed_2p/repetition_3,e84a40adced747d4aa7a1d33ce983cdb,fixed_2p,3,1,62,2,win,random/repetition_1
21,2070,random/repetition_1,random,random,1,0,49,5,loss,fixed_2p/repetition_3
21,2070,fixed_2p/repetition_3,e84a40adced747d4aa7a1d33ce983cdb,fixed_2p,3,1,63,0,win,random/repetition_1
21,2071,random/repetition_1,random,random,1,0,47,4,loss,fixed_2p/repetition_3
21,2071,fixed_2p/repetition_3,e84a40adced747d4aa7a1d33ce983cdb,fixed_2p,3,1,73,1,win,random/repetition_1
21,2072,random/repetition_1,random,random,1,0,43,2,loss,fixed_2p/repetition_3
21,2072,fixed_2p/repetition_3,e84a40adced747d4aa7a1d33ce983cdb,fixed_2p,3,1,64,2,win,random/repetition_1
21,2073,fixed_2p/repetition_3,e84a40adced747d4aa7a1d33ce983cdb,fixed_2p,3,0,58,2,win,random/repetition_1
21,2073,random/repetition_1,random,random,1,1,44,2,loss,fixed_2p/repetition_3
21,2074,random/repetition_1,random,random,1,0,37,5,loss,fixed_2p/repetition_3
21,2074,fixed_2p/repetition_3,e84a40adced747d4aa7a1d33ce983cdb,fixed_2p,3,1,70,0,win,random/repetition_1
21,2075,random/repetition_1,random,random,1,0,40,2,loss,fixed_2p/repetition_3
21,2075,fixed_2p/repetition_3,e84a40adced747d4aa7a1d33ce983cdb,fixed_2p,3,1,67,1,win,random/repetition_1
21,2076,fixed_2p/repetition_3,e84a40adced747d4aa7a1d33ce983cdb,fixed_2p,3,0,58,1,win,random/repetition_1
21,2076,random/repetition_1,random,random,1,1,37,4,loss,fixed_2p/repetition_3
21,2077,fixed_2p/repetition_3,e84a40adced747d4aa7a1d33ce983cdb,fixed_2p,3,0,60,3,win,random/repetition_1
21,2077,random/repetition_1,random,random,1,1,39,5,loss,fixed_2p/repetition_3
21,2078,fixed_2p/repetition_3,e84a40adced747d4aa7a1d33ce983cdb,fixed_2p,3,0,65,2,win,random/repetition_1
21,2078,random/repetition_1,random,random,1,1,44,2,loss,fixed_2p/repetition_3
21,2079,random/repetition_1,random,random,1,0,43,4,loss,fixed_2p/repetition_3
21,2079,fixed_2p/repetition_3,e84a40adced747d4aa7a1d33ce983cdb,fixed_2p,3,1,56,3,win,random/repetition_1
21,2080,fixed_2p/repetition_3,e84a40adced747d4aa7a1d33ce983cdb,fixed_2p,3,0,72,3,win,random/repetition_1
21,2080,random/repetition_1,random,random,1,1,35,3,loss,fixed_2p/repetition_3
21,2081,fixed_2p/repetition_3,e84a40adced747d4aa7a1d33ce983cdb,fixed_2p,3,0,71,2,win,random/repetition_1
21,2081,random/repetition_1,random,random,1,1,51,4,loss,fixed_2p/repetition_3
21,2082,random/repetition_1,random,random,1,0,44,2,loss,fixed_2p/repetition_3
21,2082,fixed_2p/repetition_3,e84a40adced747d4aa7a1d33ce983cdb,fixed_2p,3,1,62,0,win,random/repetition_1
21,2083,fixed_2p/repetition_3,e84a40adced747d4aa7a1d33ce983cdb,fixed_2p,3,0,65,2,win,random/repetition_1
21,2083,random/repetition_1,random,random,1,1,38,2,loss,fixed_2p/repetition_3
21,2084,random/repetition_1,random,random,1,0,37,4,loss,fixed_2p/repetition_3
21,2084,fixed_2p/repetition_3,e84a40adced747d4aa7a1d33ce983cdb,fixed_2p,3,1,54,1,win,random/repetition_1
21,2085,random/repetition_1,random,random,1,0,41,2,loss,fixed_2p/repetition_3
21,2085,fixed_2p/repetition_3,e84a40adced747d4aa7a1d33ce983cdb,fixed_2p,3,1,55,4,win,random/repetition_1
21,2086,fixed_2p/repetition_3,e84a40adced747d4aa7a1d33ce983cdb,fixed_2p,3,0,62,2,win,random/repetition_1
21,2086,random/repetition_1,random,random,1,1,40,5,loss,fixed_2p/repetition_3
21,2087,fixed_2p/repetition_3,e84a40adced747d4aa7a1d33ce983cdb,fixed_2p,3,0,69,2,win,random/repetition_1
21,2087,random/repetition_1,random,random,1,1,45,1,loss,fixed_2p/repetition_3
21,2088,fixed_2p/repetition_3,e84a40adced747d4aa7a1d33ce983cdb,fixed_2p,3,0,61,1,win,random/repetition_1
21,2088,random/repetition_1,random,random,1,1,36,4,loss,fixed_2p/repetition_3
21,2089,fixed_2p/repetition_3,e84a40adced747d4aa7a1d33ce983cdb,fixed_2p,3,0,64,4,win,random/repetition_1
21,2089,random/repetition_1,random,random,1,1,38,3,loss,fixed_2p/repetition_3
21,2090,random/repetition_1,random,random,1,0,44,5,loss,fixed_2p/repetition_3
21,2090,fixed_2p/repetition_3,e84a40adced747d4aa7a1d33ce983cdb,fixed_2p,3,1,64,2,win,random/repetition_1
21,2091,random/repetition_1,random,random,1,0,43,3,loss,fixed_2p/repetition_3
21,2091,fixed_2p/repetition_3,e84a40adced747d4aa7a1d33ce983cdb,fixed_2p,3,1,60,2,win,random/repetition_1
21,2092,random/repetition_1,random,random,1,0,33,2,loss,fixed_2p/repetition_3
21,2092,fixed_2p/repetition_3,e84a40adced747d4aa7a1d33ce983cdb,fixed_2p,3,1,74,3,win,random/repetition_1
21,2093,random/repetition_1,random,random,1,0,47,5,loss,fixed_2p/repetition_3
21,2093,fixed_2p/repetition_3,e84a40adced747d4aa7a1d33ce983cdb,fixed_2p,3,1,69,1,win,random/repetition_1
21,2094,random/repetition_1,random,random,1,0,33,3,loss,fixed_2p/repetition_3
21,2094,fixed_2p/repetition_3,e84a40adced747d4aa7a1d33ce983cdb,fixed_2p,3,1,60,4,win,random/repetition_1
21,2095,random/repetition_1,random,random,1,0,48,2,loss,fixed_2p/repetition_3
21,2095,fixed_2p/repetition_3,e84a40adced747d4aa7a1d33ce983cdb,fixed_2p,3,1,64,2,win,random/repetition_1
21,2096,random/repetition_1,random,random,1,0,41,2,loss,fixed_2p/repetition_3
21,2096,fixed_2p/repetition_3,e84a40adced747d4aa7a1d33ce983cdb,fixed_2p,3,1,60,4,win,random/repetition_1
21,2097,random/repetition_1,random,random,1,0,43,4,win,fixed_2p/repetition_3
21,2097,fixed_2p/repetition_3,e84a40adced747d4aa7a1d33ce983cdb,fixed_2p,3,1,43,3,loss,random/repetition_1
21,2098,fixed_2p/repetition_3,e84a40adced747d4aa7a1d33ce983cdb,fixed_2p,3,0,66,1,win,random/repetition_1
21,2098,random/repetition_1,random,random,1,1,38,5,loss,fixed_2p/repetition_3
21,2099,fixed_2p/repetition_3,e84a40adced747d4aa7a1d33ce983cdb,fixed_2p,3,0,68,3,win,random/repetition_1
21,2099,random/repetition_1,random,random,1,1,35,2,loss,fixed_2p/repetition_3
21,2100,random/repetition_1,random,random,1,0,41,4,loss,fixed_2p/repetition_3
21,2100,fixed_2p/repetition_3,e84a40adced747d4aa7a1d33ce983cdb,fixed_2p,3,1,45,1,win,random/repetition_1
22,2101,variable_encoder_2_4/repetition_1,420770657a844be6ab5e55e02edf3782,variable_encoder_2_4,1,0,63,7,win,variable_2_4/repetition_1
22,2101,variable_2_4/repetition_1,bf23b43ba2e94b7d994bbae85dbabef5,variable_2_4,1,1,50,2,loss,variable_encoder_2_4/repetition_1
22,2102,variable_encoder_2_4/repetition_1,420770657a844be6ab5e55e02edf3782,variable_encoder_2_4,1,0,58,4,win,variable_2_4/repetition_1
22,2102,variable_2_4/repetition_1,bf23b43ba2e94b7d994bbae85dbabef5,variable_2_4,1,1,48,2,loss,variable_encoder_2_4/repetition_1
22,2103,variable_encoder_2_4/repetition_1,420770657a844be6ab5e55e02edf3782,variable_encoder_2_4,1,0,48,5,loss,variable_2_4/repetition_1
22,2103,variable_2_4/repetition_1,bf23b43ba2e94b7d994bbae85dbabef5,variable_2_4,1,1,54,2,win,variable_encoder_2_4/repetition_1
22,2104,variable_2_4/repetition_1,bf23b43ba2e94b7d994bbae85dbabef5,variable_2_4,1,0,57,0,loss,variable_encoder_2_4/repetition_1
22,2104,variable_encoder_2_4/repetition_1,420770657a844be6ab5e55e02edf3782,variable_encoder_2_4,1,1,62,3,win,variable_2_4/repetition_1
22,2105,variable_2_4/repetition_1,bf23b43ba2e94b7d994bbae85dbabef5,variable_2_4,1,0,49,0,win,variable_encoder_2_4/repetition_1
22,2105,variable_encoder_2_4/repetition_1,420770657a844be6ab5e55e02edf3782,variable_encoder_2_4,1,1,46,4,loss,variable_2_4/repetition_1
22,2106,variable_encoder_2_4/repetition_1,420770657a844be6ab5e55e02edf3782,variable_encoder_2_4,1,0,52,4,win,variable_2_4/repetition_1
22,2106,variable_2_4/repetition_1,bf23b43ba2e94b7d994bbae85dbabef5,variable_2_4,1,1,48,2,loss,variable_encoder_2_4/repetition_1
22,2107,variable_encoder_2_4/repetition_1,420770657a844be6ab5e55e02edf3782,variable_encoder_2_4,1,0,61,5,win,variable_2_4/repetition_1
22,2107,variable_2_4/repetition_1,bf23b43ba2e94b7d994bbae85dbabef5,variable_2_4,1,1,44,0,loss,variable_encoder_2_4/repetition_1
22,2108,variable_2_4/repetition_1,bf23b43ba2e94b7d994bbae85dbabef5,variable_2_4,1,0,60,2,win,variable_encoder_2_4/repetition_1
22,2108,variable_encoder_2_4/repetition_1,420770657a844be6ab5e55e02edf3782,variable_encoder_2_4,1,1,56,6,loss,variable_2_4/repetition_1
22,2109,variable_encoder_2_4/repetition_1,420770657a844be6ab5e55e02edf3782,variable_encoder_2_4,1,0,52,4,loss,variable_2_4/repetition_1
22,2109,variable_2_4/repetition_1,bf23b43ba2e94b7d994bbae85dbabef5,variable_2_4,1,1,60,0,win,variable_encoder_2_4/repetition_1
22,2110,variable_encoder_2_4/repetition_1,420770657a844be6ab5e55e02edf3782,variable_encoder_2_4,1,0,49,4,win,variable_2_4/repetition_1
22,2110,variable_2_4/repetition_1,bf23b43ba2e94b7d994bbae85dbabef5,variable_2_4,1,1,42,2,loss,variable_encoder_2_4/repetition_1
22,2111,variable_encoder_2_4/repetition_1,420770657a844be6ab5e55e02edf3782,variable_encoder_2_4,1,0,60,4,win,variable_2_4/repetition_1
22,2111,variable_2_4/repetition_1,bf23b43ba2e94b7d994bbae85dbabef5,variable_2_4,1,1,47,2,loss,variable_encoder_2_4/repetition_1
22,2112,variable_2_4/repetition_1,bf23b43ba2e94b7d994bbae85dbabef5,variable_2_4,1,0,50,0,loss,variable_encoder_2_4/repetition_1
22,2112,variable_encoder_2_4/repetition_1,420770657a844be6ab5e55e02edf3782,variable_encoder_2_4,1,1,64,4,win,variable_2_4/repetition_1
22,2113,variable_encoder_2_4/repetition_1,420770657a844be6ab5e55e02edf3782,variable_encoder_2_4,1,0,62,6,win,variable_2_4/repetition_1
22,2113,variable_2_4/repetition_1,bf23b43ba2e94b7d994bbae85dbabef5,variable_2_4,1,1,53,1,loss,variable_encoder_2_4/repetition_1
22,2114,variable_encoder_2_4/repetition_1,420770657a844be6ab5e55e02edf3782,variable_encoder_2_4,1,0,64,3,win,variable_2_4/repetition_1
22,2114,variable_2_4/repetition_1,bf23b43ba2e94b7d994bbae85dbabef5,variable_2_4,1,1,56,2,loss,variable_encoder_2_4/repetition_1
22,2115,variable_encoder_2_4/repetition_1,420770657a844be6ab5e55e02edf3782,variable_encoder_2_4,1,0,63,4,win,variable_2_4/repetition_1
22,2115,variable_2_4/repetition_1,bf23b43ba2e94b7d994bbae85dbabef5,variable_2_4,1,1,50,0,loss,variable_encoder_2_4/repetition_1
22,2116,variable_encoder_2_4/repetition_1,420770657a844be6ab5e55e02edf3782,variable_encoder_2_4,1,0,56,6,win,variable_2_4/repetition_1
22,2116,variable_2_4/repetition_1,bf23b43ba2e94b7d994bbae85dbabef5,variable_2_4,1,1,46,1,loss,variable_encoder_2_4/repetition_1
22,2117,variable_encoder_2_4/repetition_1,420770657a844be6ab5e55e02edf3782,variable_encoder_2_4,1,0,51,5,loss,variable_2_4/repetition_1
22,2117,variable_2_4/repetition_1,bf23b43ba2e94b7d994bbae85dbabef5,variable_2_4,1,1,53,0,win,variable_encoder_2_4/repetition_1
22,2118,variable_encoder_2_4/repetition_1,420770657a844be6ab5e55e02edf3782,variable_encoder_2_4,1,0,48,3,loss,variable_2_4/repetition_1
22,2118,variable_2_4/repetition_1,bf23b43ba2e94b7d994bbae85dbabef5,variable_2_4,1,1,59,0,win,variable_encoder_2_4/repetition_1
22,2119,variable_2_4/repetition_1,bf23b43ba2e94b7d994bbae85dbabef5,variable_2_4,1,0,59,2,loss,variable_encoder_2_4/repetition_1
22,2119,variable_encoder_2_4/repetition_1,420770657a844be6ab5e55e02edf3782,variable_encoder_2_4,1,1,63,5,win,variable_2_4/repetition_1
22,2120,variable_2_4/repetition_1,bf23b43ba2e94b7d994bbae85dbabef5,variable_2_4,1,0,60,3,loss,variable_encoder_2_4/repetition_1
22,2120,variable_encoder_2_4/repetition_1,420770657a844be6ab5e55e02edf3782,variable_encoder_2_4,1,1,62,5,win,variable_2_4/repetition_1
22,2121,variable_2_4/repetition_1,bf23b43ba2e94b7d994bbae85dbabef5,variable_2_4,1,0,51,1,loss,variable_encoder_2_4/repetition_1
22,2121,variable_encoder_2_4/repetition_1,420770657a844be6ab5e55e02edf3782,variable_encoder_2_4,1,1,62,5,win,variable_2_4/repetition_1
22,2122,variable_2_4/repetition_1,bf23b43ba2e94b7d994bbae85dbabef5,variable_2_4,1,0,54,1,loss,variable_encoder_2_4/repetition_1
22,2122,variable_encoder_2_4/repetition_1,420770657a844be6ab5e55e02edf3782,variable_encoder_2_4,1,1,64,4,win,variable_2_4/repetition_1
22,2123,variable_2_4/repetition_1,bf23b43ba2e94b7d994bbae85dbabef5,variable_2_4,1,0,55,1,loss,variable_encoder_2_4/repetition_1
22,2123,variable_encoder_2_4/repetition_1,420770657a844be6ab5e55e02edf3782,variable_encoder_2_4,1,1,65,3,win,variable_2_4/repetition_1
22,2124,variable_2_4/repetition_1,bf23b43ba2e94b7d994bbae85dbabef5,variable_2_4,1,0,42,3,loss,variable_encoder_2_4/repetition_1
22,2124,variable_encoder_2_4/repetition_1,420770657a844be6ab5e55e02edf3782,variable_encoder_2_4,1,1,62,6,win,variable_2_4/repetition_1
22,2125,variable_2_4/repetition_1,bf23b43ba2e94b7d994bbae85dbabef5,variable_2_4,1,0,32,3,loss,variable_encoder_2_4/repetition_1
22,2125,variable_encoder_2_4/repetition_1,420770657a844be6ab5e55e02edf3782,variable_encoder_2_4,1,1,64,2,win,variable_2_4/repetition_1
22,2126,variable_2_4/repetition_1,bf23b43ba2e94b7d994bbae85dbabef5,variable_2_4,1,0,53,1,loss,variable_encoder_2_4/repetition_1
22,2126,variable_encoder_2_4/repetition_1,420770657a844be6ab5e55e02edf3782,variable_encoder_2_4,1,1,58,4,win,variable_2_4/repetition_1
22,2127,variable_encoder_2_4/repetition_1,420770657a844be6ab5e55e02edf3782,variable_encoder_2_4,1,0,72,3,win,variable_2_4/repetition_1
22,2127,variable_2_4/repetition_1,bf23b43ba2e94b7d994bbae85dbabef5,variable_2_4,1,1,48,0,loss,variable_encoder_2_4/repetition_1
22,2128,variable_encoder_2_4/repetition_1,420770657a844be6ab5e55e02edf3782,variable_encoder_2_4,1,0,52,6,win,variable_2_4/repetition_1
22,2128,variable_2_4/repetition_1,bf23b43ba2e94b7d994bbae85dbabef5,variable_2_4,1,1,40,2,loss,variable_encoder_2_4/repetition_1
22,2129,variable_encoder_2_4/repetition_1,420770657a844be6ab5e55e02edf3782,variable_encoder_2_4,1,0,64,3,win,variable_2_4/repetition_1
22,2129,variable_2_4/repetition_1,bf23b43ba2e94b7d994bbae85dbabef5,variable_2_4,1,1,40,2,loss,variable_encoder_2_4/repetition_1
22,2130,variable_encoder_2_4/repetition_1,420770657a844be6ab5e55e02edf3782,variable_encoder_2_4,1,0,50,3,win,variable_2_4/repetition_1
22,2130,variable_2_4/repetition_1,bf23b43ba2e94b7d994bbae85dbabef5,variable_2_4,1,1,45,2,loss,variable_encoder_2_4/repetition_1
22,2131,variable_encoder_2_4/repetition_1,420770657a844be6ab5e55e02edf3782,variable_encoder_2_4,1,0,49,4,loss,variable_2_4/repetition_1
22,2131,variable_2_4/repetition_1,bf23b43ba2e94b7d994bbae85dbabef5,variable_2_4,1,1,51,1,win,variable_encoder_2_4/repetition_1
22,2132,variable_encoder_2_4/repetition_1,420770657a844be6ab5e55e02edf3782,variable_encoder_2_4,1,0,60,3,win,variable_2_4/repetition_1
22,2132,variable_2_4/repetition_1,bf23b43ba2e94b7d994bbae85dbabef5,variable_2_4,1,1,53,0,loss,variable_encoder_2_4/repetition_1
22,2133,variable_encoder_2_4/repetition_1,420770657a844be6ab5e55e02edf3782,variable_encoder_2_4,1,0,53,6,win,variable_2_4/repetition_1
22,2133,variable_2_4/repetition_1,bf23b43ba2e94b7d994bbae85dbabef5,variable_2_4,1,1,53,1,loss,variable_encoder_2_4/repetition_1
22,2134,variable_encoder_2_4/repetition_1,420770657a844be6ab5e55e02edf3782,variable_encoder_2_4,1,0,52,2,loss,variable_2_4/repetition_1
22,2134,variable_2_4/repetition_1,bf23b43ba2e94b7d994bbae85dbabef5,variable_2_4,1,1,53,2,win,variable_encoder_2_4/repetition_1
22,2135,variable_2_4/repetition_1,bf23b43ba2e94b7d994bbae85dbabef5,variable_2_4,1,0,53,1,loss,variable_encoder_2_4/repetition_1
22,2135,variable_encoder_2_4/repetition_1,420770657a844be6ab5e55e02edf3782,variable_encoder_2_4,1,1,67,4,win,variable_2_4/repetition_1
22,2136,variable_encoder_2_4/repetition_1,420770657a844be6ab5e55e02edf3782,variable_encoder_2_4,1,0,61,3,win,variable_2_4/repetition_1
22,2136,variable_2_4/repetition_1,bf23b43ba2e94b7d994bbae85dbabef5,variable_2_4,1,1,47,2,loss,variable_encoder_2_4/repetition_1
22,2137,variable_encoder_2_4/repetition_1,420770657a844be6ab5e55e02edf3782,variable_encoder_2_4,1,0,54,4,loss,variable_2_4/repetition_1
22,2137,variable_2_4/repetition_1,bf23b43ba2e94b7d994bbae85dbabef5,variable_2_4,1,1,56,0,win,variable_encoder_2_4/repetition_1
22,2138,variable_2_4/repetition_1,bf23b43ba2e94b7d994bbae85dbabef5,variable_2_4,1,0,49,1,loss,variable_encoder_2_4/repetition_1
22,2138,variable_encoder_2_4/repetition_1,420770657a844be6ab5e55e02edf3782,variable_encoder_2_4,1,1,56,5,win,variable_2_4/repetition_1
22,2139,variable_2_4/repetition_1,bf23b43ba2e94b7d994bbae85dbabef5,variable_2_4,1,0,58,1,win,variable_encoder_2_4/repetition_1
22,2139,variable_encoder_2_4/repetition_1,420770657a844be6ab5e55e02edf3782,variable_encoder_2_4,1,1,56,5,loss,variable_2_4/repetition_1
22,2140,variable_2_4/repetition_1,bf23b43ba2e94b7d994bbae85dbabef5,variable_2_4,1,0,60,0,win,variable_encoder_2_4/repetition_1
22,2140,variable_encoder_2_4/repetition_1,420770657a844be6ab5e55e02edf3782,variable_encoder_2_4,1,1,59,4,loss,variable_2_4/repetition_1
22,2141,variable_encoder_2_4/repetition_1,420770657a844be6ab5e55e02edf3782,variable_encoder_2_4,1,0,51,6,loss,variable_2_4/repetition_1
22,2141,variable_2_4/repetition_1,bf23b43ba2e94b7d994bbae85dbabef5,variable_2_4,1,1,57,1,win,variable_encoder_2_4/repetition_1
22,2142,variable_2_4/repetition_1,bf23b43ba2e94b7d994bbae85dbabef5,variable_2_4,1,0,44,0,loss,variable_encoder_2_4/repetition_1
22,2142,variable_encoder_2_4/repetition_1,420770657a844be6ab5e55e02edf3782,variable_encoder_2_4,1,1,60,6,win,variable_2_4/repetition_1
22,2143,variable_encoder_2_4/repetition_1,420770657a844be6ab5e55e02edf3782,variable_encoder_2_4,1,0,50,4,win,variable_2_4/repetition_1
22,2143,variable_2_4/repetition_1,bf23b43ba2e94b7d994bbae85dbabef5,variable_2_4,1,1,40,2,loss,variable_encoder_2_4/repetition_1
22,2144,variable_encoder_2_4/repetition_1,420770657a844be6ab5e55e02edf3782,variable_encoder_2_4,1,0,66,3,win,variable_2_4/repetition_1
22,2144,variable_2_4/repetition_1,bf23b43ba2e94b7d994bbae85dbabef5,variable_2_4,1,1,46,2,loss,variable_encoder_2_4/repetition_1
22,2145,variable_2_4/repetition_1,bf23b43ba2e94b7d994bbae85dbabef5,variable_2_4,1,0,57,0,loss,variable_encoder_2_4/repetition_1
22,2145,variable_encoder_2_4/repetition_1,420770657a844be6ab5e55e02edf3782,variable_encoder_2_4,1,1,67,3,win,variable_2_4/repetition_1
22,2146,variable_encoder_2_4/repetition_1,420770657a844be6ab5e55e02edf3782,variable_encoder_2_4,1,0,61,5,win,variable_2_4/repetition_1
22,2146,variable_2_4/repetition_1,bf23b43ba2e94b7d994bbae85dbabef5,variable_2_4,1,1,49,1,loss,variable_encoder_2_4/repetition_1
22,2147,variable_encoder_2_4/repetition_1,420770657a844be6ab5e55e02edf3782,variable_encoder_2_4,1,0,51,5,win,variable_2_4/repetition_1
22,2147,variable_2_4/repetition_1,bf23b43ba2e94b7d994bbae85dbabef5,variable_2_4,1,1,47,1,loss,variable_encoder_2_4/repetition_1
22,2148,variable_2_4/repetition_1,bf23b43ba2e94b7d994bbae85dbabef5,variable_2_4,1,0,59,2,win,variable_encoder_2_4/repetition_1
22,2148,variable_encoder_2_4/repetition_1,420770657a844be6ab5e55e02edf3782,variable_encoder_2_4,1,1,55,6,loss,variable_2_4/repetition_1
22,2149,variable_encoder_2_4/repetition_1,420770657a844be6ab5e55e02edf3782,variable_encoder_2_4,1,0,58,4,loss,variable_2_4/repetition_1
22,2149,variable_2_4/repetition_1,bf23b43ba2e94b7d994bbae85dbabef5,variable_2_4,1,1,61,0,win,variable_encoder_2_4/repetition_1
22,2150,variable_2_4/repetition_1,bf23b43ba2e94b7d994bbae85dbabef5,variable_2_4,1,0,42,1,loss,variable_encoder_2_4/repetition_1
22,2150,variable_encoder_2_4/repetition_1,420770657a844be6ab5e55e02edf3782,variable_encoder_2_4,1,1,68,4,win,variable_2_4/repetition_1
22,2151,variable_2_4/repetition_1,bf23b43ba2e94b7d994bbae85dbabef5,variable_2_4,1,0,41,1,loss,variable_encoder_2_4/repetition_1
22,2151,variable_encoder_2_4/repetition_1,420770657a844be6ab5e55e02edf3782,variable_encoder_2_4,1,1,61,5,win,variable_2_4/repetition_1
22,2152,variable_encoder_2_4/repetition_1,420770657a844be6ab5e55e02edf3782,variable_encoder_2_4,1,0,64,6,win,variable_2_4/repetition_1
22,2152,variable_2_4/repetition_1,bf23b43ba2e94b7d994bbae85dbabef5,variable_2_4,1,1,52,1,loss,variable_encoder_2_4/repetition_1
22,2153,variable_encoder_2_4/repetition_1,420770657a844be6ab5e55e02edf3782,variable_encoder_2_4,1,0,78,3,win,variable_2_4/repetition_1
22,2153,variable_2_4/repetition_1,bf23b43ba2e94b7d994bbae85dbabef5,variable_2_4,1,1,54,2,loss,variable_encoder_2_4/repetition_1
22,2154,variable_2_4/repetition_1,bf23b43ba2e94b7d994bbae85dbabef5,variable_2_4,1,0,56,1,loss,variable_encoder_2_4/repetition_1
22,2154,variable_encoder_2_4/repetition_1,420770657a844be6ab5e55e02edf3782,variable_encoder_2_4,1,1,57,6,win,variable_2_4/repetition_1
22,2155,variable_encoder_2_4/repetition_1,420770657a844be6ab5e55e02edf3782,variable_encoder_2_4,1,0,59,5,loss,variable_2_4/repetition_1
22,2155,variable_2_4/repetition_1,bf23b43ba2e94b7d994bbae85dbabef5,variable_2_4,1,1,66,0,win,variable_encoder_2_4/repetition_1
22,2156,variable_encoder_2_4/repetition_1,420770657a844be6ab5e55e02edf3782,variable_encoder_2_4,1,0,57,6,win,variable_2_4/repetition_1
22,2156,variable_2_4/repetition_1,bf23b43ba2e94b7d994bbae85dbabef5,variable_2_4,1,1,53,3,loss,variable_encoder_2_4/repetition_1
22,2157,variable_2_4/repetition_1,bf23b43ba2e94b7d994bbae85dbabef5,variable_2_4,1,0,57,0,win,variable_encoder_2_4/repetition_1
22,2157,variable_encoder_2_4/repetition_1,420770657a844be6ab5e55e02edf3782,variable_encoder_2_4,1,1,54,7,loss,variable_2_4/repetition_1
22,2158,variable_encoder_2_4/repetition_1,420770657a844be6ab5e55e02edf3782,variable_encoder_2_4,1,0,39,6,loss,variable_2_4/repetition_1
22,2158,variable_2_4/repetition_1,bf23b43ba2e94b7d994bbae85dbabef5,variable_2_4,1,1,57,1,win,variable_encoder_2_4/repetition_1
22,2159,variable_encoder_2_4/repetition_1,420770657a844be6ab5e55e02edf3782,variable_encoder_2_4,1,0,62,3,win,variable_2_4/repetition_1
22,2159,variable_2_4/repetition_1,bf23b43ba2e94b7d994bbae85dbabef5,variable_2_4,1,1,39,3,loss,variable_encoder_2_4/repetition_1
22,2160,variable_encoder_2_4/repetition_1,420770657a844be6ab5e55e02edf3782,variable_encoder_2_4,1,0,54,5,win,variable_2_4/repetition_1
22,2160,variable_2_4/repetition_1,bf23b43ba2e94b7d994bbae85dbabef5,variable_2_4,1,1,43,2,loss,variable_encoder_2_4/repetition_1
22,2161,variable_2_4/repetition_1,bf23b43ba2e94b7d994bbae85dbabef5,variable_2_4,1,0,46,1,loss,variable_encoder_2_4/repetition_1
22,2161,variable_encoder_2_4/repetition_1,420770657a844be6ab5e55e02edf3782,variable_encoder_2_4,1,1,58,6,win,variable_2_4/repetition_1
22,2162,variable_2_4/repetition_1,bf23b43ba2e94b7d994bbae85dbabef5,variable_2_4,1,0,43,2,loss,variable_encoder_2_4/repetition_1
22,2162,variable_encoder_2_4/repetition_1,420770657a844be6ab5e55e02edf3782,variable_encoder_2_4,1,1,67,3,win,variable_2_4/repetition_1
22,2163,variable_2_4/repetition_1,bf23b43ba2e94b7d994bbae85dbabef5,variable_2_4,1,0,35,2,loss,variable_encoder_2_4/repetition_1
22,2163,variable_encoder_2_4/repetition_1,420770657a844be6ab5e55e02edf3782,variable_encoder_2_4,1,1,50,3,win,variable_2_4/repetition_1
22,2164,variable_encoder_2_4/repetition_1,420770657a844be6ab5e55e02edf3782,variable_encoder_2_4,1,0,55,6,loss,variable_2_4/repetition_1
22,2164,variable_2_4/repetition_1,bf23b43ba2e94b7d994bbae85dbabef5,variable_2_4,1,1,68,2,win,variable_encoder_2_4/repetition_1
22,2165,variable_encoder_2_4/repetition_1,420770657a844be6ab5e55e02edf3782,variable_encoder_2_4,1,0,61,5,win,variable_2_4/repetition_1
22,2165,variable_2_4/repetition_1,bf23b43ba2e94b7d994bbae85dbabef5,variable_2_4,1,1,59,0,loss,variable_encoder_2_4/repetition_1
22,2166,variable_2_4/repetition_1,bf23b43ba2e94b7d994bbae85dbabef5,variable_2_4,1,0,49,3,loss,variable_encoder_2_4/repetition_1
22,2166,variable_encoder_2_4/repetition_1,420770657a844be6ab5e55e02edf3782,variable_encoder_2_4,1,1,55,5,win,variable_2_4/repetition_1
22,2167,variable_encoder_2_4/repetition_1,420770657a844be6ab5e55e02edf3782,variable_encoder_2_4,1,0,56,2,win,variable_2_4/repetition_1
22,2167,variable_2_4/repetition_1,bf23b43ba2e94b7d994bbae85dbabef5,variable_2_4,1,1,43,1,loss,variable_encoder_2_4/repetition_1
22,2168,variable_2_4/repetition_1,bf23b43ba2e94b7d994bbae85dbabef5,variable_2_4,1,0,49,1,loss,variable_encoder_2_4/repetition_1
22,2168,variable_encoder_2_4/repetition_1,420770657a844be6ab5e55e02edf3782,variable_encoder_2_4,1,1,61,6,win,variable_2_4/repetition_1
22,2169,variable_encoder_2_4/repetition_1,420770657a844be6ab5e55e02edf3782,variable_encoder_2_4,1,0,55,4,win,variable_2_4/repetition_1
22,2169,variable_2_4/repetition_1,bf23b43ba2e94b7d994bbae85dbabef5,variable_2_4,1,1,46,2,loss,variable_encoder_2_4/repetition_1
22,2170,variable_encoder_2_4/repetition_1,420770657a844be6ab5e55e02edf3782,variable_encoder_2_4,1,0,57,3,win,variable_2_4/repetition_1
22,2170,variable_2_4/repetition_1,bf23b43ba2e94b7d994bbae85dbabef5,variable_2_4,1,1,49,3,loss,variable_encoder_2_4/repetition_1
22,2171,variable_encoder_2_4/repetition_1,420770657a844be6ab5e55e02edf3782,variable_encoder_2_4,1,0,60,5,win,variable_2_4/repetition_1
22,2171,variable_2_4/repetition_1,bf23b43ba2e94b7d994bbae85dbabef5,variable_2_4,1,1,58,1,loss,variable_encoder_2_4/repetition_1
22,2172,variable_encoder_2_4/repetition_1,420770657a844be6ab5e55e02edf3782,variable_encoder_2_4,1,0,58,4,loss,variable_2_4/repetition_1
22,2172,variable_2_4/repetition_1,bf23b43ba2e94b7d994bbae85dbabef5,variable_2_4,1,1,61,3,win,variable_encoder_2_4/repetition_1
22,2173,variable_encoder_2_4/repetition_1,420770657a844be6ab5e55e02edf3782,variable_encoder_2_4,1,0,62,3,win,variable_2_4/repetition_1
22,2173,variable_2_4/repetition_1,bf23b43ba2e94b7d994bbae85dbabef5,variable_2_4,1,1,58,1,loss,variable_encoder_2_4/repetition_1
22,2174,variable_2_4/repetition_1,bf23b43ba2e94b7d994bbae85dbabef5,variable_2_4,1,0,63,1,win,variable_encoder_2_4/repetition_1
22,2174,variable_encoder_2_4/repetition_1,420770657a844be6ab5e55e02edf3782,variable_encoder_2_4,1,1,58,3,loss,variable_2_4/repetition_1
22,2175,variable_encoder_2_4/repetition_1,420770657a844be6ab5e55e02edf3782,variable_encoder_2_4,1,0,53,7,loss,variable_2_4/repetition_1
22,2175,variable_2_4/repetition_1,bf23b43ba2e94b7d994bbae85dbabef5,variable_2_4,1,1,58,2,win,variable_encoder_2_4/repetition_1
22,2176,variable_2_4/repetition_1,bf23b43ba2e94b7d994bbae85dbabef5,variable_2_4,1,0,64,1,win,variable_encoder_2_4/repetition_1
22,2176,variable_encoder_2_4/repetition_1,420770657a844be6ab5e55e02edf3782,variable_encoder_2_4,1,1,58,4,loss,variable_2_4/repetition_1
22,2177,variable_2_4/repetition_1,bf23b43ba2e94b7d994bbae85dbabef5,variable_2_4,1,0,57,0,loss,variable_encoder_2_4/repetition_1
22,2177,variable_encoder_2_4/repetition_1,420770657a844be6ab5e55e02edf3782,variable_encoder_2_4,1,1,64,4,win,variable_2_4/repetition_1
22,2178,variable_2_4/repetition_1,bf23b43ba2e94b7d994bbae85dbabef5,variable_2_4,1,0,44,2,loss,variable_encoder_2_4/repetition_1
22,2178,variable_encoder_2_4/repetition_1,420770657a844be6ab5e55e02edf3782,variable_encoder_2_4,1,1,57,3,win,variable_2_4/repetition_1
22,2179,variable_2_4/repetition_1,bf23b43ba2e94b7d994bbae85dbabef5,variable_2_4,1,0,58,1,loss,variable_encoder_2_4/repetition_1
22,2179,variable_encoder_2_4/repetition_1,420770657a844be6ab5e55e02edf3782,variable_encoder_2_4,1,1,59,7,win,variable_2_4/repetition_1
22,2180,variable_2_4/repetition_1,bf23b43ba2e94b7d994bbae85dbabef5,variable_2_4,1,0,65,0,loss,variable_encoder_2_4/repetition_1
22,2180,variable_encoder_2_4/repetition_1,420770657a844be6ab5e55e02edf3782,variable_encoder_2_4,1,1,71,3,win,variable_2_4/repetition_1
22,2181,variable_2_4/repetition_1,bf23b43ba2e94b7d994bbae85dbabef5,variable_2_4,1,0,46,3,loss,variable_encoder_2_4/repetition_1
22,2181,variable_encoder_2_4/repetition_1,420770657a844be6ab5e55e02edf3782,variable_encoder_2_4,1,1,60,3,win,variable_2_4/repetition_1
22,2182,variable_2_4/repetition_1,bf23b43ba2e94b7d994bbae85dbabef5,variable_2_4,1,0,50,4,loss,variable_encoder_2_4/repetition_1
22,2182,variable_encoder_2_4/repetition_1,420770657a844be6ab5e55e02edf3782,variable_encoder_2_4,1,1,61,2,win,variable_2_4/repetition_1
22,2183,variable_encoder_2_4/repetition_1,420770657a844be6ab5e55e02edf3782,variable_encoder_2_4,1,0,57,6,win,variable_2_4/repetition_1
22,2183,variable_2_4/repetition_1,bf23b43ba2e94b7d994bbae85dbabef5,variable_2_4,1,1,53,2,loss,variable_encoder_2_4/repetition_1
22,2184,variable_2_4/repetition_1,bf23b43ba2e94b7d994bbae85dbabef5,variable_2_4,1,0,57,1,loss,variable_encoder_2_4/repetition_1
22,2184,variable_encoder_2_4/repetition_1,420770657a844be6ab5e55e02edf3782,variable_encoder_2_4,1,1,58,6,win,variable_2_4/repetition_1
22,2185,variable_encoder_2_4/repetition_1,420770657a844be6ab5e55e02edf3782,variable_encoder_2_4,1,0,57,4,win,variable_2_4/repetition_1
22,2185,variable_2_4/repetition_1,bf23b43ba2e94b7d994bbae85dbabef5,variable_2_4,1,1,54,1,loss,variable_encoder_2_4/repetition_1
22,2186,variable_2_4/repetition_1,bf23b43ba2e94b7d994bbae85dbabef5,variable_2_4,1,0,45,0,loss,variable_encoder_2_4/repetition_1
22,2186,variable_encoder_2_4/repetition_1,420770657a844be6ab5e55e02edf3782,variable_encoder_2_4,1,1,60,5,win,variable_2_4/repetition_1
22,2187,variable_encoder_2_4/repetition_1,420770657a844be6ab5e55e02edf3782,variable_encoder_2_4,1,0,65,5,win,variable_2_4/repetition_1
22,2187,variable_2_4/repetition_1,bf23b43ba2e94b7d994bbae85dbabef5,variable_2_4,1,1,57,0,loss,variable_encoder_2_4/repetition_1
22,2188,variable_2_4/repetition_1,bf23b43ba2e94b7d994bbae85dbabef5,variable_2_4,1,0,59,2,win,variable_encoder_2_4/repetition_1
22,2188,variable_encoder_2_4/repetition_1,420770657a844be6ab5e55e02edf3782,variable_encoder_2_4,1,1,50,5,loss,variable_2_4/repetition_1
22,2189,variable_2_4/repetition_1,bf23b43ba2e94b7d994bbae85dbabef5,variable_2_4,1,0,42,1,loss,variable_encoder_2_4/repetition_1
22,2189,variable_encoder_2_4/repetition_1,420770657a844be6ab5e55e02edf3782,variable_encoder_2_4,1,1,42,5,win,variable_2_4/repetition_1
22,2190,variable_2_4/repetition_1,bf23b43ba2e94b7d994bbae85dbabef5,variable_2_4,1,0,58,0,loss,variable_encoder_2_4/repetition_1
22,2190,variable_encoder_2_4/repetition_1,420770657a844be6ab5e55e02edf3782,variable_encoder_2_4,1,1,60,3,win,variable_2_4/repetition_1
22,2191,variable_2_4/repetition_1,bf23b43ba2e94b7d994bbae85dbabef5,variable_2_4,1,0,50,1,loss,variable_encoder_2_4/repetition_1
22,2191,variable_encoder_2_4/repetition_1,420770657a844be6ab5e55e02edf3782,variable_encoder_2_4,1,1,50,4,win,variable_2_4/repetition_1
22,2192,variable_encoder_2_4/repetition_1,420770657a844be6ab5e55e02edf3782,variable_encoder_2_4,1,0,57,6,win,variable_2_4/repetition_1
22,2192,variable_2_4/repetition_1,bf23b43ba2e94b7d994bbae85dbabef5,variable_2_4,1,1,49,0,loss,variable_encoder_2_4/repetition_1
22,2193,variable_2_4/repetition_1,bf23b43ba2e94b7d994bbae85dbabef5,variable_2_4,1,0,52,2,loss,variable_encoder_2_4/repetition_1
22,2193,variable_encoder_2_4/repetition_1,420770657a844be6ab5e55e02edf3782,variable_encoder_2_4,1,1,64,4,win,variable_2_4/repetition_1
22,2194,variable_encoder_2_4/repetition_1,420770657a844be6ab5e55e02edf3782,variable_encoder_2_4,1,0,53,6,loss,variable_2_4/repetition_1
22,2194,variable_2_4/repetition_1,bf23b43ba2e94b7d994bbae85dbabef5,variable_2_4,1,1,63,2,win,variable_encoder_2_4/repetition_1
22,2195,variable_2_4/repetition_1,bf23b43ba2e94b7d994bbae85dbabef5,variable_2_4,1,0,43,2,loss,variable_encoder_2_4/repetition_1
22,2195,variable_encoder_2_4/repetition_1,420770657a844be6ab5e55e02edf3782,variable_encoder_2_4,1,1,50,6,win,variable_2_4/repetition_1
22,2196,variable_encoder_2_4/repetition_1,420770657a844be6ab5e55e02edf3782,variable_encoder_2_4,1,0,57,5,loss,variable_2_4/repetition_1
22,2196,variable_2_4/repetition_1,bf23b43ba2e94b7d994bbae85dbabef5,variable_2_4,1,1,59,2,win,variable_encoder_2_4/repetition_1
22,2197,variable_encoder_2_4/repetition_1,420770657a844be6ab5e55e02edf3782,variable_encoder_2_4,1,0,67,3,win,variable_2_4/repetition_1
22,2197,variable_2_4/repetition_1,bf23b43ba2e94b7d994bbae85dbabef5,variable_2_4,1,1,54,2,loss,variable_encoder_2_4/repetition_1
22,2198,variable_2_4/repetition_1,bf23b43ba2e94b7d994bbae85dbabef5,variable_2_4,1,0,52,2,loss,variable_encoder_2_4/repetition_1
22,2198,variable_encoder_2_4/repetition_1,420770657a844be6ab5e55e02edf3782,variable_encoder_2_4,1,1,56,6,win,variable_2_4/repetition_1
22,2199,variable_encoder_2_4/repetition_1,420770657a844be6ab5e55e02edf3782,variable_encoder_2_4,1,0,60,4,win,variable_2_4/repetition_1
22,2199,variable_2_4/repetition_1,bf23b43ba2e94b7d994bbae85dbabef5,variable_2_4,1,1,54,1,loss,variable_encoder_2_4/repetition_1
22,2200,variable_encoder_2_4/repetition_1,420770657a844be6ab5e55e02edf3782,variable_encoder_2_4,1,0,59,4,win,variable_2_4/repetition_1
22,2200,variable_2_4/repetition_1,bf23b43ba2e94b7d994bbae85dbabef5,variable_2_4,1,1,48,2,loss,variable_encoder_2_4/repetition_1
23,2201,variable_encoder_2_4/repetition_2,a665630867144200adb56738eed146da,variable_encoder_2_4,2,0,55,3,win,variable_2_4/repetition_1
23,2201,variable_2_4/repetition_1,bf23b43ba2e94b7d994bbae85dbabef5,variable_2_4,1,1,45,1,loss,variable_encoder_2_4/repetition_2
23,2202,variable_encoder_2_4/repetition_2,a665630867144200adb56738eed146da,variable_encoder_2_4,2,0,69,4,win,variable_2_4/repetition_1
23,2202,variable_2_4/repetition_1,bf23b43ba2e94b7d994bbae85dbabef5,variable_2_4,1,1,57,3,loss,variable_encoder_2_4/repetition_2
23,2203,variable_2_4/repetition_1,bf23b43ba2e94b7d994bbae85dbabef5,variable_2_4,1,0,48,1,loss,variable_encoder_2_4/repetition_2
23,2203,variable_encoder_2_4/repetition_2,a665630867144200adb56738eed146da,variable_encoder_2_4,2,1,48,5,win,variable_2_4/repetition_1
23,2204,variable_2_4/repetition_1,bf23b43ba2e94b7d994bbae85dbabef5,variable_2_4,1,0,47,2,tie,variable_encoder_2_4/repetition_2
23,2204,variable_encoder_2_4/repetition_2,a665630867144200adb56738eed146da,variable_encoder_2_4,2,1,47,2,tie,variable_2_4/repetition_1
23,2205,variable_encoder_2_4/repetition_2,a665630867144200adb56738eed146da,variable_encoder_2_4,2,0,67,5,win,variable_2_4/repetition_1
23,2205,variable_2_4/repetition_1,bf23b43ba2e94b7d994bbae85dbabef5,variable_2_4,1,1,61,0,loss,variable_encoder_2_4/repetition_2
23,2206,variable_2_4/repetition_1,bf23b43ba2e94b7d994bbae85dbabef5,variable_2_4,1,0,45,1,loss,variable_encoder_2_4/repetition_2
23,2206,variable_encoder_2_4/repetition_2,a665630867144200adb56738eed146da,variable_encoder_2_4,2,1,63,4,win,variable_2_4/repetition_1
23,2207,variable_2_4/repetition_1,bf23b43ba2e94b7d994bbae85dbabef5,variable_2_4,1,0,47,0,loss,variable_encoder_2_4/repetition_2
23,2207,variable_encoder_2_4/repetition_2,a665630867144200adb56738eed146da,variable_encoder_2_4,2,1,69,4,win,variable_2_4/repetition_1
23,2208,variable_2_4/repetition_1,bf23b43ba2e94b7d994bbae85dbabef5,variable_2_4,1,0,53,2,loss,variable_encoder_2_4/repetition_2
23,2208,variable_encoder_2_4/repetition_2,a665630867144200adb56738eed146da,variable_encoder_2_4,2,1,56,5,win,variable_2_4/repetition_1
23,2209,variable_2_4/repetition_1,bf23b43ba2e94b7d994bbae85dbabef5,variable_2_4,1,0,54,3,loss,variable_encoder_2_4/repetition_2
23,2209,variable_encoder_2_4/repetition_2,a665630867144200adb56738eed146da,variable_encoder_2_4,2,1,59,3,win,variable_2_4/repetition_1
23,2210,variable_encoder_2_4/repetition_2,a665630867144200adb56738eed146da,variable_encoder_2_4,2,0,62,1,loss,variable_2_4/repetition_1
23,2210,variable_2_4/repetition_1,bf23b43ba2e94b7d994bbae85dbabef5,variable_2_4,1,1,63,2,win,variable_encoder_2_4/repetition_2
23,2211,variable_encoder_2_4/repetition_2,a665630867144200adb56738eed146da,variable_encoder_2_4,2,0,54,4,win,variable_2_4/repetition_1
23,2211,variable_2_4/repetition_1,bf23b43ba2e94b7d994bbae85dbabef5,variable_2_4,1,1,49,2,loss,variable_encoder_2_4/repetition_2
23,2212,variable_encoder_2_4/repetition_2,a665630867144200adb56738eed146da,variable_encoder_2_4,2,0,50,4,loss,variable_2_4/repetition_1
23,2212,variable_2_4/repetition_1,bf23b43ba2e94b7d994bbae85dbabef5,variable_2_4,1,1,51,4,win,variable_encoder_2_4/repetition_2
23,2213,variable_encoder_2_4/repetition_2,a665630867144200adb56738eed146da,variable_encoder_2_4,2,0,56,4,loss,variable_2_4/repetition_1
23,2213,variable_2_4/repetition_1,bf23b43ba2e94b7d994bbae85dbabef5,variable_2_4,1,1,61,0,win,variable_encoder_2_4/repetition_2
23,2214,variable_2_4/repetition_1,bf23b43ba2e94b7d994bbae85dbabef5,variable_2_4,1,0,53,1,loss,variable_encoder_2_4/repetition_2
23,2214,variable_encoder_2_4/repetition_2,a665630867144200adb56738eed146da,variable_encoder_2_4,2,1,61,5,win,variable_2_4/repetition_1
23,2215,variable_2_4/repetition_1,bf23b43ba2e94b7d994bbae85dbabef5,variable_2_4,1,0,46,1,loss,variable_encoder_2_4/repetition_2
23,2215,variable_encoder_2_4/repetition_2,a665630867144200adb56738eed146da,variable_encoder_2_4,2,1,56,5,win,variable_2_4/repetition_1
23,2216,variable_encoder_2_4/repetition_2,a665630867144200adb56738eed146da,variable_encoder_2_4,2,0,50,5,loss,variable_2_4/repetition_1
23,2216,variable_2_4/repetition_1,bf23b43ba2e94b7d994bbae85dbabef5,variable_2_4,1,1,59,0,win,variable_encoder_2_4/repetition_2
23,2217,variable_encoder_2_4/repetition_2,a665630867144200adb56738eed146da,variable_encoder_2_4,2,0,55,6,win,variable_2_4/repetition_1
23,2217,variable_2_4/repetition_1,bf23b43ba2e94b7d994bbae85dbabef5,variable_2_4,1,1,49,2,loss,variable_encoder_2_4/repetition_2
23,2218,variable_encoder_2_4/repetition_2,a665630867144200adb56738eed146da,variable_encoder_2_4,2,0,62,6,win,variable_2_4/repetition_1
23,2218,variable_2_4/repetition_1,bf23b43ba2e94b7d994bbae85dbabef5,variable_2_4,1,1,52,0,loss,variable_encoder_2_4/repetition_2
23,2219,variable_encoder_2_4/repetition_2,a665630867144200adb56738eed146da,variable_encoder_2_4,2,0,62,4,win,variable_2_4/repetition_1
23,2219,variable_2_4/repetition_1,bf23b43ba2e94b7d994bbae85dbabef5,variable_2_4,1,1,59,3,loss,variable_encoder_2_4/repetition_2
23,2220,variable_2_4/repetition_1,bf23b43ba2e94b7d994bbae85dbabef5,variable_2_4,1,0,41,3,loss,variable_encoder_2_4/repetition_2
23,2220,variable_encoder_2_4/repetition_2,a665630867144200adb56738eed146da,variable_encoder_2_4,2,1,54,3,win,variable_2_4/repetition_1
23,2221,variable_encoder_2_4/repetition_2,a665630867144200adb56738eed146da,variable_encoder_2_4,2,0,59,5,win,variable_2_4/repetition_1
23,2221,variable_2_4/repetition_1,bf23b43ba2e94b7d994bbae85dbabef5,variable_2_4,1,1,50,1,loss,variable_encoder_2_4/repetition_2
23,2222,variable_2_4/repetition_1,bf23b43ba2e94b7d994bbae85dbabef5,variable_2_4,1,0,52,1,win,variable_encoder_2_4/repetition_2
23,2222,variable_encoder_2_4/repetition_2,a665630867144200adb56738eed146da,variable_encoder_2_4,2,1,49,5,loss,variable_2_4/repetition_1
23,2223,variable_2_4/repetition_1,bf23b43ba2e94b7d994bbae85dbabef5,variable_2_4,1,0,54,2,loss,variable_encoder_2_4/repetition_2
23,2223,variable_encoder_2_4/repetition_2,a665630867144200adb56738eed146da,variable_encoder_2_4,2,1,71,4,win,variable_2_4/repetition_1
23,2224,variable_encoder_2_4/repetition_2,a665630867144200adb56738eed146da,variable_encoder_2_4,2,0,53,7,loss,variable_2_4/repetition_1
23,2224,variable_2_4/repetition_1,bf23b43ba2e94b7d994bbae85dbabef5,variable_2_4,1,1,61,1,win,variable_encoder_2_4/repetition_2
23,2225,variable_2_4/repetition_1,bf23b43ba2e94b7d994bbae85dbabef5,variable_2_4,1,0,53,0,loss,variable_encoder_2_4/repetition_2
23,2225,variable_encoder_2_4/repetition_2,a665630867144200adb56738eed146da,variable_encoder_2_4,2,1,56,8,win,variable_2_4/repetition_1
23,2226,variable_2_4/repetition_1,bf23b43ba2e94b7d994bbae85dbabef5,variable_2_4,1,0,47,1,loss,variable_encoder_2_4/repetition_2
23,2226,variable_encoder_2_4/repetition_2,a665630867144200adb56738eed146da,variable_encoder_2_4,2,1,51,5,win,variable_2_4/repetition_1
23,2227,variable_encoder_2_4/repetition_2,a665630867144200adb56738eed146da,variable_encoder_2_4,2,0,54,3,win,variable_2_4/repetition_1
23,2227,variable_2_4/repetition_1,bf23b43ba2e94b7d994bbae85dbabef5,variable_2_4,1,1,48,4,loss,variable_encoder_2_4/repetition_2
23,2228,variable_encoder_2_4/repetition_2,a665630867144200adb56738eed146da,variable_encoder_2_4,2,0,47,6,loss,variable_2_4/repetition_1
23,2228,variable_2_4/repetition_1,bf23b43ba2e94b7d994bbae85dbabef5,variable_2_4,1,1,55,0,win,variable_encoder_2_4/repetition_2
23,2229,variable_encoder_2_4/repetition_2,a665630867144200adb56738eed146da,variable_encoder_2_4,2,0,57,2,win,variable_2_4/repetition_1
23,2229,variable_2_4/repetition_1,bf23b43ba2e94b7d994bbae85dbabef5,variable_2_4,1,1,52,1,loss,variable_encoder_2_4/repetition_2
23,2230,variable_encoder_2_4/repetition_2,a665630867144200adb56738eed146da,variable_encoder_2_4,2,0,57,3,win,variable_2_4/repetition_1
23,2230,variable_2_4/repetition_1,bf23b43ba2e94b7d994bbae85dbabef5,variable_2_4,1,1,49,1,loss,variable_encoder_2_4/repetition_2
23,2231,variable_encoder_2_4/repetition_2,a665630867144200adb56738eed146da,variable_encoder_2_4,2,0,57,4,win,variable_2_4/repetition_1
23,2231,variable_2_4/repetition_1,bf23b43ba2e94b7d994bbae85dbabef5,variable_2_4,1,1,47,0,loss,variable_encoder_2_4/repetition_2
23,2232,variable_encoder_2_4/repetition_2,a665630867144200adb56738eed146da,variable_encoder_2_4,2,0,56,4,win,variable_2_4/repetition_1
23,2232,variable_2_4/repetition_1,bf23b43ba2e94b7d994bbae85dbabef5,variable_2_4,1,1,53,1,loss,variable_encoder_2_4/repetition_2
23,2233,variable_encoder_2_4/repetition_2,a665630867144200adb56738eed146da,variable_encoder_2_4,2,0,59,2,win,variable_2_4/repetition_1
23,2233,variable_2_4/repetition_1,bf23b43ba2e94b7d994bbae85dbabef5,variable_2_4,1,1,57,1,loss,variable_encoder_2_4/repetition_2
23,2234,variable_2_4/repetition_1,bf23b43ba2e94b7d994bbae85dbabef5,variable_2_4,1,0,55,0,loss,variable_encoder_2_4/repetition_2
23,2234,variable_encoder_2_4/repetition_2,a665630867144200adb56738eed146da,variable_encoder_2_4,2,1,55,6,win,variable_2_4/repetition_1
23,2235,variable_encoder_2_4/repetition_2,a665630867144200adb56738eed146da,variable_encoder_2_4,2,0,59,4,win,variable_2_4/repetition_1
23,2235,variable_2_4/repetition_1,bf23b43ba2e94b7d994bbae85dbabef5,variable_2_4,1,1,43,2,loss,variable_encoder_2_4/repetition_2
23,2236,variable_2_4/repetition_1,bf23b43ba2e94b7d994bbae85dbabef5,variable_2_4,1,0,49,2,loss,variable_encoder_2_4/repetition_2
23,2236,variable_encoder_2_4/repetition_2,a665630867144200adb56738eed146da,variable_encoder_2_4,2,1,61,4,win,variable_2_4/repetition_1
23,2237,variable_2_4/repetition_1,bf23b43ba2e94b7d994bbae85dbabef5,variable_2_4,1,0,60,1,loss,variable_encoder_2_4/repetition_2
23,2237,variable_encoder_2_4/repetition_2,a665630867144200adb56738eed146da,variable_encoder_2_4,2,1,69,4,win,variable_2_4/repetition_1
23,2238,variable_2_4/repetition_1,bf23b43ba2e94b7d994bbae85dbabef5,variable_2_4,1,0,44,1,loss,variable_encoder_2_4/repetition_2
23,2238,variable_encoder_2_4/repetition_2,a665630867144200adb56738eed146da,variable_encoder_2_4,2,1,54,5,win,variable_2_4/repetition_1
23,2239,variable_encoder_2_4/repetition_2,a665630867144200adb56738eed146da,variable_encoder_2_4,2,0,56,2,win,variable_2_4/repetition_1
23,2239,variable_2_4/repetition_1,bf23b43ba2e94b7d994bbae85dbabef5,variable_2_4,1,1,55,3,loss,variable_encoder_2_4/repetition_2
23,2240,variable_encoder_2_4/repetition_2,a665630867144200adb56738eed146da,variable_encoder_2_4,2,0,57,5,loss,variable_2_4/repetition_1
23,2240,variable_2_4/repetition_1,bf23b43ba2e94b7d994bbae85dbabef5,variable_2_4,1,1,60,1,win,variable_encoder_2_4/repetition_2
23,2241,variable_encoder_2_4/repetition_2,a665630867144200adb56738eed146da,variable_encoder_2_4,2,0,64,5,win,variable_2_4/repetition_1
23,2241,variable_2_4/repetition_1,bf23b43ba2e94b7d994bbae85dbabef5,variable_2_4,1,1,55,2,loss,variable_encoder_2_4/repetition_2
23,2242,variable_encoder_2_4/repetition_2,a665630867144200adb56738eed146da,variable_encoder_2_4,2,0,53,4,win,variable_2_4/repetition_1
23,2242,variable_2_4/repetition_1,bf23b43ba2e94b7d994bbae85dbabef5,variable_2_4,1,1,53,2,loss,variable_encoder_2_4/repetition_2
23,2243,variable_encoder_2_4/repetition_2,a665630867144200adb56738eed146da,variable_encoder_2_4,2,0,50,5,loss,variable_2_4/repetition_1
23,2243,variable_2_4/repetition_1,bf23b43ba2e94b7d994bbae85dbabef5,variable_2_4,1,1,59,0,win,variable_encoder_2_4/repetition_2
23,2244,variable_encoder_2_4/repetition_2,a665630867144200adb56738eed146da,variable_encoder_2_4,2,0,64,3,win,variable_2_4/repetition_1
23,2244,variable_2_4/repetition_1,bf23b43ba2e94b7d994bbae85dbabef5,variable_2_4,1,1,46,2,loss,variable_encoder_2_4/repetition_2
23,2245,variable_2_4/repetition_1,bf23b43ba2e94b7d994bbae85dbabef5,variable_2_4,1,0,59,0,win,variable_encoder_2_4/repetition_2
23,2245,variable_encoder_2_4/repetition_2,a665630867144200adb56738eed146da,variable_encoder_2_4,2,1,52,5,loss,variable_2_4/repetition_1
23,2246,variable_encoder_2_4/repetition_2,a665630867144200adb56738eed146da,variable_encoder_2_4,2,0,63,3,win,variable_2_4/repetition_1
23,2246,variable_2_4/repetition_1,bf23b43ba2e94b7d994bbae85dbabef5,variable_2_4,1,1,56,1,loss,variable_encoder_2_4/repetition_2
23,2247,variable_encoder_2_4/repetition_2,a665630867144200adb56738eed146da,variable_encoder_2_4,2,0,53,4,loss,variable_2_4/repetition_1
23,2247,variable_2_4/repetition_1,bf23b43ba2e94b7d994bbae85dbabef5,variable_2_4,1,1,56,2,win,variable_encoder_2_4/repetition_2
23,2248,variable_2_4/repetition_1,bf23b43ba2e94b7d994bbae85dbabef5,variable_2_4,1,0,54,2,loss,variable_encoder_2_4/repetition_2
23,2248,variable_encoder_2_4/repetition_2,a665630867144200adb56738eed146da,variable_encoder_2_4,2,1,58,4,win,variable_2_4/repetition_1
23,2249,variable_encoder_2_4/repetition_2,a665630867144200adb56738eed146da,variable_encoder_2_4,2,0,40,5,loss,variable_2_4/repetition_1
23,2249,variable_2_4/repetition_1,bf23b43ba2e94b7d994bbae85dbabef5,variable_2_4,1,1,56,1,win,variable_encoder_2_4/repetition_2
23,2250,variable_encoder_2_4/repetition_2,a665630867144200adb56738eed146da,variable_encoder_2_4,2,0,44,5,win,variable_2_4/repetition_1
23,2250,variable_2_4/repetition_1,bf23b43ba2e94b7d994bbae85dbabef5,variable_2_4,1,1,43,2,loss,variable_encoder_2_4/repetition_2
23,2251,variable_2_4/repetition_1,bf23b43ba2e94b7d994bbae85dbabef5,variable_2_4,1,0,58,2,loss,variable_encoder_2_4/repetition_2
23,2251,variable_encoder_2_4/repetition_2,a665630867144200adb56738eed146da,variable_encoder_2_4,2,1,69,3,win,variable_2_4/repetition_1
23,2252,variable_2_4/repetition_1,bf23b43ba2e94b7d994bbae85dbabef5,variable_2_4,1,0,62,1,win,variable_encoder_2_4/repetition_2
23,2252,variable_encoder_2_4/repetition_2,a665630867144200adb56738eed146da,variable_encoder_2_4,2,1,55,5,loss,variable_2_4/repetition_1
23,2253,variable_encoder_2_4/repetition_2,a665630867144200adb56738eed146da,variable_encoder_2_4,2,0,58,5,loss,variable_2_4/repetition_1
23,2253,variable_2_4/repetition_1,bf23b43ba2e94b7d994bbae85dbabef5,variable_2_4,1,1,59,1,win,variable_encoder_2_4/repetition_2
23,2254,variable_2_4/repetition_1,bf23b43ba2e94b7d994bbae85dbabef5,variable_2_4,1,0,36,1,loss,variable_encoder_2_4/repetition_2
23,2254,variable_encoder_2_4/repetition_2,a665630867144200adb56738eed146da,variable_encoder_2_4,2,1,61,4,win,variable_2_4/repetition_1
23,2255,variable_2_4/repetition_1,bf23b43ba2e94b7d994bbae85dbabef5,variable_2_4,1,0,40,1,loss,variable_encoder_2_4/repetition_2
23,2255,variable_encoder_2_4/repetition_2,a665630867144200adb56738eed146da,variable_encoder_2_4,2,1,45,5,win,variable_2_4/repetition_1
23,2256,variable_encoder_2_4/repetition_2,a665630867144200adb56738eed146da,variable_encoder_2_4,2,0,66,4,win,variable_2_4/repetition_1
23,2256,variable_2_4/repetition_1,bf23b43ba2e94b7d994bbae85dbabef5,variable_2_4,1,1,52,3,loss,variable_encoder_2_4/repetition_2
23,2257,variable_2_4/repetition_1,bf23b43ba2e94b7d994bbae85dbabef5,variable_2_4,1,0,59,1,win,variable_encoder_2_4/repetition_2
23,2257,variable_encoder_2_4/repetition_2,a665630867144200adb56738eed146da,variable_encoder_2_4,2,1,53,5,loss,variable_2_4/repetition_1
23,2258,variable_2_4/repetition_1,bf23b43ba2e94b7d994bbae85dbabef5,variable_2_4,1,0,51,1,win,variable_encoder_2_4/repetition_2
23,2258,variable_encoder_2_4/repetition_2,a665630867144200adb56738eed146da,variable_encoder_2_4,2,1,42,4,loss,variable_2_4/repetition_1
23,2259,variable_2_4/repetition_1,bf23b43ba2e94b7d994bbae85dbabef5,variable_2_4,1,0,52,0,loss,variable_encoder_2_4/repetition_2
23,2259,variable_encoder_2_4/repetition_2,a665630867144200adb56738eed146da,variable_encoder_2_4,2,1,54,5,win,variable_2_4/repetition_1
23,2260,variable_encoder_2_4/repetition_2,a665630867144200adb56738eed146da,variable_encoder_2_4,2,0,54,6,win,variable_2_4/repetition_1
23,2260,variable_2_4/repetition_1,bf23b43ba2e94b7d994bbae85dbabef5,variable_2_4,1,1,50,1,loss,variable_encoder_2_4/repetition_2
23,2261,variable_encoder_2_4/repetition_2,a665630867144200adb56738eed146da,variable_encoder_2_4,2,0,56,2,win,variable_2_4/repetition_1
23,2261,variable_2_4/repetition_1,bf23b43ba2e94b7d994bbae85dbabef5,variable_2_4,1,1,46,2,loss,variable_encoder_2_4/repetition_2
23,2262,variable_2_4/repetition_1,bf23b43ba2e94b7d994bbae85dbabef5,variable_2_4,1,0,49,2,loss,variable_encoder_2_4/repetition_2
23,2262,variable_encoder_2_4/repetition_2,a665630867144200adb56738eed146da,variable_encoder_2_4,2,1,59,4,win,variable_2_4/repetition_1
23,2263,variable_encoder_2_4/repetition_2,a665630867144200adb56738eed146da,variable_encoder_2_4,2,0,52,5,win,variable_2_4/repetition_1
23,2263,variable_2_4/repetition_1,bf23b43ba2e94b7d994bbae85dbabef5,variable_2_4,1,1,45,3,loss,variable_encoder_2_4/repetition_2
23,2264,variable_encoder_2_4/repetition_2,a665630867144200adb56738eed146da,variable_encoder_2_4,2,0,56,3,loss,variable_2_4/repetition_1
23,2264,variable_2_4/repetition_1,bf23b43ba2e94b7d994bbae85dbabef5,variable_2_4,1,1,64,1,win,variable_encoder_2_4/repetition_2
23,2265,variable_2_4/repetition_1,bf23b43ba2e94b7d994bbae85dbabef5,variable_2_4,1,0,52,1,loss,variable_encoder_2_4/repetition_2
23,2265,variable_encoder_2_4/repetition_2,a665630867144200adb56738eed146da,variable_encoder_2_4,2,1,57,6,win,variable_2_4/repetition_1
23,2266,variable_2_4/repetition_1,bf23b43ba2e94b7d994bbae85dbabef5,variable_2_4,1,0,56,2,win,variable_encoder_2_4/repetition_2
23,2266,variable_encoder_2_4/repetition_2,a665630867144200adb56738eed146da,variable_encoder_2_4,2,1,51,4,loss,variable_2_4/repetition_1
23,2267,variable_2_4/repetition_1,bf23b43ba2e94b7d994bbae85dbabef5,variable_2_4,1,0,55,0,loss,variable_encoder_2_4/repetition_2
23,2267,variable_encoder_2_4/repetition_2,a665630867144200adb56738eed146da,variable_encoder_2_4,2,1,56,6,win,variable_2_4/repetition_1
23,2268,variable_2_4/repetition_1,bf23b43ba2e94b7d994bbae85dbabef5,variable_2_4,1,0,55,0,loss,variable_encoder_2_4/repetition_2
23,2268,variable_encoder_2_4/repetition_2,a665630867144200adb56738eed146da,variable_encoder_2_4,2,1,59,6,win,variable_2_4/repetition_1
23,2269,variable_2_4/repetition_1,bf23b43ba2e94b7d994bbae85dbabef5,variable_2_4,1,0,51,1,loss,variable_encoder_2_4/repetition_2
23,2269,variable_encoder_2_4/repetition_2,a665630867144200adb56738eed146da,variable_encoder_2_4,2,1,57,6,win,variable_2_4/repetition_1
23,2270,variable_encoder_2_4/repetition_2,a665630867144200adb56738eed146da,variable_encoder_2_4,2,0,67,6,win,variable_2_4/repetition_1
23,2270,variable_2_4/repetition_1,bf23b43ba2e94b7d994bbae85dbabef5,variable_2_4,1,1,64,0,loss,variable_encoder_2_4/repetition_2
23,2271,variable_2_4/repetition_1,bf23b43ba2e94b7d994bbae85dbabef5,variable_2_4,1,0,36,1,loss,variable_encoder_2_4/repetition_2
23,2271,variable_encoder_2_4/repetition_2,a665630867144200adb56738eed146da,variable_encoder_2_4,2,1,58,5,win,variable_2_4/repetition_1
23,2272,variable_2_4/repetition_1,bf23b43ba2e94b7d994bbae85dbabef5,variable_2_4,1,0,47,1,loss,variable_encoder_2_4/repetition_2
23,2272,variable_encoder_2_4/repetition_2,a665630867144200adb56738eed146da,variable_encoder_2_4,2,1,53,4,win,variable_2_4/repetition_1
23,2273,variable_2_4/repetition_1,bf23b43ba2e94b7d994bbae85dbabef5,variable_2_4,1,0,38,3,loss,variable_encoder_2_4/repetition_2
23,2273,variable_encoder_2_4/repetition_2,a665630867144200adb56738eed146da,variable_encoder_2_4,2,1,40,5,win,variable_2_4/repetition_1
23,2274,variable_2_4/repetition_1,bf23b43ba2e94b7d994bbae85dbabef5,variable_2_4,1,0,58,3,win,variable_encoder_2_4/repetition_2
23,2274,variable_encoder_2_4/repetition_2,a665630867144200adb56738eed146da,variable_encoder_2_4,2,1,52,2,loss,variable_2_4/repetition_1
23,2275,variable_encoder_2_4/repetition_2,a665630867144200adb56738eed146da,variable_encoder_2_4,2,0,46,4,loss,variable_2_4/repetition_1
23,2275,variable_2_4/repetition_1,bf23b43ba2e94b7d994bbae85dbabef5,variable_2_4,1,1,47,3,win,variable_encoder_2_4/repetition_2
23,2276,variable_encoder_2_4/repetition_2,a665630867144200adb56738eed146da,variable_encoder_2_4,2,0,56,5,loss,variable_2_4/repetition_1
23,2276,variable_2_4/repetition_1,bf23b43ba2e94b7d994bbae85dbabef5,variable_2_4,1,1,60,0,win,variable_encoder_2_4/repetition_2
23,2277,variable_2_4/repetition_1,bf23b43ba2e94b7d994bbae85dbabef5,variable_2_4,1,0,43,1,win,variable_encoder_2_4/repetition_2
23,2277,variable_encoder_2_4/repetition_2,a665630867144200adb56738eed146da,variable_encoder_2_4,2,1,36,6,loss,variable_2_4/repetition_1
23,2278,variable_encoder_2_4/repetition_2,a665630867144200adb56738eed146da,variable_encoder_2_4,2,0,49,5,win,variable_2_4/repetition_1
23,2278,variable_2_4/repetition_1,bf23b43ba2e94b7d994bbae85dbabef5,variable_2_4,1,1,45,2,loss,variable_encoder_2_4/repetition_2
23,2279,variable_2_4/repetition_1,bf23b43ba2e94b7d994bbae85dbabef5,variable_2_4,1,0,47,2,loss,variable_encoder_2_4/repetition_2
23,2279,variable_encoder_2_4/repetition_2,a665630867144200adb56738eed146da,variable_encoder_2_4,2,1,48,4,win,variable_2_4/repetition_1
23,2280,variable_2_4/repetition_1,bf23b43ba2e94b7d994bbae85dbabef5,variable_2_4,1,0,52,3,loss,variable_encoder_2_4/repetition_2
23,2280,variable_encoder_2_4/repetition_2,a665630867144200adb56738eed146da,variable_encoder_2_4,2,1,55,4,win,variable_2_4/repetition_1
23,2281,variable_2_4/repetition_1,bf23b43ba2e94b7d994bbae85dbabef5,variable_2_4,1,0,41,2,loss,variable_encoder_2_4/repetition_2
23,2281,variable_encoder_2_4/repetition_2,a665630867144200adb56738eed146da,variable_encoder_2_4,2,1,57,5,win,variable_2_4/repetition_1
23,2282,variable_encoder_2_4/repetition_2,a665630867144200adb56738eed146da,variable_encoder_2_4,2,0,54,5,loss,variable_2_4/repetition_1
23,2282,variable_2_4/repetition_1,bf23b43ba2e94b7d994bbae85dbabef5,variable_2_4,1,1,57,1,win,variable_encoder_2_4/repetition_2
23,2283,variable_encoder_2_4/repetition_2,a665630867144200adb56738eed146da,variable_encoder_2_4,2,0,63,4,win,variable_2_4/repetition_1
23,2283,variable_2_4/repetition_1,bf23b43ba2e94b7d994bbae85dbabef5,variable_2_4,1,1,61,1,loss,variable_encoder_2_4/repetition_2
23,2284,variable_2_4/repetition_1,bf23b43ba2e94b7d994bbae85dbabef5,variable_2_4,1,0,55,1,win,variable_encoder_2_4/repetition_2
23,2284,variable_encoder_2_4/repetition_2,a665630867144200adb56738eed146da,variable_encoder_2_4,2,1,50,3,loss,variable_2_4/repetition_1
23,2285,variable_encoder_2_4/repetition_2,a665630867144200adb56738eed146da,variable_encoder_2_4,2,0,54,3,win,variable_2_4/repetition_1
23,2285,variable_2_4/repetition_1,bf23b43ba2e94b7d994bbae85dbabef5,variable_2_4,1,1,47,1,loss,variable_encoder_2_4/repetition_2
23,2286,variable_2_4/repetition_1,bf23b43ba2e94b7d994bbae85dbabef5,variable_2_4,1,0,60,1,win,variable_encoder_2_4/repetition_2
23,2286,variable_encoder_2_4/repetition_2,a665630867144200adb56738eed146da,variable_encoder_2_4,2,1,52,4,loss,variable_2_4/repetition_1
23,2287,variable_encoder_2_4/repetition_2,a665630867144200adb56738eed146da,variable_encoder_2_4,2,0,62,3,win,variable_2_4/repetition_1
23,2287,variable_2_4/repetition_1,bf23b43ba2e94b7d994bbae85dbabef5,variable_2_4,1,1,49,3,loss,variable_encoder_2_4/repetition_2
23,2288,variable_2_4/repetition_1,bf23b43ba2e94b7d994bbae85dbabef5,variable_2_4,1,0,51,1,loss,variable_encoder_2_4/repetition_2
23,2288,variable_encoder_2_4/repetition_2,a665630867144200adb56738eed146da,variable_encoder_2_4,2,1,61,5,win,variable_2_4/repetition_1
23,2289,variable_2_4/repetition_1,bf23b43ba2e94b7d994bbae85dbabef5,variable_2_4,1,0,61,3,loss,variable_encoder_2_4/repetition_2
23,2289,variable_encoder_2_4/repetition_2,a665630867144200adb56738eed146da,variable_encoder_2_4,2,1,67,3,win,variable_2_4/repetition_1
23,2290,variable_encoder_2_4/repetition_2,a665630867144200adb56738eed146da,variable_encoder_2_4,2,0,67,2,win,variable_2_4/repetition_1
23,2290,variable_2_4/repetition_1,bf23b43ba2e94b7d994bbae85dbabef5,variable_2_4,1,1,63,1,loss,variable_encoder_2_4/repetition_2
23,2291,variable_encoder_2_4/repetition_2,a665630867144200adb56738eed146da,variable_encoder_2_4,2,0,53,5,win,variable_2_4/repetition_1
23,2291,variable_2_4/repetition_1,bf23b43ba2e94b7d994bbae85dbabef5,variable_2_4,1,1,42,2,loss,variable_encoder_2_4/repetition_2
23,2292,variable_2_4/repetition_1,bf23b43ba2e94b7d994bbae85dbabef5,variable_2_4,1,0,47,3,loss,variable_encoder_2_4/repetition_2
23,2292,variable_encoder_2_4/repetition_2,a665630867144200adb56738eed146da,variable_encoder_2_4,2,1,63,3,win,variable_2_4/repetition_1
23,2293,variable_encoder_2_4/repetition_2,a665630867144200adb56738eed146da,variable_encoder_2_4,2,0,61,5,win,variable_2_4/repetition_1
23,2293,variable_2_4/repetition_1,bf23b43ba2e94b7d994bbae85dbabef5,variable_2_4,1,1,47,3,loss,variable_encoder_2_4/repetition_2
23,2294,variable_2_4/repetition_1,bf23b43ba2e94b7d994bbae85dbabef5,variable_2_4,1,0,46,1,loss,variable_encoder_2_4/repetition_2
23,2294,variable_encoder_2_4/repetition_2,a665630867144200adb56738eed146da,variable_encoder_2_4,2,1,46,5,win,variable_2_4/repetition_1
23,2295,variable_encoder_2_4/repetition_2,a665630867144200adb56738eed146da,variable_encoder_2_4,2,0,50,5,win,variable_2_4/repetition_1
23,2295,variable_2_4/repetition_1,bf23b43ba2e94b7d994bbae85dbabef5,variable_2_4,1,1,48,1,loss,variable_encoder_2_4/repetition_2
23,2296,variable_2_4/repetition_1,bf23b43ba2e94b7d994bbae85dbabef5,variable_2_4,1,0,57,2,loss,variable_encoder_2_4/repetition_2
23,2296,variable_encoder_2_4/repetition_2,a665630867144200adb56738eed146da,variable_encoder_2_4,2,1,58,3,win,variable_2_4/repetition_1
23,2297,variable_2_4/repetition_1,bf23b43ba2e94b7d994bbae85dbabef5,variable_2_4,1,0,54,1,loss,variable_encoder_2_4/repetition_2
23,2297,variable_encoder_2_4/repetition_2,a665630867144200adb56738eed146da,variable_encoder_2_4,2,1,65,3,win,variable_2_4/repetition_1
23,2298,variable_2_4/repetition_1,bf23b43ba2e94b7d994bbae85dbabef5,variable_2_4,1,0,42,1,loss,variable_encoder_2_4/repetition_2
23,2298,variable_encoder_2_4/repetition_2,a665630867144200adb56738eed146da,variable_encoder_2_4,2,1,52,4,win,variable_2_4/repetition_1
23,2299,variable_2_4/repetition_1,bf23b43ba2e94b7d994bbae85dbabef5,variable_2_4,1,0,42,1,loss,variable_encoder_2_4/repetition_2
23,2299,variable_encoder_2_4/repetition_2,a665630867144200adb56738eed146da,variable_encoder_2_4,2,1,44,5,win,variable_2_4/repetition_1
23,2300,variable_encoder_2_4/repetition_2,a665630867144200adb56738eed146da,variable_encoder_2_4,2,0,59,3,win,variable_2_4/repetition_1
23,2300,variable_2_4/repetition_1,bf23b43ba2e94b7d994bbae85dbabef5,variable_2_4,1,1,42,1,loss,variable_encoder_2_4/repetition_2
24,2301,variable_encoder_2_4/repetition_3,ff7c9e64890348edad17616988967f76,variable_encoder_2_4,3,0,50,5,win,variable_2_4/repetition_1
24,2301,variable_2_4/repetition_1,bf23b43ba2e94b7d994bbae85dbabef5,variable_2_4,1,1,48,2,loss,variable_encoder_2_4/repetition_3
24,2302,variable_encoder_2_4/repetition_3,ff7c9e64890348edad17616988967f76,variable_encoder_2_4,3,0,61,4,win,variable_2_4/repetition_1
24,2302,variable_2_4/repetition_1,bf23b43ba2e94b7d994bbae85dbabef5,variable_2_4,1,1,55,1,loss,variable_encoder_2_4/repetition_3
24,2303,variable_encoder_2_4/repetition_3,ff7c9e64890348edad17616988967f76,variable_encoder_2_4,3,0,60,4,win,variable_2_4/repetition_1
24,2303,variable_2_4/repetition_1,bf23b43ba2e94b7d994bbae85dbabef5,variable_2_4,1,1,49,2,loss,variable_encoder_2_4/repetition_3
24,2304,variable_2_4/repetition_1,bf23b43ba2e94b7d994bbae85dbabef5,variable_2_4,1,0,44,1,loss,variable_encoder_2_4/repetition_3
24,2304,variable_encoder_2_4/repetition_3,ff7c9e64890348edad17616988967f76,variable_encoder_2_4,3,1,55,3,win,variable_2_4/repetition_1
24,2305,variable_2_4/repetition_1,bf23b43ba2e94b7d994bbae85dbabef5,variable_2_4,1,0,62,1,win,variable_encoder_2_4/repetition_3
24,2305,variable_encoder_2_4/repetition_3,ff7c9e64890348edad17616988967f76,variable_encoder_2_4,3,1,61,1,loss,variable_2_4/repetition_1
24,2306,variable_2_4/repetition_1,bf23b43ba2e94b7d994bbae85dbabef5,variable_2_4,1,0,41,2,loss,variable_encoder_2_4/repetition_3
24,2306,variable_encoder_2_4/repetition_3,ff7c9e64890348edad17616988967f76,variable_encoder_2_4,3,1,50,5,win,variable_2_4/repetition_1
24,2307,variable_2_4/repetition_1,bf23b43ba2e94b7d994bbae85dbabef5,variable_2_4,1,0,48,1,loss,variable_encoder_2_4/repetition_3
24,2307,variable_encoder_2_4/repetition_3,ff7c9e64890348edad17616988967f76,variable_encoder_2_4,3,1,61,4,win,variable_2_4/repetition_1
24,2308,variable_2_4/repetition_1,bf23b43ba2e94b7d994bbae85dbabef5,variable_2_4,1,0,48,2,loss,variable_encoder_2_4/repetition_3
24,2308,variable_encoder_2_4/repetition_3,ff7c9e64890348edad17616988967f76,variable_encoder_2_4,3,1,63,4,win,variable_2_4/repetition_1
24,2309,variable_encoder_2_4/repetition_3,ff7c9e64890348edad17616988967f76,variable_encoder_2_4,3,0,58,5,win,variable_2_4/repetition_1
24,2309,variable_2_4/repetition_1,bf23b43ba2e94b7d994bbae85dbabef5,variable_2_4,1,1,58,1,loss,variable_encoder_2_4/repetition_3
24,2310,variable_encoder_2_4/repetition_3,ff7c9e64890348edad17616988967f76,variable_encoder_2_4,3,0,45,6,loss,variable_2_4/repetition_1
24,2310,variable_2_4/repetition_1,bf23b43ba2e94b7d994bbae85dbabef5,variable_2_4,1,1,50,3,win,variable_encoder_2_4/repetition_3
24,2311,variable_encoder_2_4/repetition_3,ff7c9e64890348edad17616988967f76,variable_encoder_2_4,3,0,51,3,win,variable_2_4/repetition_1
24,2311,variable_2_4/repetition_1,bf23b43ba2e94b7d994bbae85dbabef5,variable_2_4,1,1,46,0,loss,variable_encoder_2_4/repetition_3
24,2312,variable_2_4/repetition_1,bf23b43ba2e94b7d994bbae85dbabef5,variable_2_4,1,0,54,1,win,variable_encoder_2_4/repetition_3
24,2312,variable_encoder_2_4/repetition_3,ff7c9e64890348edad17616988967f76,variable_encoder_2_4,3,1,53,5,loss,variable_2_4/repetition_1
24,2313,variable_2_4/repetition_1,bf23b43ba2e94b7d994bbae85dbabef5,variable_2_4,1,0,38,2,loss,variable_encoder_2_4/repetition_3
24,2313,variable_encoder_2_4/repetition_3,ff7c9e64890348edad17616988967f76,variable_encoder_2_4,3,1,50,5,win,variable_2_4/repetition_1
24,2314,variable_2_4/repetition_1,bf23b43ba2e94b7d994bbae85dbabef5,variable_2_4,1,0,48,2,win,variable_encoder_2_4/repetition_3
24,2314,variable_encoder_2_4/repetition_3,ff7c9e64890348edad17616988967f76,variable_encoder_2_4,3,1,46,5,loss,variable_2_4/repetition_1
24,2315,variable_encoder_2_4/repetition_3,ff7c9e64890348edad17616988967f76,variable_encoder_2_4,3,0,53,5,win,variable_2_4/repetition_1
24,2315,variable_2_4/repetition_1,bf23b43ba2e94b7d994bbae85dbabef5,variable_2_4,1,1,51,1,loss,variable_encoder_2_4/repetition_3
24,2316,variable_encoder_2_4/repetition_3,ff7c9e64890348edad17616988967f76,variable_encoder_2_4,3,0,58,3,win,variable_2_4/repetition_1
24,2316,variable_2_4/repetition_1,bf23b43ba2e94b7d994bbae85dbabef5,variable_2_4,1,1,47,2,loss,variable_encoder_2_4/repetition_3
24,2317,variable_2_4/repetition_1,bf23b43ba2e94b7d994bbae85dbabef5,variable_2_4,1,0,50,1,loss,variable_encoder_2_4/repetition_3
24,2317,variable_encoder_2_4/repetition_3,ff7c9e64890348edad17616988967f76,variable_encoder_2_4,3,1,54,3,win,variable_2_4/repetition_1
24,2318,variable_encoder_2_4/repetition_3,ff7c9e64890348edad17616988967f76,variable_encoder_2_4,3,0,54,4,loss,variable_2_4/repetition_1
24,2318,variable_2_4/repetition_1,bf23b43ba2e94b7d994bbae85dbabef5,variable_2_4,1,1,57,2,win,variable_encoder_2_4/repetition_3
24,2319,variable_encoder_2_4/repetition_3,ff7c9e64890348edad17616988967f76,variable_encoder_2_4,3,0,57,4,loss,variable_2_4/repetition_1
24,2319,variable_2_4/repetition_1,bf23b43ba2e94b7d994bbae85dbabef5,variable_2_4,1,1,62,0,win,variable_encoder_2_4/repetition_3
24,2320,variable_2_4/repetition_1,bf23b43ba2e94b7d994bbae85dbabef5,variable_2_4,1,0,60,2,win,variable_encoder_2_4/repetition_3
24,2320,variable_encoder_2_4/repetition_3,ff7c9e64890348edad17616988967f76,variable_encoder_2_4,3,1,49,6,loss,variable_2_4/repetition_1
24,2321,variable_2_4/repetition_1,bf23b43ba2e94b7d994bbae85dbabef5,variable_2_4,1,0,55,1,loss,variable_encoder_2_4/repetition_3
24,2321,variable_encoder_2_4/repetition_3,ff7c9e64890348edad17616988967f76,variable_encoder_2_4,3,1,58,4,win,variable_2_4/repetition_1
24,2322,variable_encoder_2_4/repetition_3,ff7c9e64890348edad17616988967f76,variable_encoder_2_4,3,0,64,4,win,variable_2_4/repetition_1
24,2322,variable_2_4/repetition_1,bf23b43ba2e94b7d994bbae85dbabef5,variable_2_4,1,1,53,1,loss,variable_encoder_2_4/repetition_3
24,2323,variable_2_4/repetition_1,bf23b43ba2e94b7d994bbae85dbabef5,variable_2_4,1,0,57,1,win,variable_encoder_2_4/repetition_3
24,2323,variable_encoder_2_4/repetition_3,ff7c9e64890348edad17616988967f76,variable_encoder_2_4,3,1,44,6,loss,variable_2_4/repetition_1
24,2324,variable_encoder_2_4/repetition_3,ff7c9e64890348edad17616988967f76,variable_encoder_2_4,3,0,62,5,win,variable_2_4/repetition_1
24,2324,variable_2_4/repetition_1,bf23b43ba2e94b7d994bbae85dbabef5,variable_2_4,1,1,55,1,loss,variable_encoder_2_4/repetition_3
24,2325,variable_encoder_2_4/repetition_3,ff7c9e64890348edad17616988967f76,variable_encoder_2_4,3,0,55,4,win,variable_2_4/repetition_1
24,2325,variable_2_4/repetition_1,bf23b43ba2e94b7d994bbae85dbabef5,variable_2_4,1,1,49,1,loss,variable_encoder_2_4/repetition_3
24,2326,variable_encoder_2_4/repetition_3,ff7c9e64890348edad17616988967f76,variable_encoder_2_4,3,0,48,8,loss,variable_2_4/repetition_1
24,2326,variable_2_4/repetition_1,bf23b43ba2e94b7d994bbae85dbabef5,variable_2_4,1,1,59,0,win,variable_encoder_2_4/repetition_3
24,2327,variable_2_4/repetition_1,bf23b43ba2e94b7d994bbae85dbabef5,variable_2_4,1,0,56,2,loss,variable_encoder_2_4/repetition_3
24,2327,variable_encoder_2_4/repetition_3,ff7c9e64890348edad17616988967f76,variable_encoder_2_4,3,1,57,3,win,variable_2_4/repetition_1
24,2328,variable_encoder_2_4/repetition_3,ff7c9e64890348edad17616988967f76,variable_encoder_2_4,3,0,65,3,win,variable_2_4/repetition_1
24,2328,variable_2_4/repetition_1,bf23b43ba2e94b7d994bbae85dbabef5,variable_2_4,1,1,53,1,loss,variable_encoder_2_4/repetition_3
24,2329,variable_2_4/repetition_1,bf23b43ba2e94b7d994bbae85dbabef5,variable_2_4,1,0,62,1,loss,variable_encoder_2_4/repetition_3
24,2329,variable_encoder_2_4/repetition_3,ff7c9e64890348edad17616988967f76,variable_encoder_2_4,3,1,65,4,win,variable_2_4/repetition_1
24,2330,variable_encoder_2_4/repetition_3,ff7c9e64890348edad17616988967f76,variable_encoder_2_4,3,0,62,3,win,variable_2_4/repetition_1
24,2330,variable_2_4/repetition_1,bf23b43ba2e94b7d994bbae85dbabef5,variable_2_4,1,1,58,2,loss,variable_encoder_2_4/repetition_3
24,2331,variable_2_4/repetition_1,bf23b43ba2e94b7d994bbae85dbabef5,variable_2_4,1,0,54,0,loss,variable_encoder_2_4/repetition_3
24,2331,variable_encoder_2_4/repetition_3,ff7c9e64890348edad17616988967f76,variable_encoder_2_4,3,1,65,5,win,variable_2_4/repetition_1
24,2332,variable_encoder_2_4/repetition_3,ff7c9e64890348edad17616988967f76,variable_encoder_2_4,3,0,64,5,win,variable_2_4/repetition_1
24,2332,variable_2_4/repetition_1,bf23b43ba2e94b7d994bbae85dbabef5,variable_2_4,1,1,52,2,loss,variable_encoder_2_4/repetition_3
24,2333,variable_2_4/repetition_1,bf23b43ba2e94b7d994bbae85dbabef5,variable_2_4,1,0,50,1,loss,variable_encoder_2_4/repetition_3
24,2333,variable_encoder_2_4/repetition_3,ff7c9e64890348edad17616988967f76,variable_encoder_2_4,3,1,62,3,win,variable_2_4/repetition_1
24,2334,variable_2_4/repetition_1,bf23b43ba2e94b7d994bbae85dbabef5,variable_2_4,1,0,60,4,win,variable_encoder_2_4/repetition_3
24,2334,variable_encoder_2_4/repetition_3,ff7c9e64890348edad17616988967f76,variable_encoder_2_4,3,1,57,6,loss,variable_2_4/repetition_1
24,2335,variable_2_4/repetition_1,bf23b43ba2e94b7d994bbae85dbabef5,variable_2_4,1,0,53,0,loss,variable_encoder_2_4/repetition_3
24,2335,variable_encoder_2_4/repetition_3,ff7c9e64890348edad17616988967f76,variable_encoder_2_4,3,1,60,2,win,variable_2_4/repetition_1
24,2336,variable_encoder_2_4/repetition_3,ff7c9e64890348edad17616988967f76,variable_encoder_2_4,3,0,50,2,loss,variable_2_4/repetition_1
24,2336,variable_2_4/repetition_1,bf23b43ba2e94b7d994bbae85dbabef5,variable_2_4,1,1,60,2,win,variable_encoder_2_4/repetition_3
24,2337,variable_encoder_2_4/repetition_3,ff7c9e64890348edad17616988967f76,variable_encoder_2_4,3,0,63,5,win,variable_2_4/repetition_1
24,2337,variable_2_4/repetition_1,bf23b43ba2e94b7d994bbae85dbabef5,variable_2_4,1,1,29,2,loss,variable_encoder_2_4/repetition_3
24,2338,variable_encoder_2_4/repetition_3,ff7c9e64890348edad17616988967f76,variable_encoder_2_4,3,0,65,5,win,variable_2_4/repetition_1
24,2338,variable_2_4/repetition_1,bf23b43ba2e94b7d994bbae85dbabef5,variable_2_4,1,1,51,0,loss,variable_encoder_2_4/repetition_3
24,2339,variable_2_4/repetition_1,bf23b43ba2e94b7d994bbae85dbabef5,variable_2_4,1,0,39,2,loss,variable_encoder_2_4/repetition_3
24,2339,variable_encoder_2_4/repetition_3,ff7c9e64890348edad17616988967f76,variable_encoder_2_4,3,1,55,4,win,variable_2_4/repetition_1
24,2340,variable_encoder_2_4/repetition_3,ff7c9e64890348edad17616988967f76,variable_encoder_2_4,3,0,54,5,win,variable_2_4/repetition_1
24,2340,variable_2_4/repetition_1,bf23b43ba2e94b7d994bbae85dbabef5,variable_2_4,1,1,46,2,loss,variable_encoder_2_4/repetition_3
24,2341,variable_2_4/repetition_1,bf23b43ba2e94b7d994bbae85dbabef5,variable_2_4,1,0,57,0,loss,variable_encoder_2_4/repetition_3
24,2341,variable_encoder_2_4/repetition_3,ff7c9e64890348edad17616988967f76,variable_encoder_2_4,3,1,65,2,win,variable_2_4/repetition_1
24,2342,variable_2_4/repetition_1,bf23b43ba2e94b7d994bbae85dbabef5,variable_2_4,1,0,54,2,loss,variable_encoder_2_4/repetition_3
24,2342,variable_encoder_2_4/repetition_3,ff7c9e64890348edad17616988967f76,variable_encoder_2_4,3,1,58,3,win,variable_2_4/repetition_1
24,2343,variable_encoder_2_4/repetition_3,ff7c9e64890348edad17616988967f76,variable_encoder_2_4,3,0,48,4,loss,variable_2_4/repetition_1
24,2343,variable_2_4/repetition_1,bf23b43ba2e94b7d994bbae85dbabef5,variable_2_4,1,1,54,2,win,variable_encoder_2_4/repetition_3
24,2344,variable_2_4/repetition_1,bf23b43ba2e94b7d994bbae85dbabef5,variable_2_4,1,0,44,1,loss,variable_encoder_2_4/repetition_3
24,2344,variable_encoder_2_4/repetition_3,ff7c9e64890348edad17616988967f76,variable_encoder_2_4,3,1,56,4,win,variable_2_4/repetition_1
24,2345,variable_encoder_2_4/repetition_3,ff7c9e64890348edad17616988967f76,variable_encoder_2_4,3,0,52,6,win,variable_2_4/repetition_1
24,2345,variable_2_4/repetition_1,bf23b43ba2e94b7d994bbae85dbabef5,variable_2_4,1,1,48,0,loss,variable_encoder_2_4/repetition_3
24,2346,variable_2_4/repetition_1,bf23b43ba2e94b7d994bbae85dbabef5,variable_2_4,1,0,40,2,loss,variable_encoder_2_4/repetition_3
24,2346,variable_encoder_2_4/repetition_3,ff7c9e64890348edad17616988967f76,variable_encoder_2_4,3,1,55,2,win,variable_2_4/repetition_1
24,2347,variable_2_4/repetition_1,bf23b43ba2e94b7d994bbae85dbabef5,variable_2_4,1,0,48,2,win,variable_encoder_2_4/repetition_3
24,2347,variable_encoder_2_4/repetition_3,ff7c9e64890348edad17616988967f76,variable_encoder_2_4,3,1,45,5,loss,variable_2_4/repetition_1
24,2348,variable_encoder_2_4/repetition_3,ff7c9e64890348edad17616988967f76,variable_encoder_2_4,3,0,43,5,loss,variable_2_4/repetition_1
24,2348,variable_2_4/repetition_1,bf23b43ba2e94b7d994bbae85dbabef5,variable_2_4,1,1,53,2,win,variable_encoder_2_4/repetition_3
24,2349,variable_2_4/repetition_1,bf23b43ba2e94b7d994bbae85dbabef5,variable_2_4,1,0,51,0,loss,variable_encoder_2_4/repetition_3
24,2349,variable_encoder_2_4/repetition_3,ff7c9e64890348edad17616988967f76,variable_encoder_2_4,3,1,65,5,win,variable_2_4/repetition_1
24,2350,variable_encoder_2_4/repetition_3,ff7c9e64890348edad17616988967f76,variable_encoder_2_4,3,0,58,3,win,variable_2_4/repetition_1
24,2350,variable_2_4/repetition_1,bf23b43ba2e94b7d994bbae85dbabef5,variable_2_4,1,1,42,2,loss,variable_encoder_2_4/repetition_3
24,2351,variable_2_4/repetition_1,bf23b43ba2e94b7d994bbae85dbabef5,variable_2_4,1,0,52,2,loss,variable_encoder_2_4/repetition_3
24,2351,variable_encoder_2_4/repetition_3,ff7c9e64890348edad17616988967f76,variable_encoder_2_4,3,1,61,4,win,variable_2_4/repetition_1
24,2352,variable_encoder_2_4/repetition_3,ff7c9e64890348edad17616988967f76,variable_encoder_2_4,3,0,55,3,loss,variable_2_4/repetition_1
24,2352,variable_2_4/repetition_1,bf23b43ba2e94b7d994bbae85dbabef5,variable_2_4,1,1,63,1,win,variable_encoder_2_4/repetition_3
24,2353,variable_2_4/repetition_1,bf23b43ba2e94b7d994bbae85dbabef5,variable_2_4,1,0,50,0,loss,variable_encoder_2_4/repetition_3
24,2353,variable_encoder_2_4/repetition_3,ff7c9e64890348edad17616988967f76,variable_encoder_2_4,3,1,57,3,win,variable_2_4/repetition_1
24,2354,variable_encoder_2_4/repetition_3,ff7c9e64890348edad17616988967f76,variable_encoder_2_4,3,0,56,4,loss,variable_2_4/repetition_1
24,2354,variable_2_4/repetition_1,bf23b43ba2e94b7d994bbae85dbabef5,variable_2_4,1,1,61,2,win,variable_encoder_2_4/repetition_3
24,2355,variable_2_4/repetition_1,bf23b43ba2e94b7d994bbae85dbabef5,variable_2_4,1,0,61,1,loss,variable_encoder_2_4/repetition_3
24,2355,variable_encoder_2_4/repetition_3,ff7c9e64890348edad17616988967f76,variable_encoder_2_4,3,1,64,6,win,variable_2_4/repetition_1
24,2356,variable_encoder_2_4/repetition_3,ff7c9e64890348edad17616988967f76,variable_encoder_2_4,3,0,53,5,loss,variable_2_4/repetition_1
24,2356,variable_2_4/repetition_1,bf23b43ba2e94b7d994bbae85dbabef5,variable_2_4,1,1,56,1,win,variable_encoder_2_4/repetition_3
24,2357,variable_2_4/repetition_1,bf23b43ba2e94b7d994bbae85dbabef5,variable_2_4,1,0,55,1,win,variable_encoder_2_4/repetition_3
24,2357,variable_encoder_2_4/repetition_3,ff7c9e64890348edad17616988967f76,variable_encoder_2_4,3,1,54,6,loss,variable_2_4/repetition_1
24,2358,variable_2_4/repetition_1,bf23b43ba2e94b7d994bbae85dbabef5,variable_2_4,1,0,51,1,win,variable_encoder_2_4/repetition_3
24,2358,variable_encoder_2_4/repetition_3,ff7c9e64890348edad17616988967f76,variable_encoder_2_4,3,1,50,5,loss,variable_2_4/repetition_1
24,2359,variable_encoder_2_4/repetition_3,ff7c9e64890348edad17616988967f76,variable_encoder_2_4,3,0,61,5,win,variable_2_4/repetition_1
24,2359,variable_2_4/repetition_1,bf23b43ba2e94b7d994bbae85dbabef5,variable_2_4,1,1,56,1,loss,variable_encoder_2_4/repetition_3
24,2360,variable_2_4/repetition_1,bf23b43ba2e94b7d994bbae85dbabef5,variable_2_4,1,0,35,2,loss,variable_encoder_2_4/repetition_3
24,2360,variable_encoder_2_4/repetition_3,ff7c9e64890348edad17616988967f76,variable_encoder_2_4,3,1,45,5,win,variable_2_4/repetition_1
24,2361,variable_2_4/repetition_1,bf23b43ba2e94b7d994bbae85dbabef5,variable_2_4,1,0,62,2,loss,variable_encoder_2_4/repetition_3
24,2361,variable_encoder_2_4/repetition_3,ff7c9e64890348edad17616988967f76,variable_encoder_2_4,3,1,62,4,win,variable_2_4/repetition_1
24,2362,variable_encoder_2_4/repetition_3,ff7c9e64890348edad17616988967f76,variable_encoder_2_4,3,0,64,4,win,variable_2_4/repetition_1
24,2362,variable_2_4/repetition_1,bf23b43ba2e94b7d994bbae85dbabef5,variable_2_4,1,1,48,1,loss,variable_encoder_2_4/repetition_3
24,2363,variable_2_4/repetition_1,bf23b43ba2e94b7d994bbae85dbabef5,variable_2_4,1,0,57,0,win,variable_encoder_2_4/repetition_3
24,2363,variable_encoder_2_4/repetition_3,ff7c9e64890348edad17616988967f76,variable_encoder_2_4,3,1,48,8,loss,variable_2_4/repetition_1
24,2364,variable_encoder_2_4/repetition_3,ff7c9e64890348edad17616988967f76,variable_encoder_2_4,3,0,49,7,win,variable_2_4/repetition_1
24,2364,variable_2_4/repetition_1,bf23b43ba2e94b7d994bbae85dbabef5,variable_2_4,1,1,48,2,loss,variable_encoder_2_4/repetition_3
24,2365,variable_encoder_2_4/repetition_3,ff7c9e64890348edad17616988967f76,variable_encoder_2_4,3,0,53,5,win,variable_2_4/repetition_1
24,2365,variable_2_4/repetition_1,bf23b43ba2e94b7d994bbae85dbabef5,variable_2_4,1,1,52,2,loss,variable_encoder_2_4/repetition_3
24,2366,variable_2_4/repetition_1,bf23b43ba2e94b7d994bbae85dbabef5,variable_2_4,1,0,40,2,loss,variable_encoder_2_4/repetition_3
24,2366,variable_encoder_2_4/repetition_3,ff7c9e64890348edad17616988967f76,variable_encoder_2_4,3,1,46,5,win,variable_2_4/repetition_1
24,2367,variable_2_4/repetition_1,bf23b43ba2e94b7d994bbae85dbabef5,variable_2_4,1,0,57,1,loss,variable_encoder_2_4/repetition_3
24,2367,variable_encoder_2_4/repetition_3,ff7c9e64890348edad17616988967f76,variable_encoder_2_4,3,1,67,2,win,variable_2_4/repetition_1
24,2368,variable_2_4/repetition_1,bf23b43ba2e94b7d994bbae85dbabef5,variable_2_4,1,0,53,2,loss,variable_encoder_2_4/repetition_3
24,2368,variable_encoder_2_4/repetition_3,ff7c9e64890348edad17616988967f76,variable_encoder_2_4,3,1,67,4,win,variable_2_4/repetition_1
24,2369,variable_2_4/repetition_1,bf23b43ba2e94b7d994bbae85dbabef5,variable_2_4,1,0,50,1,loss,variable_encoder_2_4/repetition_3
24,2369,variable_encoder_2_4/repetition_3,ff7c9e64890348edad17616988967f76,variable_encoder_2_4,3,1,62,5,win,variable_2_4/repetition_1
24,2370,variable_2_4/repetition_1,bf23b43ba2e94b7d994bbae85dbabef5,variable_2_4,1,0,51,1,loss,variable_encoder_2_4/repetition_3
24,2370,variable_encoder_2_4/repetition_3,ff7c9e64890348edad17616988967f76,variable_encoder_2_4,3,1,52,2,win,variable_2_4/repetition_1
24,2371,variable_encoder_2_4/repetition_3,ff7c9e64890348edad17616988967f76,variable_encoder_2_4,3,0,50,3,loss,variable_2_4/repetition_1
24,2371,variable_2_4/repetition_1,bf23b43ba2e94b7d994bbae85dbabef5,variable_2_4,1,1,51,1,win,variable_encoder_2_4/repetition_3
24,2372,variable_2_4/repetition_1,bf23b43ba2e94b7d994bbae85dbabef5,variable_2_4,1,0,50,1,loss,variable_encoder_2_4/repetition_3
24,2372,variable_encoder_2_4/repetition_3,ff7c9e64890348edad17616988967f76,variable_encoder_2_4,3,1,62,3,win,variable_2_4/repetition_1
24,2373,variable_2_4/repetition_1,bf23b43ba2e94b7d994bbae85dbabef5,variable_2_4,1,0,60,1,win,variable_encoder_2_4/repetition_3
24,2373,variable_encoder_2_4/repetition_3,ff7c9e64890348edad17616988967f76,variable_encoder_2_4,3,1,59,4,loss,variable_2_4/repetition_1
24,2374,variable_encoder_2_4/repetition_3,ff7c9e64890348edad17616988967f76,variable_encoder_2_4,3,0,64,3,win,variable_2_4/repetition_1
24,2374,variable_2_4/repetition_1,bf23b43ba2e94b7d994bbae85dbabef5,variable_2_4,1,1,59,2,loss,variable_encoder_2_4/repetition_3
24,2375,variable_2_4/repetition_1,bf23b43ba2e94b7d994bbae85dbabef5,variable_2_4,1,0,53,0,loss,variable_encoder_2_4/repetition_3
24,2375,variable_encoder_2_4/repetition_3,ff7c9e64890348edad17616988967f76,variable_encoder_2_4,3,1,53,6,win,variable_2_4/repetition_1
24,2376,variable_2_4/repetition_1,bf23b43ba2e94b7d994bbae85dbabef5,variable_2_4,1,0,59,1,loss,variable_encoder_2_4/repetition_3
24,2376,variable_encoder_2_4/repetition_3,ff7c9e64890348edad17616988967f76,variable_encoder_2_4,3,1,67,3,win,variable_2_4/repetition_1
24,2377,variable_2_4/repetition_1,bf23b43ba2e94b7d994bbae85dbabef5,variable_2_4,1,0,58,1,loss,variable_encoder_2_4/repetition_3
24,2377,variable_encoder_2_4/repetition_3,ff7c9e64890348edad17616988967f76,variable_encoder_2_4,3,1,59,6,win,variable_2_4/repetition_1
24,2378,variable_encoder_2_4/repetition_3,ff7c9e64890348edad17616988967f76,variable_encoder_2_4,3,0,67,5,win,variable_2_4/repetition_1
24,2378,variable_2_4/repetition_1,bf23b43ba2e94b7d994bbae85dbabef5,variable_2_4,1,1,56,0,loss,variable_encoder_2_4/repetition_3
24,2379,variable_encoder_2_4/repetition_3,ff7c9e64890348edad17616988967f76,variable_encoder_2_4,3,0,66,2,win,variable_2_4/repetition_1
24,2379,variable_2_4/repetition_1,bf23b43ba2e94b7d994bbae85dbabef5,variable_2_4,1,1,52,1,loss,variable_encoder_2_4/repetition_3
24,2380,variable_encoder_2_4/repetition_3,ff7c9e64890348edad17616988967f76,variable_encoder_2_4,3,0,54,4,win,variable_2_4/repetition_1
24,2380,variable_2_4/repetition_1,bf23b43ba2e94b7d994bbae85dbabef5,variable_2_4,1,1,51,1,loss,variable_encoder_2_4/repetition_3
24,2381,variable_encoder_2_4/repetition_3,ff7c9e64890348edad17616988967f76,variable_encoder_2_4,3,0,62,5,win,variable_2_4/repetition_1
24,2381,variable_2_4/repetition_1,bf23b43ba2e94b7d994bbae85dbabef5,variable_2_4,1,1,59,2,loss,variable_encoder_2_4/repetition_3
24,2382,variable_2_4/repetition_1,bf23b43ba2e94b7d994bbae85dbabef5,variable_2_4,1,0,62,0,win,variable_encoder_2_4/repetition_3
24,2382,variable_encoder_2_4/repetition_3,ff7c9e64890348edad17616988967f76,variable_encoder_2_4,3,1,60,4,loss,variable_2_4/repetition_1
24,2383,variable_encoder_2_4/repetition_3,ff7c9e64890348edad17616988967f76,variable_encoder_2_4,3,0,56,3,win,variable_2_4/repetition_1
24,2383,variable_2_4/repetition_1,bf23b43ba2e94b7d994bbae85dbabef5,variable_2_4,1,1,46,3,loss,variable_encoder_2_4/repetition_3
24,2384,variable_encoder_2_4/repetition_3,ff7c9e64890348edad17616988967f76,variable_encoder_2_4,3,0,53,4,loss,variable_2_4/repetition_1
24,2384,variable_2_4/repetition_1,bf23b43ba2e94b7d994bbae85dbabef5,variable_2_4,1,1,56,0,win,variable_encoder_2_4/repetition_3
24,2385,variable_encoder_2_4/repetition_3,ff7c9e64890348edad17616988967f76,variable_encoder_2_4,3,0,52,5,win,variable_2_4/repetition_1
24,2385,variable_2_4/repetition_1,bf23b43ba2e94b7d994bbae85dbabef5,variable_2_4,1,1,47,1,loss,variable_encoder_2_4/repetition_3
24,2386,variable_encoder_2_4/repetition_3,ff7c9e64890348edad17616988967f76,variable_encoder_2_4,3,0,55,3,win,variable_2_4/repetition_1
24,2386,variable_2_4/repetition_1,bf23b43ba2e94b7d994bbae85dbabef5,variable_2_4,1,1,44,3,loss,variable_encoder_2_4/repetition_3
24,2387,variable_encoder_2_4/repetition_3,ff7c9e64890348edad17616988967f76,variable_encoder_2_4,3,0,49,6,loss,variable_2_4/repetition_1
24,2387,variable_2_4/repetition_1,bf23b43ba2e94b7d994bbae85dbabef5,variable_2_4,1,1,54,0,win,variable_encoder_2_4/repetition_3
24,2388,variable_encoder_2_4/repetition_3,ff7c9e64890348edad17616988967f76,variable_encoder_2_4,3,0,56,2,loss,variable_2_4/repetition_1
24,2388,variable_2_4/repetition_1,bf23b43ba2e94b7d994bbae85dbabef5,variable_2_4,1,1,64,1,win,variable_encoder_2_4/repetition_3
24,2389,variable_encoder_2_4/repetition_3,ff7c9e64890348edad17616988967f76,variable_encoder_2_4,3,0,67,2,win,variable_2_4/repetition_1
24,2389,variable_2_4/repetition_1,bf23b43ba2e94b7d994bbae85dbabef5,variable_2_4,1,1,56,2,loss,variable_encoder_2_4/repetition_3
24,2390,variable_encoder_2_4/repetition_3,ff7c9e64890348edad17616988967f76,variable_encoder_2_4,3,0,57,5,win,variable_2_4/repetition_1
24,2390,variable_2_4/repetition_1,bf23b43ba2e94b7d994bbae85dbabef5,variable_2_4,1,1,52,1,loss,variable_encoder_2_4/repetition_3
24,2391,variable_encoder_2_4/repetition_3,ff7c9e64890348edad17616988967f76,variable_encoder_2_4,3,0,50,5,loss,variable_2_4/repetition_1
24,2391,variable_2_4/repetition_1,bf23b43ba2e94b7d994bbae85dbabef5,variable_2_4,1,1,59,1,win,variable_encoder_2_4/repetition_3
24,2392,variable_encoder_2_4/repetition_3,ff7c9e64890348edad17616988967f76,variable_encoder_2_4,3,0,50,5,win,variable_2_4/repetition_1
24,2392,variable_2_4/repetition_1,bf23b43ba2e94b7d994bbae85dbabef5,variable_2_4,1,1,47,1,loss,variable_encoder_2_4/repetition_3
24,2393,variable_2_4/repetition_1,bf23b43ba2e94b7d994bbae85dbabef5,variable_2_4,1,0,59,1,win,variable_encoder_2_4/repetition_3
24,2393,variable_encoder_2_4/repetition_3,ff7c9e64890348edad17616988967f76,variable_encoder_2_4,3,1,52,4,loss,variable_2_4/repetition_1
24,2394,variable_2_4/repetition_1,bf23b43ba2e94b7d994bbae85dbabef5,variable_2_4,1,0,58,1,loss,variable_encoder_2_4/repetition_3
24,2394,variable_encoder_2_4/repetition_3,ff7c9e64890348edad17616988967f76,variable_encoder_2_4,3,1,58,5,win,variable_2_4/repetition_1
24,2395,variable_2_4/repetition_1,bf23b43ba2e94b7d994bbae85dbabef5,variable_2_4,1,0,46,1,loss,variable_encoder_2_4/repetition_3
24,2395,variable_encoder_2_4/repetition_3,ff7c9e64890348edad17616988967f76,variable_encoder_2_4,3,1,69,3,win,variable_2_4/repetition_1
24,2396,variable_2_4/repetition_1,bf23b43ba2e94b7d994bbae85dbabef5,variable_2_4,1,0,51,2,loss,variable_encoder_2_4/repetition_3
24,2396,variable_encoder_2_4/repetition_3,ff7c9e64890348edad17616988967f76,variable_encoder_2_4,3,1,58,3,win,variable_2_4/repetition_1
24,2397,variable_2_4/repetition_1,bf23b43ba2e94b7d994bbae85dbabef5,variable_2_4,1,0,55,1,loss,variable_encoder_2_4/repetition_3
24,2397,variable_encoder_2_4/repetition_3,ff7c9e64890348edad17616988967f76,variable_encoder_2_4,3,1,75,3,win,variable_2_4/repetition_1
24,2398,variable_2_4/repetition_1,bf23b43ba2e94b7d994bbae85dbabef5,variable_2_4,1,0,48,0,loss,variable_encoder_2_4/repetition_3
24,2398,variable_encoder_2_4/repetition_3,ff7c9e64890348edad17616988967f76,variable_encoder_2_4,3,1,52,5,win,variable_2_4/repetition_1
24,2399,variable_encoder_2_4/repetition_3,ff7c9e64890348edad17616988967f76,variable_encoder_2_4,3,0,69,3,win,variable_2_4/repetition_1
24,2399,variable_2_4/repetition_1,bf23b43ba2e94b7d994bbae85dbabef5,variable_2_4,1,1,63,1,loss,variable_encoder_2_4/repetition_3
24,2400,variable_2_4/repetition_1,bf23b43ba2e94b7d994bbae85dbabef5,variable_2_4,1,0,53,0,loss,variable_encoder_2_4/repetition_3
24,2400,variable_encoder_2_4/repetition_3,ff7c9e64890348edad17616988967f76,variable_encoder_2_4,3,1,55,6,win,variable_2_4/repetition_1
25,2401,variable_2_4/repetition_1,bf23b43ba2e94b7d994bbae85dbabef5,variable_2_4,1,0,64,2,win,random/repetition_1
25,2401,random/repetition_1,random,random,1,1,44,5,loss,variable_2_4/repetition_1
25,2402,random/repetition_1,random,random,1,0,44,3,loss,variable_2_4/repetition_1
25,2402,variable_2_4/repetition_1,bf23b43ba2e94b7d994bbae85dbabef5,variable_2_4,1,1,72,1,win,random/repetition_1
25,2403,variable_2_4/repetition_1,bf23b43ba2e94b7d994bbae85dbabef5,variable_2_4,1,0,53,3,win,random/repetition_1
25,2403,random/repetition_1,random,random,1,1,48,3,loss,variable_2_4/repetition_1
25,2404,random/repetition_1,random,random,1,0,27,3,loss,variable_2_4/repetition_1
25,2404,variable_2_4/repetition_1,bf23b43ba2e94b7d994bbae85dbabef5,variable_2_4,1,1,60,4,win,random/repetition_1
25,2405,random/repetition_1,random,random,1,0,37,3,loss,variable_2_4/repetition_1
25,2405,variable_2_4/repetition_1,bf23b43ba2e94b7d994bbae85dbabef5,variable_2_4,1,1,65,4,win,random/repetition_1
25,2406,random/repetition_1,random,random,1,0,36,4,loss,variable_2_4/repetition_1
25,2406,variable_2_4/repetition_1,bf23b43ba2e94b7d994bbae85dbabef5,variable_2_4,1,1,59,1,win,random/repetition_1
25,2407,random/repetition_1,random,random,1,0,47,1,loss,variable_2_4/repetition_1
25,2407,variable_2_4/repetition_1,bf23b43ba2e94b7d994bbae85dbabef5,variable_2_4,1,1,62,2,win,random/repetition_1
25,2408,variable_2_4/repetition_1,bf23b43ba2e94b7d994bbae85dbabef5,variable_2_4,1,0,62,1,win,random/repetition_1
25,2408,random/repetition_1,random,random,1,1,55,2,loss,variable_2_4/repetition_1
25,2409,random/repetition_1,random,random,1,0,44,3,loss,variable_2_4/repetition_1
25,2409,variable_2_4/repetition_1,bf23b43ba2e94b7d994bbae85dbabef5,variable_2_4,1,1,57,1,win,random/repetition_1
25,2410,variable_2_4/repetition_1,bf23b43ba2e94b7d994bbae85dbabef5,variable_2_4,1,0,63,3,win,random/repetition_1
25,2410,random/repetition_1,random,random,1,1,51,2,loss,variable_2_4/repetition_1
25,2411,random/repetition_1,random,random,1,0,43,3,loss,variable_2_4/repetition_1
25,2411,variable_2_4/repetition_1,bf23b43ba2e94b7d994bbae85dbabef5,variable_2_4,1,1,62,2,win,random/repetition_1
25,2412,random/repetition_1,random,random,1,0,50,4,loss,variable_2_4/repetition_1
25,2412,variable_2_4/repetition_1,bf23b43ba2e94b7d994bbae85dbabef5,variable_2_4,1,1,54,1,win,random/repetition_1
25,2413,random/repetition_1,random,random,1,0,51,3,loss,variable_2_4/repetition_1
25,2413,variable_2_4/repetition_1,bf23b43ba2e94b7d994bbae85dbabef5,variable_2_4,1,1,68,2,win,random/repetition_1
25,2414,random/repetition_1,random,random,1,0,47,2,loss,variable_2_4/repetition_1
25,2414,variable_2_4/repetition_1,bf23b43ba2e94b7d994bbae85dbabef5,variable_2_4,1,1,53,1,win,random/repetition_1
25,2415,random/repetition_1,random,random,1,0,39,2,loss,variable_2_4/repetition_1
25,2415,variable_2_4/repetition_1,bf23b43ba2e94b7d994bbae85dbabef5,variable_2_4,1,1,68,3,win,random/repetition_1
25,2416,variable_2_4/repetition_1,bf23b43ba2e94b7d994bbae85dbabef5,variable_2_4,1,0,67,1,win,random/repetition_1
25,2416,random/repetition_1,random,random,1,1,33,5,loss,variable_2_4/repetition_1
25,2417,variable_2_4/repetition_1,bf23b43ba2e94b7d994bbae85dbabef5,variable_2_4,1,0,76,1,win,random/repetition_1
25,2417,random/repetition_1,random,random,1,1,43,4,loss,variable_2_4/repetition_1
25,2418,variable_2_4/repetition_1,bf23b43ba2e94b7d994bbae85dbabef5,variable_2_4,1,0,54,2,win,random/repetition_1
25,2418,random/repetition_1,random,random,1,1,27,2,loss,variable_2_4/repetition_1
25,2419,variable_2_4/repetition_1,bf23b43ba2e94b7d994bbae85dbabef5,variable_2_4,1,0,65,2,win,random/repetition_1
25,2419,random/repetition_1,random,random,1,1,49,2,loss,variable_2_4/repetition_1
25,2420,variable_2_4/repetition_1,bf23b43ba2e94b7d994bbae85dbabef5,variable_2_4,1,0,65,2,win,random/repetition_1
25,2420,random/repetition_1,random,random,1,1,49,2,loss,variable_2_4/repetition_1
25,2421,variable_2_4/repetition_1,bf23b43ba2e94b7d994bbae85dbabef5,variable_2_4,1,0,57,1,win,random/repetition_1
25,2421,random/repetition_1,random,random,1,1,40,4,loss,variable_2_4/repetition_1
25,2422,random/repetition_1,random,random,1,0,54,2,loss,variable_2_4/repetition_1
25,2422,variable_2_4/repetition_1,bf23b43ba2e94b7d994bbae85dbabef5,variable_2_4,1,1,55,1,win,random/repetition_1
25,2423,random/repetition_1,random,random,1,0,49,3,loss,variable_2_4/repetition_1
25,2423,variable_2_4/repetition_1,bf23b43ba2e94b7d994bbae85dbabef5,variable_2_4,1,1,57,0,win,random/repetition_1
25,2424,random/repetition_1,random,random,1,0,34,5,loss,variable_2_4/repetition_1
25,2424,variable_2_4/repetition_1,bf23b43ba2e94b7d994bbae85dbabef5,variable_2_4,1,1,60,4,win,random/repetition_1
25,2425,random/repetition_1,random,random,1,0,44,6,loss,variable_2_4/repetition_1
25,2425,variable_2_4/repetition_1,bf23b43ba2e94b7d994bbae85dbabef5,variable_2_4,1,1,74,1,win,random/repetition_1
25,2426,variable_2_4/repetition_1,bf23b43ba2e94b7d994bbae85dbabef5,variable_2_4,1,0,61,4,win,random/repetition_1
25,2426,random/repetition_1,random,random,1,1,41,4,loss,variable_2_4/repetition_1
25,2427,random/repetition_1,random,random,1,0,37,6,loss,variable_2_4/repetition_1
25,2427,variable_2_4/repetition_1,bf23b43ba2e94b7d994bbae85dbabef5,variable_2_4,1,1,72,1,win,random/repetition_1
25,2428,random/repetition_1,random,random,1,0,39,4,loss,variable_2_4/repetition_1
25,2428,variable_2_4/repetition_1,bf23b43ba2e94b7d994bbae85dbabef5,variable_2_4,1,1,68,1,win,random/repetition_1
25,2429,random/repetition_1,random,random,1,0,33,6,loss,variable_2_4/repetition_1
25,2429,variable_2_4/repetition_1,bf23b43ba2e94b7d994bbae85dbabef5,variable_2_4,1,1,76,1,win,random/repetition_1
25,2430,random/repetition_1,random,random,1,0,53,2,loss,variable_2_4/repetition_1
25,2430,variable_2_4/repetition_1,bf23b43ba2e94b7d994bbae85dbabef5,variable_2_4,1,1,58,1,win,random/repetition_1
25,2431,random/repetition_1,random,random,1,0,32,6,loss,variable_2_4/repetition_1
25,2431,variable_2_4/repetition_1,bf23b43ba2e94b7d994bbae85dbabef5,variable_2_4,1,1,65,2,win,random/repetition_1
25,2432,random/repetition_1,random,random,1,0,38,4,loss,variable_2_4/repetition_1
25,2432,variable_2_4/repetition_1,bf23b43ba2e94b7d994bbae85dbabef5,variable_2_4,1,1,67,3,win,random/repetition_1
25,2433,variable_2_4/repetition_1,bf23b43ba2e94b7d994bbae85dbabef5,variable_2_4,1,0,69,4,win,random/repetition_1
25,2433,random/repetition_1,random,random,1,1,38,1,loss,variable_2_4/repetition_1
25,2434,random/repetition_1,random,random,1,0,32,3,loss,variable_2_4/repetition_1
25,2434,variable_2_4/repetition_1,bf23b43ba2e94b7d994bbae85dbabef5,variable_2_4,1,1,64,2,win,random/repetition_1
25,2435,variable_2_4/repetition_1,bf23b43ba2e94b7d994bbae85dbabef5,variable_2_4,1,0,57,1,win,random/repetition_1
25,2435,random/repetition_1,random,random,1,1,31,5,loss,variable_2_4/repetition_1
25,2436,random/repetition_1,random,random,1,0,37,3,loss,variable_2_4/repetition_1
25,2436,variable_2_4/repetition_1,bf23b43ba2e94b7d994bbae85dbabef5,variable_2_4,1,1,66,3,win,random/repetition_1
25,2437,random/repetition_1,random,random,1,0,43,3,loss,variable_2_4/repetition_1
25,2437,variable_2_4/repetition_1,bf23b43ba2e94b7d994bbae85dbabef5,variable_2_4,1,1,54,4,win,random/repetition_1
25,2438,variable_2_4/repetition_1,bf23b43ba2e94b7d994bbae85dbabef5,variable_2_4,1,0,63,2,win,random/repetition_1
25,2438,random/repetition_1,random,random,1,1,44,5,loss,variable_2_4/repetition_1
25,2439,random/repetition_1,random,random,1,0,50,4,loss,variable_2_4/repetition_1
25,2439,variable_2_4/repetition_1,bf23b43ba2e94b7d994bbae85dbabef5,variable_2_4,1,1,58,3,win,random/repetition_1
25,2440,random/repetition_1,random,random,1,0,58,3,loss,variable_2_4/repetition_1
25,2440,variable_2_4/repetition_1,bf23b43ba2e94b7d994bbae85dbabef5,variable_2_4,1,1,62,2,win,random/repetition_1
25,2441,random/repetition_1,random,random,1,0,38,4,loss,variable_2_4/repetition_1
25,2441,variable_2_4/repetition_1,bf23b43ba2e94b7d994bbae85dbabef5,variable_2_4,1,1,70,1,win,random/repetition_1
25,2442,variable_2_4/repetition_1,bf23b43ba2e94b7d994bbae85dbabef5,variable_2_4,1,0,61,3,win,random/repetition_1
25,2442,random/repetition_1,random,random,1,1,38,2,loss,variable_2_4/repetition_1
25,2443,random/repetition_1,random,random,1,0,46,4,loss,variable_2_4/repetition_1
25,2443,variable_2_4/repetition_1,bf23b43ba2e94b7d994bbae85dbabef5,variable_2_4,1,1,64,1,win,random/repetition_1
25,2444,variable_2_4/repetition_1,bf23b43ba2e94b7d994bbae85dbabef5,variable_2_4,1,0,52,1,win,random/repetition_1
25,2444,random/repetition_1,random,random,1,1,48,3,loss,variable_2_4/repetition_1
25,2445,random/repetition_1,random,random,1,0,36,4,loss,variable_2_4/repetition_1
25,2445,variable_2_4/repetition_1,bf23b43ba2e94b7d994bbae85dbabef5,variable_2_4,1,1,54,3,win,random/repetition_1
25,2446,variable_2_4/repetition_1,bf23b43ba2e94b7d994bbae85dbabef5,variable_2_4,1,0,61,0,win,random/repetition_1
25,2446,random/repetition_1,random,random,1,1,49,3,loss,variable_2_4/repetition_1
25,2447,random/repetition_1,random,random,1,0,45,2,loss,variable_2_4/repetition_1
25,2447,variable_2_4/repetition_1,bf23b43ba2e94b7d994bbae85dbabef5,variable_2_4,1,1,57,3,win,random/repetition_1
25,2448,random/repetition_1,random,random,1,0,46,4,loss,variable_2_4/repetition_1
25,2448,variable_2_4/repetition_1,bf23b43ba2e94b7d994bbae85dbabef5,variable_2_4,1,1,58,2,win,random/repetition_1
25,2449,variable_2_4/repetition_1,bf23b43ba2e94b7d994bbae85dbabef5,variable_2_4,1,0,46,0,win,random/repetition_1
25,2449,random/repetition_1,random,random,1,1,36,5,loss,variable_2_4/repetition_1
25,2450,random/repetition_1,random,random,1,0,47,2,loss,variable_2_4/repetition_1
25,2450,variable_2_4/repetition_1,bf23b43ba2e94b7d994bbae85dbabef5,variable_2_4,1,1,57,0,win,random/repetition_1
25,2451,random/repetition_1,random,random,1,0,45,3,loss,variable_2_4/repetition_1
25,2451,variable_2_4/repetition_1,bf23b43ba2e94b7d994bbae85dbabef5,variable_2_4,1,1,80,3,win,random/repetition_1
25,2452,variable_2_4/repetition_1,bf23b43ba2e94b7d994bbae85dbabef5,variable_2_4,1,0,59,1,win,random/repetition_1
25,2452,random/repetition_1,random,random,1,1,47,1,loss,variable_2_4/repetition_1
25,2453,random/repetition_1,random,random,1,0,38,3,loss,variable_2_4/repetition_1
25,2453,variable_2_4/repetition_1,bf23b43ba2e94b7d994bbae85dbabef5,variable_2_4,1,1,57,4,win,random/repetition_1
25,2454,variable_2_4/repetition_1,bf23b43ba2e94b7d994bbae85dbabef5,variable_2_4,1,0,73,2,win,random/repetition_1
25,2454,random/repetition_1,random,random,1,1,42,3,loss,variable_2_4/repetition_1
25,2455,random/repetition_1,random,random,1,0,32,2,loss,variable_2_4/repetition_1
25,2455,variable_2_4/repetition_1,bf23b43ba2e94b7d994bbae85dbabef5,variable_2_4,1,1,54,3,win,random/repetition_1
25,2456,random/repetition_1,random,random,1,0,36,6,loss,variable_2_4/repetition_1
25,2456,variable_2_4/repetition_1,bf23b43ba2e94b7d994bbae85dbabef5,variable_2_4,1,1,77,1,win,random/repetition_1
25,2457,variable_2_4/repetition_1,bf23b43ba2e94b7d994bbae85dbabef5,variable_2_4,1,0,74,3,win,random/repetition_1
25,2457,random/repetition_1,random,random,1,1,47,2,loss,variable_2_4/repetition_1
25,2458,random/repetition_1,random,random,1,0,48,2,loss,variable_2_4/repetition_1
25,2458,variable_2_4/repetition_1,bf23b43ba2e94b7d994bbae85dbabef5,variable_2_4,1,1,62,2,win,random/repetition_1
25,2459,variable_2_4/repetition_1,bf23b43ba2e94b7d994bbae85dbabef5,variable_2_4,1,0,52,5,win,random/repetition_1
25,2459,random/repetition_1,random,random,1,1,39,3,loss,variable_2_4/repetition_1
25,2460,random/repetition_1,random,random,1,0,44,4,loss,variable_2_4/repetition_1
25,2460,variable_2_4/repetition_1,bf23b43ba2e94b7d994bbae85dbabef5,variable_2_4,1,1,63,2,win,random/repetition_1
25,2461,variable_2_4/repetition_1,bf23b43ba2e94b7d994bbae85dbabef5,variable_2_4,1,0,55,2,win,random/repetition_1
25,2461,random/repetition_1,random,random,1,1,42,5,loss,variable_2_4/repetition_1
25,2462,variable_2_4/repetition_1,bf23b43ba2e94b7d994bbae85dbabef5,variable_2_4,1,0,59,4,win,random/repetition_1
25,2462,random/repetition_1,random,random,1,1,39,4,loss,variable_2_4/repetition_1
25,2463,random/repetition_1,random,random,1,0,34,2,loss,variable_2_4/repetition_1
25,2463,variable_2_4/repetition_1,bf23b43ba2e94b7d994bbae85dbabef5,variable_2_4,1,1,58,3,win,random/repetition_1
25,2464,random/repetition_1,random,random,1,0,43,2,loss,variable_2_4/repetition_1
25,2464,variable_2_4/repetition_1,bf23b43ba2e94b7d994bbae85dbabef5,variable_2_4,1,1,66,2,win,random/repetition_1
25,2465,random/repetition_1,random,random,1,0,38,0,loss,variable_2_4/repetition_1
25,2465,variable_2_4/repetition_1,bf23b43ba2e94b7d994bbae85dbabef5,variable_2_4,1,1,60,4,win,random/repetition_1
25,2466,random/repetition_1,random,random,1,0,42,4,loss,variable_2_4/repetition_1
25,2466,variable_2_4/repetition_1,bf23b43ba2e94b7d994bbae85dbabef5,variable_2_4,1,1,60,2,win,random/repetition_1
25,2467,random/repetition_1,random,random,1,0,39,6,loss,variable_2_4/repetition_1
25,2467,variable_2_4/repetition_1,bf23b43ba2e94b7d994bbae85dbabef5,variable_2_4,1,1,68,3,win,random/repetition_1
25,2468,random/repetition_1,random,random,1,0,32,6,loss,variable_2_4/repetition_1
25,2468,variable_2_4/repetition_1,bf23b43ba2e94b7d994bbae85dbabef5,variable_2_4,1,1,60,2,win,random/repetition_1
25,2469,random/repetition_1,random,random,1,0,47,3,loss,variable_2_4/repetition_1
25,2469,variable_2_4/repetition_1,bf23b43ba2e94b7d994bbae85dbabef5,variable_2_4,1,1,60,1,win,random/repetition_1
25,2470,random/repetition_1,random,random,1,0,43,3,loss,variable_2_4/repetition_1
25,2470,variable_2_4/repetition_1,bf23b43ba2e94b7d994bbae85dbabef5,variable_2_4,1,1,60,0,win,random/repetition_1
25,2471,variable_2_4/repetition_1,bf23b43ba2e94b7d994bbae85dbabef5,variable_2_4,1,0,63,0,win,random/repetition_1
25,2471,random/repetition_1,random,random,1,1,36,5,loss,variable_2_4/repetition_1
25,2472,random/repetition_1,random,random,1,0,41,4,loss,variable_2_4/repetition_1
25,2472,variable_2_4/repetition_1,bf23b43ba2e94b7d994bbae85dbabef5,variable_2_4,1,1,72,3,win,random/repetition_1
25,2473,random/repetition_1,random,random,1,0,54,3,loss,variable_2_4/repetition_1
25,2473,variable_2_4/repetition_1,bf23b43ba2e94b7d994bbae85dbabef5,variable_2_4,1,1,71,0,win,random/repetition_1
25,2474,random/repetition_1,random,random,1,0,36,3,loss,variable_2_4/repetition_1
25,2474,variable_2_4/repetition_1,bf23b43ba2e94b7d994bbae85dbabef5,variable_2_4,1,1,58,4,win,random/repetition_1
25,2475,random/repetition_1,random,random,1,0,52,3,loss,variable_2_4/repetition_1
25,2475,variable_2_4/repetition_1,bf23b43ba2e94b7d994bbae85dbabef5,variable_2_4,1,1,68,0,win,random/repetition_1
25,2476,random/repetition_1,random,random,1,0,42,4,loss,variable_2_4/repetition_1
25,2476,variable_2_4/repetition_1,bf23b43ba2e94b7d994bbae85dbabef5,variable_2_4,1,1,67,1,win,random/repetition_1
25,2477,variable_2_4/repetition_1,bf23b43ba2e94b7d994bbae85dbabef5,variable_2_4,1,0,64,4,win,random/repetition_1
25,2477,random/repetition_1,random,random,1,1,40,4,loss,variable_2_4/repetition_1
25,2478,random/repetition_1,random,random,1,0,37,4,loss,variable_2_4/repetition_1
25,2478,variable_2_4/repetition_1,bf23b43ba2e94b7d994bbae85dbabef5,variable_2_4,1,1,63,2,win,random/repetition_1
25,2479,random/repetition_1,random,random,1,0,37,3,loss,variable_2_4/repetition_1
25,2479,variable_2_4/repetition_1,bf23b43ba2e94b7d994bbae85dbabef5,variable_2_4,1,1,70,0,win,random/repetition_1
25,2480,random/repetition_1,random,random,1,0,50,0,loss,variable_2_4/repetition_1
25,2480,variable_2_4/repetition_1,bf23b43ba2e94b7d994bbae85dbabef5,variable_2_4,1,1,67,3,win,random/repetition_1
25,2481,variable_2_4/repetition_1,bf23b43ba2e94b7d994bbae85dbabef5,variable_2_4,1,0,64,2,win,random/repetition_1
25,2481,random/repetition_1,random,random,1,1,55,4,loss,variable_2_4/repetition_1
25,2482,variable_2_4/repetition_1,bf23b43ba2e94b7d994bbae85dbabef5,variable_2_4,1,0,63,1,win,random/repetition_1
25,2482,random/repetition_1,random,random,1,1,49,4,loss,variable_2_4/repetition_1
25,2483,random/repetition_1,random,random,1,0,50,2,loss,variable_2_4/repetition_1
25,2483,variable_2_4/repetition_1,bf23b43ba2e94b7d994bbae85dbabef5,variable_2_4,1,1,60,1,win,random/repetition_1
25,2484,random/repetition_1,random,random,1,0,48,5,loss,variable_2_4/repetition_1
25,2484,variable_2_4/repetition_1,bf23b43ba2e94b7d994bbae85dbabef5,variable_2_4,1,1,59,2,win,random/repetition_1
25,2485,variable_2_4/repetition_1,bf23b43ba2e94b7d994bbae85dbabef5,variable_2_4,1,0,63,0,win,random/repetition_1
25,2485,random/repetition_1,random,random,1,1,40,4,loss,variable_2_4/repetition_1
25,2486,random/repetition_1,random,random,1,0,38,4,loss,variable_2_4/repetition_1
25,2486,variable_2_4/repetition_1,bf23b43ba2e94b7d994bbae85dbabef5,variable_2_4,1,1,41,5,win,random/repetition_1
25,2487,variable_2_4/repetition_1,bf23b43ba2e94b7d994bbae85dbabef5,variable_2_4,1,0,67,1,win,random/repetition_1
25,2487,random/repetition_1,random,random,1,1,36,7,loss,variable_2_4/repetition_1
25,2488,random/repetition_1,random,random,1,0,36,3,loss,variable_2_4/repetition_1
25,2488,variable_2_4/repetition_1,bf23b43ba2e94b7d994bbae85dbabef5,variable_2_4,1,1,55,1,win,random/repetition_1
25,2489,random/repetition_1,random,random,1,0,45,2,loss,variable_2_4/repetition_1
25,2489,variable_2_4/repetition_1,bf23b43ba2e94b7d994bbae85dbabef5,variable_2_4,1,1,69,2,win,random/repetition_1
25,2490,variable_2_4/repetition_1,bf23b43ba2e94b7d994bbae85dbabef5,variable_2_4,1,0,62,1,win,random/repetition_1
25,2490,random/repetition_1,random,random,1,1,36,6,loss,variable_2_4/repetition_1
25,2491,variable_2_4/repetition_1,bf23b43ba2e94b7d994bbae85dbabef5,variable_2_4,1,0,65,4,win,random/repetition_1
25,2491,random/repetition_1,random,random,1,1,32,2,loss,variable_2_4/repetition_1
25,2492,variable_2_4/repetition_1,bf23b43ba2e94b7d994bbae85dbabef5,variable_2_4,1,0,56,1,win,random/repetition_1
25,2492,random/repetition_1,random,random,1,1,50,4,loss,variable_2_4/repetition_1
25,2493,variable_2_4/repetition_1,bf23b43ba2e94b7d994bbae85dbabef5,variable_2_4,1,0,63,2,win,random/repetition_1
25,2493,random/repetition_1,random,random,1,1,42,2,loss,variable_2_4/repetition_1
25,2494,random/repetition_1,random,random,1,0,48,3,loss,variable_2_4/repetition_1
25,2494,variable_2_4/repetition_1,bf23b43ba2e94b7d994bbae85dbabef5,variable_2_4,1,1,69,2,win,random/repetition_1
25,2495,variable_2_4/repetition_1,bf23b43ba2e94b7d994bbae85dbabef5,variable_2_4,1,0,59,2,win,random/repetition_1
25,2495,random/repetition_1,random,random,1,1,30,2,loss,variable_2_4/repetition_1
25,2496,variable_2_4/repetition_1,bf23b43ba2e94b7d994bbae85dbabef5,variable_2_4,1,0,71,2,win,random/repetition_1
25,2496,random/repetition_1,random,random,1,1,39,2,loss,variable_2_4/repetition_1
25,2497,variable_2_4/repetition_1,bf23b43ba2e94b7d994bbae85dbabef5,variable_2_4,1,0,69,2,win,random/repetition_1
25,2497,random/repetition_1,random,random,1,1,48,3,loss,variable_2_4/repetition_1
25,2498,random/repetition_1,random,random,1,0,36,2,loss,variable_2_4/repetition_1
25,2498,variable_2_4/repetition_1,bf23b43ba2e94b7d994bbae85dbabef5,variable_2_4,1,1,75,3,win,random/repetition_1
25,2499,variable_2_4/repetition_1,bf23b43ba2e94b7d994bbae85dbabef5,variable_2_4,1,0,63,2,win,random/repetition_1
25,2499,random/repetition_1,random,random,1,1,50,6,loss,variable_2_4/repetition_1
25,2500,random/repetition_1,random,random,1,0,42,3,loss,variable_2_4/repetition_1
25,2500,variable_2_4/repetition_1,bf23b43ba2e94b7d994bbae85dbabef5,variable_2_4,1,1,66,1,win,random/repetition_1
26,2501,variable_2_4/repetition_2,bb09607dedb34a45b4ea410e5fa000d0,variable_2_4,2,0,53,1,win,variable_encoder_2_4/repetition_1
26,2501,variable_encoder_2_4/repetition_1,420770657a844be6ab5e55e02edf3782,variable_encoder_2_4,1,1,46,5,loss,variable_2_4/repetition_2
26,2502,variable_2_4/repetition_2,bb09607dedb34a45b4ea410e5fa000d0,variable_2_4,2,0,40,3,loss,variable_encoder_2_4/repetition_1
26,2502,variable_encoder_2_4/repetition_1,420770657a844be6ab5e55e02edf3782,variable_encoder_2_4,1,1,55,5,win,variable_2_4/repetition_2
26,2503,variable_encoder_2_4/repetition_1,420770657a844be6ab5e55e02edf3782,variable_encoder_2_4,1,0,58,5,win,variable_2_4/repetition_2
26,2503,variable_2_4/repetition_2,bb09607dedb34a45b4ea410e5fa000d0,variable_2_4,2,1,52,1,loss,variable_encoder_2_4/repetition_1
26,2504,variable_2_4/repetition_2,bb09607dedb34a45b4ea410e5fa000d0,variable_2_4,2,0,65,0,win,variable_encoder_2_4/repetition_1
26,2504,variable_encoder_2_4/repetition_1,420770657a844be6ab5e55e02edf3782,variable_encoder_2_4,1,1,55,6,loss,variable_2_4/repetition_2
26,2505,variable_encoder_2_4/repetition_1,420770657a844be6ab5e55e02edf3782,variable_encoder_2_4,1,0,65,4,win,variable_2_4/repetition_2
26,2505,variable_2_4/repetition_2,bb09607dedb34a45b4ea410e5fa000d0,variable_2_4,2,1,56,1,loss,variable_encoder_2_4/repetition_1
26,2506,variable_encoder_2_4/repetition_1,420770657a844be6ab5e55e02edf3782,variable_encoder_2_4,1,0,58,5,loss,variable_2_4/repetition_2
26,2506,variable_2_4/repetition_2,bb09607dedb34a45b4ea410e5fa000d0,variable_2_4,2,1,59,1,win,variable_encoder_2_4/repetition_1
26,2507,variable_2_4/repetition_2,bb09607dedb34a45b4ea410e5fa000d0,variable_2_4,2,0,47,2,loss,variable_encoder_2_4/repetition_1
26,2507,variable_encoder_2_4/repetition_1,420770657a844be6ab5e55e02edf3782,variable_encoder_2_4,1,1,53,3,win,variable_2_4/repetition_2
26,2508,variable_2_4/repetition_2,bb09607dedb34a45b4ea410e5fa000d0,variable_2_4,2,0,53,2,loss,variable_encoder_2_4/repetition_1
26,2508,variable_encoder_2_4/repetition_1,420770657a844be6ab5e55e02edf3782,variable_encoder_2_4,1,1,58,4,win,variable_2_4/repetition_2
26,2509,variable_2_4/repetition_2,bb09607dedb34a45b4ea410e5fa000d0,variable_2_4,2,0,39,1,loss,variable_encoder_2_4/repetition_1
26,2509,variable_encoder_2_4/repetition_1,420770657a844be6ab5e55e02edf3782,variable_encoder_2_4,1,1,47,3,win,variable_2_4/repetition_2
26,2510,variable_2_4/repetition_2,bb09607dedb34a45b4ea410e5fa000d0,variable_2_4,2,0,62,1,win,variable_encoder_2_4/repetition_1
26,2510,variable_encoder_2_4/repetition_1,420770657a844be6ab5e55e02edf3782,variable_encoder_2_4,1,1,58,7,loss,variable_2_4/repetition_2
26,2511,variable_encoder_2_4/repetition_1,420770657a844be6ab5e55e02edf3782,variable_encoder_2_4,1,0,55,7,loss,variable_2_4/repetition_2
26,2511,variable_2_4/repetition_2,bb09607dedb34a45b4ea410e5fa000d0,variable_2_4,2,1,58,1,win,variable_encoder_2_4/repetition_1
26,2512,variable_2_4/repetition_2,bb09607dedb34a45b4ea410e5fa000d0,variable_2_4,2,0,58,3,loss,variable_encoder_2_4/repetition_1
26,2512,variable_encoder_2_4/repetition_1,420770657a844be6ab5e55e02edf3782,variable_encoder_2_4,1,1,60,4,win,variable_2_4/repetition_2
26,2513,variable_2_4/repetition_2,bb09607dedb34a45b4ea410e5fa000d0,variable_2_4,2,0,55,0,loss,variable_encoder_2_4/repetition_1
26,2513,variable_encoder_2_4/repetition_1,420770657a844be6ab5e55e02edf3782,variable_encoder_2_4,1,1,59,5,win,variable_2_4/repetition_2
26,2514,variable_2_4/repetition_2,bb09607dedb34a45b4ea410e5fa000d0,variable_2_4,2,0,56,1,win,variable_encoder_2_4/repetition_1
26,2514,variable_encoder_2_4/repetition_1,420770657a844be6ab5e55e02edf3782,variable_encoder_2_4,1,1,49,5,loss,variable_2_4/repetition_2
26,2515,variable_2_4/repetition_2,bb09607dedb34a45b4ea410e5fa000d0,variable_2_4,2,0,53,2,win,variable_encoder_2_4/repetition_1
26,2515,variable_encoder_2_4/repetition_1,420770657a844be6ab5e55e02edf3782,variable_encoder_2_4,1,1,47,4,loss,variable_2_4/repetition_2
26,2516,variable_2_4/repetition_2,bb09607dedb34a45b4ea410e5fa000d0,variable_2_4,2,0,58,0,win,variable_encoder_2_4/repetition_1
26,2516,variable_encoder_2_4/repetition_1,420770657a844be6ab5e55e02edf3782,variable_encoder_2_4,1,1,53,6,loss,variable_2_4/repetition_2
26,2517,variable_encoder_2_4/repetition_1,420770657a844be6ab5e55e02edf3782,variable_encoder_2_4,1,0,50,2,loss,variable_2_4/repetition_2
26,2517,variable_2_4/repetition_2,bb09607dedb34a45b4ea410e5fa000d0,variable_2_4,2,1,60,3,win,variable_encoder_2_4/repetition_1
26,2518,variable_2_4/repetition_2,bb09607dedb34a45b4ea410e5fa000d0,variable_2_4,2,0,59,1,win,variable_encoder_2_4/repetition_1
26,2518,variable_encoder_2_4/repetition_1,420770657a844be6ab5e55e02edf3782,variable_encoder_2_4,1,1,55,5,loss,variable_2_4/repetition_2
26,2519,variable_encoder_2_4/repetition_1,420770657a844be6ab5e55e02edf3782,variable_encoder_2_4,1,0,53,6,win,variable_2_4/repetition_2
26,2519,variable_2_4/repetition_2,bb09607dedb34a45b4ea410e5fa000d0,variable_2_4,2,1,47,1,loss,variable_encoder_2_4/repetition_1
26,2520,variable_encoder_2_4/repetition_1,420770657a844be6ab5e55e02edf3782,variable_encoder_2_4,1,0,55,3,win,variable_2_4/repetition_2
26,2520,variable_2_4/repetition_2,bb09607dedb34a45b4ea410e5fa000d0,variable_2_4,2,1,51,3,loss,variable_encoder_2_4/repetition_1
26,2521,variable_2_4/repetition_2,bb09607dedb34a45b4ea410e5fa000d0,variable_2_4,2,0,51,1,loss,variable_encoder_2_4/repetition_1
26,2521,variable_encoder_2_4/repetition_1,420770657a844be6ab5e55e02edf3782,variable_encoder_2_4,1,1,57,4,win,variable_2_4/repetition_2
26,2522,variable_encoder_2_4/repetition_1,420770657a844be6ab5e55e02edf3782,variable_encoder_2_4,1,0,63,3,win,variable_2_4/repetition_2
26,2522,variable_2_4/repetition_2,bb09607dedb34a45b4ea410e5fa000d0,variable_2_4,2,1,50,2,loss,variable_encoder_2_4/repetition_1
26,2523,variable_2_4/repetition_2,bb09607dedb34a45b4ea410e5fa000d0,variable_2_4,2,0,56,2,loss,variable_encoder_2_4/repetition_1
26,2523,variable_encoder_2_4/repetition_1,420770657a844be6ab5e55e02edf3782,variable_encoder_2_4,1,1,64,4,win,variable_2_4/repetition_2
26,2524,variable_encoder_2_4/repetition_1,420770657a844be6ab5e55e02edf3782,variable_encoder_2_4,1,0,59,2,win,variable_2_4/repetition_2
26,2524,variable_2_4/repetition_2,bb09607dedb34a45b4ea410e5fa000d0,variable_2_4,2,1,58,3,loss,variable_encoder_2_4/repetition_1
26,2525,variable_encoder_2_4/repetition_1,420770657a844be6ab5e55e02edf3782,variable_encoder_2_4,1,0,49,7,loss,variable_2_4/repetition_2
26,2525,variable_2_4/repetition_2,bb09607dedb34a45b4ea410e5fa000d0,variable_2_4,2,1,56,0,win,variable_encoder_2_4/repetition_1
26,2526,variable_encoder_2_4/repetition_1,420770657a844be6ab5e55e02edf3782,variable_encoder_2_4,1,0,50,4,loss,variable_2_4/repetition_2
26,2526,variable_2_4/repetition_2,bb09607dedb34a45b4ea410e5fa000d0,variable_2_4,2,1,58,0,win,variable_encoder_2_4/repetition_1
26,2527,variable_encoder_2_4/repetition_1,420770657a844be6ab5e55e02edf3782,variable_encoder_2_4,1,0,60,5,win,variable_2_4/repetition_2
26,2527,variable_2_4/repetition_2,bb09607dedb34a45b4ea410e5fa000d0,variable_2_4,2,1,53,1,loss,variable_encoder_2_4/repetition_1
26,2528,variable_encoder_2_4/repetition_1,420770657a844be6ab5e55e02edf3782,variable_encoder_2_4,1,0,59,4,win,variable_2_4/repetition_2
26,2528,variable_2_4/repetition_2,bb09607dedb34a45b4ea410e5fa000d0,variable_2_4,2,1,57,0,loss,variable_encoder_2_4/repetition_1
26,2529,variable_2_4/repetition_2,bb09607dedb34a45b4ea410e5fa000d0,variable_2_4,2,0,51,1,loss,variable_encoder_2_4/repetition_1
26,2529,variable_encoder_2_4/repetition_1,420770657a844be6ab5e55e02edf3782,variable_encoder_2_4,1,1,58,6,win,variable_2_4/repetition_2
26,2530,variable_encoder_2_4/repetition_1,420770657a844be6ab5e55e02edf3782,variable_encoder_2_4,1,0,57,6,win,variable_2_4/repetition_2
26,2530,variable_2_4/repetition_2,bb09607dedb34a45b4ea410e5fa000d0,variable_2_4,2,1,50,3,loss,variable_encoder_2_4/repetition_1
26,2531,variable_encoder_2_4/repetition_1,420770657a844be6ab5e55e02edf3782,variable_encoder_2_4,1,0,57,3,win,variable_2_4/repetition_2
26,2531,variable_2_4/repetition_2,bb09607dedb34a45b4ea410e5fa000d0,variable_2_4,2,1,44,4,loss,variable_encoder_2_4/repetition_1
26,2532,variable_encoder_2_4/repetition_1,420770657a844be6ab5e55e02edf3782,variable_encoder_2_4,1,0,61,4,win,variable_2_4/repetition_2
26,2532,variable_2_4/repetition_2,bb09607dedb34a45b4ea410e5fa000d0,variable_2_4,2,1,42,2,loss,variable_encoder_2_4/repetition_1
26,2533,variable_2_4/repetition_2,bb09607dedb34a45b4ea410e5fa000d0,variable_2_4,2,0,54,1,win,variable_encoder_2_4/repetition_1
26,2533,variable_encoder_2_4/repetition_1,420770657a844be6ab5e55e02edf3782,variable_encoder_2_4,1,1,53,5,loss,variable_2_4/repetition_2
26,2534,variable_encoder_2_4/repetition_1,420770657a844be6ab5e55e02edf3782,variable_encoder_2_4,1,0,51,6,win,variable_2_4/repetition_2
26,2534,variable_2_4/repetition_2,bb09607dedb34a45b4ea410e5fa000d0,variable_2_4,2,1,39,2,loss,variable_encoder_2_4/repetition_1
26,2535,variable_2_4/repetition_2,bb09607dedb34a45b4ea410e5fa000d0,variable_2_4,2,0,65,1,win,variable_encoder_2_4/repetition_1
26,2535,variable_encoder_2_4/repetition_1,420770657a844be6ab5e55e02edf3782,variable_encoder_2_4,1,1,64,3,loss,variable_2_4/repetition_2
26,2536,variable_encoder_2_4/repetition_1,420770657a844be6ab5e55e02edf3782,variable_encoder_2_4,1,0,58,6,loss,variable_2_4/repetition_2
26,2536,variable_2_4/repetition_2,bb09607dedb34a45b4ea410e5fa000d0,variable_2_4,2,1,59,1,win,variable_encoder_2_4/repetition_1
26,2537,variable_2_4/repetition_2,bb09607dedb34a45b4ea410e5fa000d0,variable_2_4,2,0,52,2,loss,variable_encoder_2_4/repetition_1
26,2537,variable_encoder_2_4/repetition_1,420770657a844be6ab5e55e02edf3782,variable_encoder_2_4,1,1,57,2,win,variable_2_4/repetition_2
26,2538,variable_encoder_2_4/repetition_1,420770657a844be6ab5e55e02edf3782,variable_encoder_2_4,1,0,73,2,win,variable_2_4/repetition_2
26,2538,variable_2_4/repetition_2,bb09607dedb34a45b4ea410e5fa000d0,variable_2_4,2,1,62,0,loss,variable_encoder_2_4/repetition_1
26,2539,variable_2_4/repetition_2,bb09607dedb34a45b4ea410e5fa000d0,variable_2_4,2,0,58,1,loss,variable_encoder_2_4/repetition_1
26,2539,variable_encoder_2_4/repetition_1,420770657a844be6ab5e55e02edf3782,variable_encoder_2_4,1,1,65,1,win,variable_2_4/repetition_2
26,2540,variable_2_4/repetition_2,bb09607dedb34a45b4ea410e5fa000d0,variable_2_4,2,0,58,0,loss,variable_encoder_2_4/repetition_1
26,2540,variable_encoder_2_4/repetition_1,420770657a844be6ab5e55e02edf3782,variable_encoder_2_4,1,1,63,5,win,variable_2_4/repetition_2
26,2541,variable_encoder_2_4/repetition_1,420770657a844be6ab5e55e02edf3782,variable_encoder_2_4,1,0,56,2,win,variable_2_4/repetition_2
26,2541,variable_2_4/repetition_2,bb09607dedb34a45b4ea410e5fa000d0,variable_2_4,2,1,53,1,loss,variable_encoder_2_4/repetition_1
26,2542,variable_encoder_2_4/repetition_1,420770657a844be6ab5e55e02edf3782,variable_encoder_2_4,1,0,52,3,loss,variable_2_4/repetition_2
26,2542,variable_2_4/repetition_2,bb09607dedb34a45b4ea410e5fa000d0,variable_2_4,2,1,57,0,win,variable_encoder_2_4/repetition_1
26,2543,variable_2_4/repetition_2,bb09607dedb34a45b4ea410e5fa000d0,variable_2_4,2,0,56,1,win,variable_encoder_2_4/repetition_1
26,2543,variable_encoder_2_4/repetition_1,420770657a844be6ab5e55e02edf3782,variable_encoder_2_4,1,1,52,5,loss,variable_2_4/repetition_2
26,2544,variable_encoder_2_4/repetition_1,420770657a844be6ab5e55e02edf3782,variable_encoder_2_4,1,0,70,5,win,variable_2_4/repetition_2
26,2544,variable_2_4/repetition_2,bb09607dedb34a45b4ea410e5fa000d0,variable_2_4,2,1,30,3,loss,variable_encoder_2_4/repetition_1
26,2545,variable_2_4/repetition_2,bb09607dedb34a45b4ea410e5fa000d0,variable_2_4,2,0,59,2,loss,variable_encoder_2_4/repetition_1
26,2545,variable_encoder_2_4/repetition_1,420770657a844be6ab5e55e02edf3782,variable_encoder_2_4,1,1,70,3,win,variable_2_4/repetition_2
26,2546,variable_encoder_2_4/repetition_1,420770657a844be6ab5e55e02edf3782,variable_encoder_2_4,1,0,52,5,loss,variable_2_4/repetition_2
26,2546,variable_2_4/repetition_2,bb09607dedb34a45b4ea410e5fa000d0,variable_2_4,2,1,54,2,win,variable_encoder_2_4/repetition_1
26,2547,variable_2_4/repetition_2,bb09607dedb34a45b4ea410e5fa000d0,variable_2_4,2,0,52,0,loss,variable_encoder_2_4/repetition_1
26,2547,variable_encoder_2_4/repetition_1,420770657a844be6ab5e55e02edf3782,variable_encoder_2_4,1,1,58,4,win,variable_2_4/repetition_2
26,2548,variable_2_4/repetition_2,bb09607dedb34a45b4ea410e5fa000d0,variable_2_4,2,0,62,1,loss,variable_encoder_2_4/repetition_1
26,2548,variable_encoder_2_4/repetition_1,420770657a844be6ab5e55e02edf3782,variable_encoder_2_4,1,1,66,4,win,variable_2_4/repetition_2
26,2549,variable_2_4/repetition_2,bb09607dedb34a45b4ea410e5fa000d0,variable_2_4,2,0,49,0,loss,variable_encoder_2_4/repetition_1
26,2549,variable_encoder_2_4/repetition_1,420770657a844be6ab5e55e02edf3782,variable_encoder_2_4,1,1,61,6,win,variable_2_4/repetition_2
26,2550,variable_encoder_2_4/repetition_1,420770657a844be6ab5e55e02edf3782,variable_encoder_2_4,1,0,50,5,loss,variable_2_4/repetition_2
26,2550,variable_2_4/repetition_2,bb09607dedb34a45b4ea410e5fa000d0,variable_2_4,2,1,51,2,win,variable_encoder_2_4/repetition_1
26,2551,variable_2_4/repetition_2,bb09607dedb34a45b4ea410e5fa000d0,variable_2_4,2,0,53,0,loss,variable_encoder_2_4/repetition_1
26,2551,variable_encoder_2_4/repetition_1,420770657a844be6ab5e55e02edf3782,variable_encoder_2_4,1,1,54,3,win,variable_2_4/repetition_2
26,2552,variable_encoder_2_4/repetition_1,420770657a844be6ab5e55e02edf3782,variable_encoder_2_4,1,0,58,5,win,variable_2_4/repetition_2
26,2552,variable_2_4/repetition_2,bb09607dedb34a45b4ea410e5fa000d0,variable_2_4,2,1,52,2,loss,variable_encoder_2_4/repetition_1
26,2553,variable_encoder_2_4/repetition_1,420770657a844be6ab5e55e02edf3782,variable_encoder_2_4,1,0,58,4,win,variable_2_4/repetition_2
26,2553,variable_2_4/repetition_2,bb09607dedb34a45b4ea410e5fa000d0,variable_2_4,2,1,57,2,loss,variable_encoder_2_4/repetition_1
26,2554,variable_encoder_2_4/repetition_1,420770657a844be6ab5e55e02edf3782,variable_encoder_2_4,1,0,58,2,win,variable_2_4/repetition_2
26,2554,variable_2_4/repetition_2,bb09607dedb34a45b4ea410e5fa000d0,variable_2_4,2,1,41,3,loss,variable_encoder_2_4/repetition_1
26,2555,variable_encoder_2_4/repetition_1,420770657a844be6ab5e55e02edf3782,variable_encoder_2_4,1,0,41,5,loss,variable_2_4/repetition_2
26,2555,variable_2_4/repetition_2,bb09607dedb34a45b4ea410e5fa000d0,variable_2_4,2,1,48,0,win,variable_encoder_2_4/repetition_1
26,2556,variable_2_4/repetition_2,bb09607dedb34a45b4ea410e5fa000d0,variable_2_4,2,0,50,3,win,variable_encoder_2_4/repetition_1
26,2556,variable_encoder_2_4/repetition_1,420770657a844be6ab5e55e02edf3782,variable_encoder_2_4,1,1,48,7,loss,variable_2_4/repetition_2
26,2557,variable_encoder_2_4/repetition_1,420770657a844be6ab5e55e02edf3782,variable_encoder_2_4,1,0,55,4,loss,variable_2_4/repetition_2
26,2557,variable_2_4/repetition_2,bb09607dedb34a45b4ea410e5fa000d0,variable_2_4,2,1,57,1,win,variable_encoder_2_4/repetition_1
26,2558,variable_encoder_2_4/repetition_1,420770657a844be6ab5e55e02edf3782,variable_encoder_2_4,1,0,63,3,win,variable_2_4/repetition_2
26,2558,variable_2_4/repetition_2,bb09607dedb34a45b4ea410e5fa000d0,variable_2_4,2,1,52,2,loss,variable_encoder_2_4/repetition_1
26,2559,variable_encoder_2_4/repetition_1,420770657a844be6ab5e55e02edf3782,variable_encoder_2_4,1,0,72,5,win,variable_2_4/repetition_2
26,2559,variable_2_4/repetition_2,bb09607dedb34a45b4ea410e5fa000d0,variable_2_4,2,1,62,0,loss,variable_encoder_2_4/repetition_1
26,2560,variable_2_4/repetition_2,bb09607dedb34a45b4ea410e5fa000d0,variable_2_4,2,0,54,2,loss,variable_encoder_2_4/repetition_1
26,2560,variable_encoder_2_4/repetition_1,420770657a844be6ab5e55e02edf3782,variable_encoder_2_4,1,1,66,5,win,variable_2_4/repetition_2
26,2561,variable_encoder_2_4/repetition_1,420770657a844be6ab5e55e02edf3782,variable_encoder_2_4,1,0,59,3,win,variable_2_4/repetition_2
26,2561,variable_2_4/repetition_2,bb09607dedb34a45b4ea410e5fa000d0,variable_2_4,2,1,46,4,loss,variable_encoder_2_4/repetition_1
26,2562,variable_encoder_2_4/repetition_1,420770657a844be6ab5e55e02edf3782,variable_encoder_2_4,1,0,48,6,win,variable_2_4/repetition_2
26,2562,variable_2_4/repetition_2,bb09607dedb34a45b4ea410e5fa000d0,variable_2_4,2,1,42,3,loss,variable_encoder_2_4/repetition_1
26,2563,variable_encoder_2_4/repetition_1,420770657a844be6ab5e55e02edf3782,variable_encoder_2_4,1,0,57,4,loss,variable_2_4/repetition_2
26,2563,variable_2_4/repetition_2,bb09607dedb34a45b4ea410e5fa000d0,variable_2_4,2,1,59,2,win,variable_encoder_2_4/repetition_1
26,2564,variable_2_4/repetition_2,bb09607dedb34a45b4ea410e5fa000d0,variable_2_4,2,0,54,4,loss,variable_encoder_2_4/repetition_1
26,2564,variable_encoder_2_4/repetition_1,420770657a844be6ab5e55e02edf3782,variable_encoder_2_4,1,1,62,2,win,variable_2_4/repetition_2
26,2565,variable_encoder_2_4/repetition_1,420770657a844be6ab5e55e02edf3782,variable_encoder_2_4,1,0,56,6,loss,variable_2_4/repetition_2
26,2565,variable_2_4/repetition_2,bb09607dedb34a45b4ea410e5fa000d0,variable_2_4,2,1,60,1,win,variable_encoder_2_4/repetition_1
26,2566,variable_encoder_2_4/repetition_1,420770657a844be6ab5e55e02edf3782,variable_encoder_2_4,1,0,65,3,win,variable_2_4/repetition_2
26,2566,variable_2_4/repetition_2,bb09607dedb34a45b4ea410e5fa000d0,variable_2_4,2,1,58,2,loss,variable_encoder_2_4/repetition_1
26,2567,variable_2_4/repetition_2,bb09607dedb34a45b4ea410e5fa000d0,variable_2_4,2,0,66,0,loss,variable_encoder_2_4/repetition_1
26,2567,variable_encoder_2_4/repetition_1,420770657a844be6ab5e55e02edf3782,variable_encoder_2_4,1,1,72,3,win,variable_2_4/repetition_2
26,2568,variable_encoder_2_4/repetition_1,420770657a844be6ab5e55e02edf3782,variable_encoder_2_4,1,0,53,4,loss,variable_2_4/repetition_2
26,2568,variable_2_4/repetition_2,bb09607dedb34a45b4ea410e5fa000d0,variable_2_4,2,1,55,1,win,variable_encoder_2_4/repetition_1
26,2569,variable_2_4/repetition_2,bb09607dedb34a45b4ea410e5fa000d0,variable_2_4,2,0,48,1,loss,variable_encoder_2_4/repetition_1
26,2569,variable_encoder_2_4/repetition_1,420770657a844be6ab5e55e02edf3782,variable_encoder_2_4,1,1,58,3,win,variable_2_4/repetition_2
26,2570,variable_2_4/repetition_2,bb09607dedb34a45b4ea410e5fa000d0,variable_2_4,2,0,51,2,loss,variable_encoder_2_4/repetition_1
26,2570,variable_encoder_2_4/repetition_1,420770657a844be6ab5e55e02edf3782,variable_encoder_2_4,1,1,51,4,win,variable_2_4/repetition_2
26,2571,variable_2_4/repetition_2,bb09607dedb34a45b4ea410e5fa000d0,variable_2_4,2,0,53,3,loss,variable_encoder_2_4/repetition_1
26,2571,variable_encoder_2_4/repetition_1,420770657a844be6ab5e55e02edf3782,variable_encoder_2_4,1,1,59,5,win,variable_2_4/repetition_2
26,2572,variable_encoder_2_4/repetition_1,420770657a844be6ab5e55e02edf3782,variable_encoder_2_4,1,0,51,4,win,variable_2_4/repetition_2
26,2572,variable_2_4/repetition_2,bb09607dedb34a45b4ea410e5fa000d0,variable_2_4,2,1,47,4,loss,variable_encoder_2_4/repetition_1
26,2573,variable_2_4/repetition_2,bb09607dedb34a45b4ea410e5fa000d0,variable_2_4,2,0,53,1,loss,variable_encoder_2_4/repetition_1
26,2573,variable_encoder_2_4/repetition_1,420770657a844be6ab5e55e02edf3782,variable_encoder_2_4,1,1,59,2,win,variable_2_4/repetition_2
26,2574,variable_encoder_2_4/repetition_1,420770657a844be6ab5e55e02edf3782,variable_encoder_2_4,1,0,66,3,win,variable_2_4/repetition_2
26,2574,variable_2_4/repetition_2,bb09607dedb34a45b4ea410e5fa000d0,variable_2_4,2,1,63,1,loss,variable_encoder_2_4/repetition_1
26,2575,variable_2_4/repetition_2,bb09607dedb34a45b4ea410e5fa000d0,variable_2_4,2,0,42,1,loss,variable_encoder_2_4/repetition_1
26,2575,variable_encoder_2_4/repetition_1,420770657a844be6ab5e55e02edf3782,variable_encoder_2_4,1,1,54,6,win,variable_2_4/repetition_2
26,2576,variable_2_4/repetition_2,bb09607dedb34a45b4ea410e5fa000d0,variable_2_4,2,0,61,1,win,variable_encoder_2_4/repetition_1
26,2576,variable_encoder_2_4/repetition_1,420770657a844be6ab5e55e02edf3782,variable_encoder_2_4,1,1,56,6,loss,variable_2_4/repetition_2
26,2577,variable_encoder_2_4/repetition_1,420770657a844be6ab5e55e02edf3782,variable_encoder_2_4,1,0,61,2,win,variable_2_4/repetition_2
26,2577,variable_2_4/repetition_2,bb09607dedb34a45b4ea410e5fa000d0,variable_2_4,2,1,53,3,loss,variable_encoder_2_4/repetition_1
26,2578,variable_encoder_2_4/repetition_1,420770657a844be6ab5e55e02edf3782,variable_encoder_2_4,1,0,66,4,win,variable_2_4/repetition_2
26,2578,variable_2_4/repetition_2,bb09607dedb34a45b4ea410e5fa000d0,variable_2_4,2,1,54,2,loss,variable_encoder_2_4/repetition_1
26,2579,variable_encoder_2_4/repetition_1,420770657a844be6ab5e55e02edf3782,variable_encoder_2_4,1,0,58,3,win,variable_2_4/repetition_2
26,2579,variable_2_4/repetition_2,bb09607dedb34a45b4ea410e5fa000d0,variable_2_4,2,1,57,5,loss,variable_encoder_2_4/repetition_1
26,2580,variable_2_4/repetition_2,bb09607dedb34a45b4ea410e5fa000d0,variable_2_4,2,0,47,3,loss,variable_encoder_2_4/repetition_1
26,2580,variable_encoder_2_4/repetition_1,420770657a844be6ab5e55e02edf3782,variable_encoder_2_4,1,1,62,4,win,variable_2_4/repetition_2
26,2581,variable_2_4/repetition_2,bb09607dedb34a45b4ea410e5fa000d0,variable_2_4,2,0,57,2,win,variable_encoder_2_4/repetition_1
26,2581,variable_encoder_2_4/repetition_1,420770657a844be6ab5e55e02edf3782,variable_encoder_2_4,1,1,53,4,loss,variable_2_4/repetition_2
26,2582,variable_2_4/repetition_2,bb09607dedb34a45b4ea410e5fa000d0,variable_2_4,2,0,54,1,win,variable_encoder_2_4/repetition_1
26,2582,variable_encoder_2_4/repetition_1,420770657a844be6ab5e55e02edf3782,variable_encoder_2_4,1,1,51,3,loss,variable_2_4/repetition_2
26,2583,variable_2_4/repetition_2,bb09607dedb34a45b4ea410e5fa000d0,variable_2_4,2,0,49,1,loss,variable_encoder_2_4/repetition_1
26,2583,variable_encoder_2_4/repetition_1,420770657a844be6ab5e55e02edf3782,variable_encoder_2_4,1,1,57,6,win,variable_2_4/repetition_2
26,2584,variable_2_4/repetition_2,bb09607dedb34a45b4ea410e5fa000d0,variable_2_4,2,0,58,2,loss,variable_encoder_2_4/repetition_1
26,2584,variable_encoder_2_4/repetition_1,420770657a844be6ab5e55e02edf3782,variable_encoder_2_4,1,1,69,6,win,variable_2_4/repetition_2
26,2585,variable_2_4/repetition_2,bb09607dedb34a45b4ea410e5fa000d0,variable_2_4,2,0,62,2,win,variable_encoder_2_4/repetition_1
26,2585,variable_encoder_2_4/repetition_1,420770657a844be6ab5e55e02edf3782,variable_encoder_2_4,1,1,57,4,loss,variable_2_4/repetition_2
26,2586,variable_encoder_2_4/repetition_1,420770657a844be6ab5e55e02edf3782,variable_encoder_2_4,1,0,47,5,loss,variable_2_4/repetition_2
26,2586,variable_2_4/repetition_2,bb09607dedb34a45b4ea410e5fa000d0,variable_2_4,2,1,53,2,win,variable_encoder_2_4/repetition_1
26,2587,variable_encoder_2_4/repetition_1,420770657a844be6ab5e55e02edf3782,variable_encoder_2_4,1,0,52,6,win,variable_2_4/repetition_2
26,2587,variable_2_4/repetition_2,bb09607dedb34a45b4ea410e5fa000d0,variable_2_4,2,1,49,1,loss,variable_encoder_2_4/repetition_1
26,2588,variable_2_4/repetition_2,bb09607dedb34a45b4ea410e5fa000d0,variable_2_4,2,0,49,1,loss,variable_encoder_2_4/repetition_1
26,2588,variable_encoder_2_4/repetition_1,420770657a844be6ab5e55e02edf3782,variable_encoder_2_4,1,1,58,5,win,variable_2_4/repetition_2
26,2589,variable_2_4/repetition_2,bb09607dedb34a45b4ea410e5fa000d0,variable_2_4,2,0,53,3,loss,variable_encoder_2_4/repetition_1
26,2589,variable_encoder_2_4/repetition_1,420770657a844be6ab5e55e02edf3782,variable_encoder_2_4,1,1,67,4,win,variable_2_4/repetition_2
26,2590,variable_encoder_2_4/repetition_1,420770657a844be6ab5e55e02edf3782,variable_encoder_2_4,1,0,53,4,win,variable_2_4/repetition_2
26,2590,variable_2_4/repetition_2,bb09607dedb34a45b4ea410e5fa000d0,variable_2_4,2,1,49,1,loss,variable_encoder_2_4/repetition_1
26,2591,variable_encoder_2_4/repetition_1,420770657a844be6ab5e55e02edf3782,variable_encoder_2_4,1,0,68,5,win,variable_2_4/repetition_2
26,2591,variable_2_4/repetition_2,bb09607dedb34a45b4ea410e5fa000d0,variable_2_4,2,1,59,1,loss,variable_encoder_2_4/repetition_1
26,2592,variable_2_4/repetition_2,bb09607dedb34a45b4ea410e5fa000d0,variable_2_4,2,0,51,2,loss,variable_encoder_2_4/repetition_1
26,2592,variable_encoder_2_4/repetition_1,420770657a844be6ab5e55e02edf3782,variable_encoder_2_4,1,1,56,4,win,variable_2_4/repetition_2
26,2593,variable_encoder_2_4/repetition_1,420770657a844be6ab5e55e02edf3782,variable_encoder_2_4,1,0,44,4,loss,variable_2_4/repetition_2
26,2593,variable_2_4/repetition_2,bb09607dedb34a45b4ea410e5fa000d0,variable_2_4,2,1,49,2,win,variable_encoder_2_4/repetition_1
26,2594,variable_encoder_2_4/repetition_1,420770657a844be6ab5e55e02edf3782,variable_encoder_2_4,1,0,54,4,win,variable_2_4/repetition_2
26,2594,variable_2_4/repetition_2,bb09607dedb34a45b4ea410e5fa000d0,variable_2_4,2,1,45,1,loss,variable_encoder_2_4/repetition_1
26,2595,variable_encoder_2_4/repetition_1,420770657a844be6ab5e55e02edf3782,variable_encoder_2_4,1,0,52,4,win,variable_2_4/repetition_2
26,2595,variable_2_4/repetition_2,bb09607dedb34a45b4ea410e5fa000d0,variable_2_4,2,1,41,1,loss,variable_encoder_2_4/repetition_1
26,2596,variable_encoder_2_4/repetition_1,420770657a844be6ab5e55e02edf3782,variable_encoder_2_4,1,0,56,4,loss,variable_2_4/repetition_2
26,2596,variable_2_4/repetition_2,bb09607dedb34a45b4ea410e5fa000d0,variable_2_4,2,1,57,1,win,variable_encoder_2_4/repetition_1
26,2597,variable_2_4/repetition_2,bb09607dedb34a45b4ea410e5fa000d0,variable_2_4,2,0,57,1,win,variable_encoder_2_4/repetition_1
26,2597,variable_encoder_2_4/repetition_1,420770657a844be6ab5e55e02edf3782,variable_encoder_2_4,1,1,49,4,loss,variable_2_4/repetition_2
26,2598,variable_2_4/repetition_2,bb09607dedb34a45b4ea410e5fa000d0,variable_2_4,2,0,47,0,loss,variable_encoder_2_4/repetition_1
26,2598,variable_encoder_2_4/repetition_1,420770657a844be6ab5e55e02edf3782,variable_encoder_2_4,1,1,56,3,win,variable_2_4/repetition_2
26,2599,variable_encoder_2_4/repetition_1,420770657a844be6ab5e55e02edf3782,variable_encoder_2_4,1,0,60,5,win,variable_2_4/repetition_2
26,2599,variable_2_4/repetition_2,bb09607dedb34a45b4ea410e5fa000d0,variable_2_4,2,1,43,2,loss,variable_encoder_2_4/repetition_1
26,2600,variable_2_4/repetition_2,bb09607dedb34a45b4ea410e5fa000d0,variable_2_4,2,0,51,2,loss,variable_encoder_2_4/repetition_1
26,2600,variable_encoder_2_4/repetition_1,420770657a844be6ab5e55e02edf3782,variable_encoder_2_4,1,1,51,4,win,variable_2_4/repetition_2
27,2601,variable_2_4/repetition_2,bb09607dedb34a45b4ea410e5fa000d0,variable_2_4,2,0,50,1,loss,variable_encoder_2_4/repetition_2
27,2601,variable_encoder_2_4/repetition_2,a665630867144200adb56738eed146da,variable_encoder_2_4,2,1,55,5,win,variable_2_4/repetition_2
27,2602,variable_2_4/repetition_2,bb09607dedb34a45b4ea410e5fa000d0,variable_2_4,2,0,45,2,loss,variable_encoder_2_4/repetition_2
27,2602,variable_encoder_2_4/repetition_2,a665630867144200adb56738eed146da,variable_encoder_2_4,2,1,72,3,win,variable_2_4/repetition_2
27,2603,variable_encoder_2_4/repetition_2,a665630867144200adb56738eed146da,variable_encoder_2_4,2,0,65,5,win,variable_2_4/repetition_2
27,2603,variable_2_4/repetition_2,bb09607dedb34a45b4ea410e5fa000d0,variable_2_4,2,1,63,2,loss,variable_encoder_2_4/repetition_2
27,2604,variable_2_4/repetition_2,bb09607dedb34a45b4ea410e5fa000d0,variable_2_4,2,0,53,0,win,variable_encoder_2_4/repetition_2
27,2604,variable_encoder_2_4/repetition_2,a665630867144200adb56738eed146da,variable_encoder_2_4,2,1,50,5,loss,variable_2_4/repetition_2
27,2605,variable_encoder_2_4/repetition_2,a665630867144200adb56738eed146da,variable_encoder_2_4,2,0,45,5,win,variable_2_4/repetition_2
27,2605,variable_2_4/repetition_2,bb09607dedb34a45b4ea410e5fa000d0,variable_2_4,2,1,38,2,loss,variable_encoder_2_4/repetition_2
27,2606,variable_2_4/repetition_2,bb09607dedb34a45b4ea410e5fa000d0,variable_2_4,2,0,57,0,loss,variable_encoder_2_4/repetition_2
27,2606,variable_encoder_2_4/repetition_2,a665630867144200adb56738eed146da,variable_encoder_2_4,2,1,65,5,win,variable_2_4/repetition_2
27,2607,variable_2_4/repetition_2,bb09607dedb34a45b4ea410e5fa000d0,variable_2_4,2,0,59,0,win,variable_encoder_2_4/repetition_2
27,2607,variable_encoder_2_4/repetition_2,a665630867144200adb56738eed146da,variable_encoder_2_4,2,1,57,3,loss,variable_2_4/repetition_2
27,2608,variable_2_4/repetition_2,bb09607dedb34a45b4ea410e5fa000d0,variable_2_4,2,0,44,2,loss,variable_encoder_2_4/repetition_2
27,2608,variable_encoder_2_4/repetition_2,a665630867144200adb56738eed146da,variable_encoder_2_4,2,1,50,5,win,variable_2_4/repetition_2
27,2609,variable_encoder_2_4/repetition_2,a665630867144200adb56738eed146da,variable_encoder_2_4,2,0,52,4,win,variable_2_4/repetition_2
27,2609,variable_2_4/repetition_2,bb09607dedb34a45b4ea410e5fa000d0,variable_2_4,2,1,37,3,loss,variable_encoder_2_4/repetition_2
27,2610,variable_encoder_2_4/repetition_2,a665630867144200adb56738eed146da,variable_encoder_2_4,2,0,49,3,win,variable_2_4/repetition_2
27,2610,variable_2_4/repetition_2,bb09607dedb34a45b4ea410e5fa000d0,variable_2_4,2,1,49,2,loss,variable_encoder_2_4/repetition_2
27,2611,variable_encoder_2_4/repetition_2,a665630867144200adb56738eed146da,variable_encoder_2_4,2,0,57,3,win,variable_2_4/repetition_2
27,2611,variable_2_4/repetition_2,bb09607dedb34a45b4ea410e5fa000d0,variable_2_4,2,1,51,2,loss,variable_encoder_2_4/repetition_2
27,2612,variable_encoder_2_4/repetition_2,a665630867144200adb56738eed146da,variable_encoder_2_4,2,0,58,3,loss,variable_2_4/repetition_2
27,2612,variable_2_4/repetition_2,bb09607dedb34a45b4ea410e5fa000d0,variable_2_4,2,1,59,1,win,variable_encoder_2_4/repetition_2
27,2613,variable_2_4/repetition_2,bb09607dedb34a45b4ea410e5fa000d0,variable_2_4,2,0,47,1,loss,variable_encoder_2_4/repetition_2
27,2613,variable_encoder_2_4/repetition_2,a665630867144200adb56738eed146da,variable_encoder_2_4,2,1,51,4,win,variable_2_4/repetition_2
27,2614,variable_encoder_2_4/repetition_2,a665630867144200adb56738eed146da,variable_encoder_2_4,2,0,50,5,win,variable_2_4/repetition_2
27,2614,variable_2_4/repetition_2,bb09607dedb34a45b4ea410e5fa000d0,variable_2_4,2,1,47,0,loss,variable_encoder_2_4/repetition_2
27,2615,variable_2_4/repetition_2,bb09607dedb34a45b4ea410e5fa000d0,variable_2_4,2,0,51,2,loss,variable_encoder_2_4/repetition_2
27,2615,variable_encoder_2_4/repetition_2,a665630867144200adb56738eed146da,variable_encoder_2_4,2,1,56,4,win,variable_2_4/repetition_2
27,2616,variable_2_4/repetition_2,bb09607dedb34a45b4ea410e5fa000d0,variable_2_4,2,0,53,4,loss,variable_encoder_2_4/repetition_2
27,2616,variable_encoder_2_4/repetition_2,a665630867144200adb56738eed146da,variable_encoder_2_4,2,1,53,5,win,variable_2_4/repetition_2
27,2617,variable_2_4/repetition_2,bb09607dedb34a45b4ea410e5fa000d0,variable_2_4,2,0,53,1,win,variable_encoder_2_4/repetition_2
27,2617,variable_encoder_2_4/repetition_2,a665630867144200adb56738eed146da,variable_encoder_2_4,2,1,50,5,loss,variable_2_4/repetition_2
27,2618,variable_2_4/repetition_2,bb09607dedb34a45b4ea410e5fa000d0,variable_2_4,2,0,62,1,win,variable_encoder_2_4/repetition_2
27,2618,variable_encoder_2_4/repetition_2,a665630867144200adb56738eed146da,variable_encoder_2_4,2,1,52,5,loss,variable_2_4/repetition_2
27,2619,variable_encoder_2_4/repetition_2,a665630867144200adb56738eed146da,variable_encoder_2_4,2,0,57,4,win,variable_2_4/repetition_2
27,2619,variable_2_4/repetition_2,bb09607dedb34a45b4ea410e5fa000d0,variable_2_4,2,1,51,1,loss,variable_encoder_2_4/repetition_2
27,2620,variable_encoder_2_4/repetition_2,a665630867144200adb56738eed146da,variable_encoder_2_4,2,0,59,5,win,variable_2_4/repetition_2
27,2620,variable_2_4/repetition_2,bb09607dedb34a45b4ea410e5fa000d0,variable_2_4,2,1,51,2,loss,variable_encoder_2_4/repetition_2
27,2621,variable_encoder_2_4/repetition_2,a665630867144200adb56738eed146da,variable_encoder_2_4,2,0,44,3,loss,variable_2_4/repetition_2
27,2621,variable_2_4/repetition_2,bb09607dedb34a45b4ea410e5fa000d0,variable_2_4,2,1,50,1,win,variable_encoder_2_4/repetition_2
27,2622,variable_2_4/repetition_2,bb09607dedb34a45b4ea410e5fa000d0,variable_2_4,2,0,56,0,loss,variable_encoder_2_4/repetition_2
27,2622,variable_encoder_2_4/repetition_2,a665630867144200adb56738eed146da,variable_encoder_2_4,2,1,63,4,win,variable_2_4/repetition_2
27,2623,variable_encoder_2_4/repetition_2,a665630867144200adb56738eed146da,variable_encoder_2_4,2,0,56,7,win,variable_2_4/repetition_2
27,2623,variable_2_4/repetition_2,bb09607dedb34a45b4ea410e5fa000d0,variable_2_4,2,1,49,1,loss,variable_encoder_2_4/repetition_2
27,2624,variable_2_4/repetition_2,bb09607dedb34a45b4ea410e5fa000d0,variable_2_4,2,0,59,3,win,variable_encoder_2_4/repetition_2
27,2624,variable_encoder_2_4/repetition_2,a665630867144200adb56738eed146da,variable_encoder_2_4,2,1,57,2,loss,variable_2_4/repetition_2
27,2625,variable_2_4/repetition_2,bb09607dedb34a45b4ea410e5fa000d0,variable_2_4,2,0,51,2,loss,variable_encoder_2_4/repetition_2
27,2625,variable_encoder_2_4/repetition_2,a665630867144200adb56738eed146da,variable_encoder_2_4,2,1,62,0,win,variable_2_4/repetition_2
27,2626,variable_2_4/repetition_2,bb09607dedb34a45b4ea410e5fa000d0,variable_2_4,2,0,62,2,loss,variable_encoder_2_4/repetition_2
27,2626,variable_encoder_2_4/repetition_2,a665630867144200adb56738eed146da,variable_encoder_2_4,2,1,63,3,win,variable_2_4/repetition_2
27,2627,variable_encoder_2_4/repetition_2,a665630867144200adb56738eed146da,variable_encoder_2_4,2,0,65,4,win,variable_2_4/repetition_2
27,2627,variable_2_4/repetition_2,bb09607dedb34a45b4ea410e5fa000d0,variable_2_4,2,1,56,1,loss,variable_encoder_2_4/repetition_2
27,2628,variable_encoder_2_4/repetition_2,a665630867144200adb56738eed146da,variable_encoder_2_4,2,0,57,5,win,variable_2_4/repetition_2
27,2628,variable_2_4/repetition_2,bb09607dedb34a45b4ea410e5fa000d0,variable_2_4,2,1,42,2,loss,variable_encoder_2_4/repetition_2
27,2629,variable_2_4/repetition_2,bb09607dedb34a45b4ea410e5fa000d0,variable_2_4,2,0,54,2,loss,variable_encoder_2_4/repetition_2
27,2629,variable_encoder_2_4/repetition_2,a665630867144200adb56738eed146da,variable_encoder_2_4,2,1,58,6,win,variable_2_4/repetition_2
27,2630,variable_2_4/repetition_2,bb09607dedb34a45b4ea410e5fa000d0,variable_2_4,2,0,63,2,win,variable_encoder_2_4/repetition_2
27,2630,variable_encoder_2_4/repetition_2,a665630867144200adb56738eed146da,variable_encoder_2_4,2,1,62,4,loss,variable_2_4/repetition_2
27,2631,variable_encoder_2_4/repetition_2,a665630867144200adb56738eed146da,variable_encoder_2_4,2,0,51,3,loss,variable_2_4/repetition_2
27,2631,variable_2_4/repetition_2,bb09607dedb34a45b4ea410e5fa000d0,variable_2_4,2,1,52,2,win,variable_encoder_2_4/repetition_2
27,2632,variable_encoder_2_4/repetition_2,a665630867144200adb56738eed146da,variable_encoder_2_4,2,0,65,4,win,variable_2_4/repetition_2
27,2632,variable_2_4/repetition_2,bb09607dedb34a45b4ea410e5fa000d0,variable_2_4,2,1,48,1,loss,variable_encoder_2_4/repetition_2
27,2633,variable_encoder_2_4/repetition_2,a665630867144200adb56738eed146da,variable_encoder_2_4,2,0,51,6,win,variable_2_4/repetition_2
27,2633,variable_2_4/repetition_2,bb09607dedb34a45b4ea410e5fa000d0,variable_2_4,2,1,44,3,loss,variable_encoder_2_4/repetition_2
27,2634,variable_2_4/repetition_2,bb09607dedb34a45b4ea410e5fa000d0,variable_2_4,2,0,48,1,loss,variable_encoder_2_4/repetition_2
27,2634,variable_encoder_2_4/repetition_2,a665630867144200adb56738eed146da,variable_encoder_2_4,2,1,55,4,win,variable_2_4/repetition_2
27,2635,variable_encoder_2_4/repetition_2,a665630867144200adb56738eed146da,variable_encoder_2_4,2,0,53,4,win,variable_2_4/repetition_2
27,2635,variable_2_4/repetition_2,bb09607dedb34a45b4ea410e5fa000d0,variable_2_4,2,1,49,1,loss,variable_encoder_2_4/repetition_2
27,2636,variable_2_4/repetition_2,bb09607dedb34a45b4ea410e5fa000d0,variable_2_4,2,0,52,3,loss,variable_encoder_2_4/repetition_2
27,2636,variable_encoder_2_4/repetition_2,a665630867144200adb56738eed146da,variable_encoder_2_4,2,1,54,4,win,variable_2_4/repetition_2
27,2637,variable_encoder_2_4/repetition_2,a665630867144200adb56738eed146da,variable_encoder_2_4,2,0,52,6,win,variable_2_4/repetition_2
27,2637,variable_2_4/repetition_2,bb09607dedb34a45b4ea410e5fa000d0,variable_2_4,2,1,46,2,loss,variable_encoder_2_4/repetition_2
27,2638,variable_encoder_2_4/repetition_2,a665630867144200adb56738eed146da,variable_encoder_2_4,2,0,61,4,win,variable_2_4/repetition_2
27,2638,variable_2_4/repetition_2,bb09607dedb34a45b4ea410e5fa000d0,variable_2_4,2,1,54,0,loss,variable_encoder_2_4/repetition_2
27,2639,variable_2_4/repetition_2,bb09607dedb34a45b4ea410e5fa000d0,variable_2_4,2,0,51,2,win,variable_encoder_2_4/repetition_2
27,2639,variable_encoder_2_4/repetition_2,a665630867144200adb56738eed146da,variable_encoder_2_4,2,1,50,5,loss,variable_2_4/repetition_2
27,2640,variable_encoder_2_4/repetition_2,a665630867144200adb56738eed146da,variable_encoder_2_4,2,0,54,6,win,variable_2_4/repetition_2
27,2640,variable_2_4/repetition_2,bb09607dedb34a45b4ea410e5fa000d0,variable_2_4,2,1,46,0,loss,variable_encoder_2_4/repetition_2
27,2641,variable_2_4/repetition_2,bb09607dedb34a45b4ea410e5fa000d0,variable_2_4,2,0,56,0,win,variable_encoder_2_4/repetition_2
27,2641,variable_encoder_2_4/repetition_2,a665630867144200adb56738eed146da,variable_encoder_2_4,2,1,50,5,loss,variable_2_4/repetition_2
27,2642,variable_2_4/repetition_2,bb09607dedb34a45b4ea410e5fa000d0,variable_2_4,2,0,60,2,win,variable_encoder_2_4/repetition_2
27,2642,variable_encoder_2_4/repetition_2,a665630867144200adb56738eed146da,variable_encoder_2_4,2,1,46,5,loss,variable_2_4/repetition_2
27,2643,variable_encoder_2_4/repetition_2,a665630867144200adb56738eed146da,variable_encoder_2_4,2,0,53,5,win,variable_2_4/repetition_2
27,2643,variable_2_4/repetition_2,bb09607dedb34a45b4ea410e5fa000d0,variable_2_4,2,1,46,0,loss,variable_encoder_2_4/repetition_2
27,2644,variable_2_4/repetition_2,bb09607dedb34a45b4ea410e5fa000d0,variable_2_4,2,0,64,0,win,variable_encoder_2_4/repetition_2
27,2644,variable_encoder_2_4/repetition_2,a665630867144200adb56738eed146da,variable_encoder_2_4,2,1,51,6,loss,variable_2_4/repetition_2
27,2645,variable_2_4/repetition_2,bb09607dedb34a45b4ea410e5fa000d0,variable_2_4,2,0,57,2,win,variable_encoder_2_4/repetition_2
27,2645,variable_encoder_2_4/repetition_2,a665630867144200adb56738eed146da,variable_encoder_2_4,2,1,52,7,loss,variable_2_4/repetition_2
27,2646,variable_encoder_2_4/repetition_2,a665630867144200adb56738eed146da,variable_encoder_2_4,2,0,53,5,win,variable_2_4/repetition_2
27,2646,variable_2_4/repetition_2,bb09607dedb34a45b4ea410e5fa000d0,variable_2_4,2,1,44,2,loss,variable_encoder_2_4/repetition_2
27,2647,variable_2_4/repetition_2,bb09607dedb34a45b4ea410e5fa000d0,variable_2_4,2,0,56,3,loss,variable_encoder_2_4/repetition_2
27,2647,variable_encoder_2_4/repetition_2,a665630867144200adb56738eed146da,variable_encoder_2_4,2,1,59,5,win,variable_2_4/repetition_2
27,2648,variable_2_4/repetition_2,bb09607dedb34a45b4ea410e5fa000d0,variable_2_4,2,0,48,2,loss,variable_encoder_2_4/repetition_2
27,2648,variable_encoder_2_4/repetition_2,a665630867144200adb56738eed146da,variable_encoder_2_4,2,1,50,4,win,variable_2_4/repetition_2
27,2649,variable_encoder_2_4/repetition_2,a665630867144200adb56738eed146da,variable_encoder_2_4,2,0,50,4,win,variable_2_4/repetition_2
27,2649,variable_2_4/repetition_2,bb09607dedb34a45b4ea410e5fa000d0,variable_2_4,2,1,46,2,loss,variable_encoder_2_4/repetition_2
27,2650,variable_encoder_2_4/repetition_2,a665630867144200adb56738eed146da,variable_encoder_2_4,2,0,50,4,win,variable_2_4/repetition_2
27,2650,variable_2_4/repetition_2,bb09607dedb34a45b4ea410e5fa000d0,variable_2_4,2,1,43,2,loss,variable_encoder_2_4/repetition_2
27,2651,variable_2_4/repetition_2,bb09607dedb34a45b4ea410e5fa000d0,variable_2_4,2,0,47,3,loss,variable_encoder_2_4/repetition_2
27,2651,variable_encoder_2_4/repetition_2,a665630867144200adb56738eed146da,variable_encoder_2_4,2,1,53,6,win,variable_2_4/repetition_2
27,2652,variable_encoder_2_4/repetition_2,a665630867144200adb56738eed146da,variable_encoder_2_4,2,0,50,4,loss,variable_2_4/repetition_2
27,2652,variable_2_4/repetition_2,bb09607dedb34a45b4ea410e5fa000d0,variable_2_4,2,1,52,1,win,variable_encoder_2_4/repetition_2
27,2653,variable_2_4/repetition_2,bb09607dedb34a45b4ea410e5fa000d0,variable_2_4,2,0,51,1,loss,variable_encoder_2_4/repetition_2
27,2653,variable_encoder_2_4/repetition_2,a665630867144200adb56738eed146da,variable_encoder_2_4,2,1,56,3,win,variable_2_4/repetition_2
27,2654,variable_encoder_2_4/repetition_2,a665630867144200adb56738eed146da,variable_encoder_2_4,2,0,49,2,loss,variable_2_4/repetition_2
27,2654,variable_2_4/repetition_2,bb09607dedb34a45b4ea410e5fa000d0,variable_2_4,2,1,67,3,win,variable_encoder_2_4/repetition_2
27,2655,variable_encoder_2_4/repetition_2,a665630867144200adb56738eed146da,variable_encoder_2_4,2,0,60,3,win,variable_2_4/repetition_2
27,2655,variable_2_4/repetition_2,bb09607dedb34a45b4ea410e5fa000d0,variable_2_4,2,1,55,3,loss,variable_encoder_2_4/repetition_2
27,2656,variable_encoder_2_4/repetition_2,a665630867144200adb56738eed146da,variable_encoder_2_4,2,0,56,3,win,variable_2_4/repetition_2
27,2656,variable_2_4/repetition_2,bb09607dedb34a45b4ea410e5fa000d0,variable_2_4,2,1,43,0,loss,variable_encoder_2_4/repetition_2
27,2657,variable_encoder_2_4/repetition_2,a665630867144200adb56738eed146da,variable_encoder_2_4,2,0,60,5,win,variable_2_4/repetition_2
27,2657,variable_2_4/repetition_2,bb09607dedb34a45b4ea410e5fa000d0,variable_2_4,2,1,54,0,loss,variable_encoder_2_4/repetition_2
27,2658,variable_2_4/repetition_2,bb09607dedb34a45b4ea410e5fa000d0,variable_2_4,2,0,68,3,win,variable_encoder_2_4/repetition_2
27,2658,variable_encoder_2_4/repetition_2,a665630867144200adb56738eed146da,variable_encoder_2_4,2,1,56,2,loss,variable_2_4/repetition_2
27,2659,variable_encoder_2_4/repetition_2,a665630867144200adb56738eed146da,variable_encoder_2_4,2,0,48,6,win,variable_2_4/repetition_2
27,2659,variable_2_4/repetition_2,bb09607dedb34a45b4ea410e5fa000d0,variable_2_4,2,1,47,2,loss,variable_encoder_2_4/repetition_2
27,2660,variable_2_4/repetition_2,bb09607dedb34a45b4ea410e5fa000d0,variable_2_4,2,0,67,1,win,variable_encoder_2_4/repetition_2
27,2660,variable_encoder_2_4/repetition_2,a665630867144200adb56738eed146da,variable_encoder_2_4,2,1,66,3,loss,variable_2_4/repetition_2
27,2661,variable_2_4/repetition_2,bb09607dedb34a45b4ea410e5fa000d0,variable_2_4,2,0,51,3,loss,variable_encoder_2_4/repetition_2
27,2661,variable_encoder_2_4/repetition_2,a665630867144200adb56738eed146da,variable_encoder_2_4,2,1,58,5,win,variable_2_4/repetition_2
27,2662,variable_2_4/repetition_2,bb09607dedb34a45b4ea410e5fa000d0,variable_2_4,2,0,64,2,win,variable_encoder_2_4/repetition_2
27,2662,variable_encoder_2_4/repetition_2,a665630867144200adb56738eed146da,variable_encoder_2_4,2,1,59,5,loss,variable_2_4/repetition_2
27,2663,variable_2_4/repetition_2,bb09607dedb34a45b4ea410e5fa000d0,variable_2_4,2,0,55,0,loss,variable_encoder_2_4/repetition_2
27,2663,variable_encoder_2_4/repetition_2,a665630867144200adb56738eed146da,variable_encoder_2_4,2,1,57,5,win,variable_2_4/repetition_2
27,2664,variable_encoder_2_4/repetition_2,a665630867144200adb56738eed146da,variable_encoder_2_4,2,0,54,6,loss,variable_2_4/repetition_2
27,2664,variable_2_4/repetition_2,bb09607dedb34a45b4ea410e5fa000d0,variable_2_4,2,1,60,1,win,variable_encoder_2_4/repetition_2
27,2665,variable_2_4/repetition_2,bb09607dedb34a45b4ea410e5fa000d0,variable_2_4,2,0,57,2,loss,variable_encoder_2_4/repetition_2
27,2665,variable_encoder_2_4/repetition_2,a665630867144200adb56738eed146da,variable_encoder_2_4,2,1,61,5,win,variable_2_4/repetition_2
27,2666,variable_encoder_2_4/repetition_2,a665630867144200adb56738eed146da,variable_encoder_2_4,2,0,58,3,win,variable_2_4/repetition_2
27,2666,variable_2_4/repetition_2,bb09607dedb34a45b4ea410e5fa000d0,variable_2_4,2,1,53,3,loss,variable_encoder_2_4/repetition_2
27,2667,variable_encoder_2_4/repetition_2,a665630867144200adb56738eed146da,variable_encoder_2_4,2,0,66,2,win,variable_2_4/repetition_2
27,2667,variable_2_4/repetition_2,bb09607dedb34a45b4ea410e5fa000d0,variable_2_4,2,1,56,1,loss,variable_encoder_2_4/repetition_2
27,2668,variable_2_4/repetition_2,bb09607dedb34a45b4ea410e5fa000d0,variable_2_4,2,0,47,3,loss,variable_encoder_2_4/repetition_2
27,2668,variable_encoder_2_4/repetition_2,a665630867144200adb56738eed146da,variable_encoder_2_4,2,1,49,3,win,variable_2_4/repetition_2
27,2669,variable_encoder_2_4/repetition_2,a665630867144200adb56738eed146da,variable_encoder_2_4,2,0,57,4,win,variable_2_4/repetition_2
27,2669,variable_2_4/repetition_2,bb09607dedb34a45b4ea410e5fa000d0,variable_2_4,2,1,49,2,loss,variable_encoder_2_4/repetition_2
27,2670,variable_encoder_2_4/repetition_2,a665630867144200adb56738eed146da,variable_encoder_2_4,2,0,63,5,win,variable_2_4/repetition_2
27,2670,variable_2_4/repetition_2,bb09607dedb34a45b4ea410e5fa000d0,variable_2_4,2,1,61,2,loss,variable_encoder_2_4/repetition_2
27,2671,variable_encoder_2_4/repetition_2,a665630867144200adb56738eed146da,variable_encoder_2_4,2,0,52,5,loss,variable_2_4/repetition_2
27,2671,variable_2_4/repetition_2,bb09607dedb34a45b4ea410e5fa000d0,variable_2_4,2,1,60,2,win,variable_encoder_2_4/repetition_2
27,2672,variable_encoder_2_4/repetition_2,a665630867144200adb56738eed146da,variable_encoder_2_4,2,0,49,5,loss,variable_2_4/repetition_2
27,2672,variable_2_4/repetition_2,bb09607dedb34a45b4ea410e5fa000d0,variable_2_4,2,1,51,1,win,variable_encoder_2_4/repetition_2
27,2673,variable_encoder_2_4/repetition_2,a665630867144200adb56738eed146da,variable_encoder_2_4,2,0,57,4,loss,variable_2_4/repetition_2
27,2673,variable_2_4/repetition_2,bb09607dedb34a45b4ea410e5fa000d0,variable_2_4,2,1,67,0,win,variable_encoder_2_4/repetition_2
27,2674,variable_2_4/repetition_2,bb09607dedb34a45b4ea410e5fa000d0,variable_2_4,2,0,54,3,tie,variable_encoder_2_4/repetition_2
27,2674,variable_encoder_2_4/repetition_2,a665630867144200adb56738eed146da,variable_encoder_2_4,2,1,54,3,tie,variable_2_4/repetition_2
27,2675,variable_encoder_2_4/repetition_2,a665630867144200adb56738eed146da,variable_encoder_2_4,2,0,48,3,loss,variable_2_4/repetition_2
27,2675,variable_2_4/repetition_2,bb09607dedb34a45b4ea410e5fa000d0,variable_2_4,2,1,49,2,win,variable_encoder_2_4/repetition_2
27,2676,variable_encoder_2_4/repetition_2,a665630867144200adb56738eed146da,variable_encoder_2_4,2,0,53,4,win,variable_2_4/repetition_2
27,2676,variable_2_4/repetition_2,bb09607dedb34a45b4ea410e5fa000d0,variable_2_4,2,1,52,2,loss,variable_encoder_2_4/repetition_2
27,2677,variable_2_4/repetition_2,bb09607dedb34a45b4ea410e5fa000d0,variable_2_4,2,0,54,1,loss,variable_encoder_2_4/repetition_2
27,2677,variable_encoder_2_4/repetition_2,a665630867144200adb56738eed146da,variable_encoder_2_4,2,1,54,6,win,variable_2_4/repetition_2
27,2678,variable_2_4/repetition_2,bb09607dedb34a45b4ea410e5fa000d0,variable_2_4,2,0,55,2,loss,variable_encoder_2_4/repetition_2
27,2678,variable_encoder_2_4/repetition_2,a665630867144200adb56738eed146da,variable_encoder_2_4,2,1,67,4,win,variable_2_4/repetition_2
27,2679,variable_2_4/repetition_2,bb09607dedb34a45b4ea410e5fa000d0,variable_2_4,2,0,64,0,win,variable_encoder_2_4/repetition_2
27,2679,variable_encoder_2_4/repetition_2,a665630867144200adb56738eed146da,variable_encoder_2_4,2,1,58,5,loss,variable_2_4/repetition_2
27,2680,variable_2_4/repetition_2,bb09607dedb34a45b4ea410e5fa000d0,variable_2_4,2,0,50,2,loss,variable_encoder_2_4/repetition_2
27,2680,variable_encoder_2_4/repetition_2,a665630867144200adb56738eed146da,variable_encoder_2_4,2,1,58,3,win,variable_2_4/repetition_2
27,2681,variable_2_4/repetition_2,bb09607dedb34a45b4ea410e5fa000d0,variable_2_4,2,0,50,2,loss,variable_encoder_2_4/repetition_2
27,2681,variable_encoder_2_4/repetition_2,a665630867144200adb56738eed146da,variable_encoder_2_4,2,1,59,3,win,variable_2_4/repetition_2
27,2682,variable_encoder_2_4/repetition_2,a665630867144200adb56738eed146da,variable_encoder_2_4,2,0,58,5,loss,variable_2_4/repetition_2
27,2682,variable_2_4/repetition_2,bb09607dedb34a45b4ea410e5fa000d0,variable_2_4,2,1,67,1,win,variable_encoder_2_4/repetition_2
27,2683,variable_encoder_2_4/repetition_2,a665630867144200adb56738eed146da,variable_encoder_2_4,2,0,58,4,win,variable_2_4/repetition_2
27,2683,variable_2_4/repetition_2,bb09607dedb34a45b4ea410e5fa000d0,variable_2_4,2,1,54,2,loss,variable_encoder_2_4/repetition_2
27,2684,variable_2_4/repetition_2,bb09607dedb34a45b4ea410e5fa000d0,variable_2_4,2,0,56,3,loss,variable_encoder_2_4/repetition_2
27,2684,variable_encoder_2_4/repetition_2,a665630867144200adb56738eed146da,variable_encoder_2_4,2,1,57,6,win,variable_2_4/repetition_2
27,2685,variable_2_4/repetition_2,bb09607dedb34a45b4ea410e5fa000d0,variable_2_4,2,0,57,2,win,variable_encoder_2_4/repetition_2
27,2685,variable_encoder_2_4/repetition_2,a665630867144200adb56738eed146da,variable_encoder_2_4,2,1,43,6,loss,variable_2_4/repetition_2
27,2686,variable_encoder_2_4/repetition_2,a665630867144200adb56738eed146da,variable_encoder_2_4,2,0,51,4,win,variable_2_4/repetition_2
27,2686,variable_2_4/repetition_2,bb09607dedb34a45b4ea410e5fa000d0,variable_2_4,2,1,43,2,loss,variable_encoder_2_4/repetition_2
27,2687,variable_2_4/repetition_2,bb09607dedb34a45b4ea410e5fa000d0,variable_2_4,2,0,47,0,loss,variable_encoder_2_4/repetition_2
27,2687,variable_encoder_2_4/repetition_2,a665630867144200adb56738eed146da,variable_encoder_2_4,2,1,74,3,win,variable_2_4/repetition_2
27,2688,variable_2_4/repetition_2,bb09607dedb34a45b4ea410e5fa000d0,variable_2_4,2,0,56,2,loss,variable_encoder_2_4/repetition_2
27,2688,variable_encoder_2_4/repetition_2,a665630867144200adb56738eed146da,variable_encoder_2_4,2,1,61,5,win,variable_2_4/repetition_2
27,2689,variable_encoder_2_4/repetition_2,a665630867144200adb56738eed146da,variable_encoder_2_4,2,0,64,4,win,variable_2_4/repetition_2
27,2689,variable_2_4/repetition_2,bb09607dedb34a45b4ea410e5fa000d0,variable_2_4,2,1,47,3,loss,variable_encoder_2_4/repetition_2
27,2690,variable_encoder_2_4/repetition_2,a665630867144200adb56738eed146da,variable_encoder_2_4,2,0,53,5,loss,variable_2_4/repetition_2
27,2690,variable_2_4/repetition_2,bb09607dedb34a45b4ea410e5fa000d0,variable_2_4,2,1,54,0,win,variable_encoder_2_4/repetition_2
27,2691,variable_encoder_2_4/repetition_2,a665630867144200adb56738eed146da,variable_encoder_2_4,2,0,56,5,win,variable_2_4/repetition_2
27,2691,variable_2_4/repetition_2,bb09607dedb34a45b4ea410e5fa000d0,variable_2_4,2,1,54,1,loss,variable_encoder_2_4/repetition_2
27,2692,variable_encoder_2_4/repetition_2,a665630867144200adb56738eed146da,variable_encoder_2_4,2,0,53,5,loss,variable_2_4/repetition_2
27,2692,variable_2_4/repetition_2,bb09607dedb34a45b4ea410e5fa000d0,variable_2_4,2,1,55,1,win,variable_encoder_2_4/repetition_2
27,2693,variable_2_4/repetition_2,bb09607dedb34a45b4ea410e5fa000d0,variable_2_4,2,0,50,0,loss,variable_encoder_2_4/repetition_2
27,2693,variable_encoder_2_4/repetition_2,a665630867144200adb56738eed146da,variable_encoder_2_4,2,1,59,5,win,variable_2_4/repetition_2
27,2694,variable_encoder_2_4/repetition_2,a665630867144200adb56738eed146da,variable_encoder_2_4,2,0,57,4,win,variable_2_4/repetition_2
27,2694,variable_2_4/repetition_2,bb09607dedb34a45b4ea410e5fa000d0,variable_2_4,2,1,48,1,loss,variable_encoder_2_4/repetition_2
27,2695,variable_encoder_2_4/repetition_2,a665630867144200adb56738eed146da,variable_encoder_2_4,2,0,43,3,loss,variable_2_4/repetition_2
27,2695,variable_2_4/repetition_2,bb09607dedb34a45b4ea410e5fa000d0,variable_2_4,2,1,47,3,win,variable_encoder_2_4/repetition_2
27,2696,variable_2_4/repetition_2,bb09607dedb34a45b4ea410e5fa000d0,variable_2_4,2,0,56,1,loss,variable_encoder_2_4/repetition_2
27,2696,variable_encoder_2_4/repetition_2,a665630867144200adb56738eed146da,variable_encoder_2_4,2,1,58,4,win,variable_2_4/repetition_2
27,2697,variable_encoder_2_4/repetition_2,a665630867144200adb56738eed146da,variable_encoder_2_4,2,0,63,3,win,variable_2_4/repetition_2
27,2697,variable_2_4/repetition_2,bb09607dedb34a45b4ea410e5fa000d0,variable_2_4,2,1,45,1,loss,variable_encoder_2_4/repetition_2
27,2698,variable_encoder_2_4/repetition_2,a665630867144200adb56738eed146da,variable_encoder_2_4,2,0,50,4,loss,variable_2_4/repetition_2
27,2698,variable_2_4/repetition_2,bb09607dedb34a45b4ea410e5fa000d0,variable_2_4,2,1,58,1,win,variable_encoder_2_4/repetition_2
27,2699,variable_2_4/repetition_2,bb09607dedb34a45b4ea410e5fa000d0,variable_2_4,2,0,58,2,loss,variable_encoder_2_4/repetition_2
27,2699,variable_encoder_2_4/repetition_2,a665630867144200adb56738eed146da,variable_encoder_2_4,2,1,59,5,win,variable_2_4/repetition_2
27,2700,variable_encoder_2_4/repetition_2,a665630867144200adb56738eed146da,variable_encoder_2_4,2,0,52,4,win,variable_2_4/repetition_2
27,2700,variable_2_4/repetition_2,bb09607dedb34a45b4ea410e5fa000d0,variable_2_4,2,1,51,2,loss,variable_encoder_2_4/repetition_2
28,2701,variable_encoder_2_4/repetition_3,ff7c9e64890348edad17616988967f76,variable_encoder_2_4,3,0,49,2,tie,variable_2_4/repetition_2
28,2701,variable_2_4/repetition_2,bb09607dedb34a45b4ea410e5fa000d0,variable_2_4,2,1,49,2,tie,variable_encoder_2_4/repetition_3
28,2702,variable_2_4/repetition_2,bb09607dedb34a45b4ea410e5fa000d0,variable_2_4,2,0,59,1,loss,variable_encoder_2_4/repetition_3
28,2702,variable_encoder_2_4/repetition_3,ff7c9e64890348edad17616988967f76,variable_encoder_2_4,3,1,60,5,win,variable_2_4/repetition_2
28,2703,variable_2_4/repetition_2,bb09607dedb34a45b4ea410e5fa000d0,variable_2_4,2,0,59,1,win,variable_encoder_2_4/repetition_3
28,2703,variable_encoder_2_4/repetition_3,ff7c9e64890348edad17616988967f76,variable_encoder_2_4,3,1,57,6,loss,variable_2_4/repetition_2
28,2704,variable_2_4/repetition_2,bb09607dedb34a45b4ea410e5fa000d0,variable_2_4,2,0,45,1,win,variable_encoder_2_4/repetition_3
28,2704,variable_encoder_2_4/repetition_3,ff7c9e64890348edad17616988967f76,variable_encoder_2_4,3,1,41,3,loss,variable_2_4/repetition_2
28,2705,variable_encoder_2_4/repetition_3,ff7c9e64890348edad17616988967f76,variable_encoder_2_4,3,0,61,4,win,variable_2_4/repetition_2
28,2705,variable_2_4/repetition_2,bb09607dedb34a45b4ea410e5fa000d0,variable_2_4,2,1,56,2,loss,variable_encoder_2_4/repetition_3
28,2706,variable_2_4/repetition_2,bb09607dedb34a45b4ea410e5fa000d0,variable_2_4,2,0,56,1,loss,variable_encoder_2_4/repetition_3
28,2706,variable_encoder_2_4/repetition_3,ff7c9e64890348edad17616988967f76,variable_encoder_2_4,3,1,62,4,win,variable_2_4/repetition_2
28,2707,variable_2_4/repetition_2,bb09607dedb34a45b4ea410e5fa000d0,variable_2_4,2,0,42,2,loss,variable_encoder_2_4/repetition_3
28,2707,variable_encoder_2_4/repetition_3,ff7c9e64890348edad17616988967f76,variable_encoder_2_4,3,1,63,5,win,variable_2_4/repetition_2
28,2708,variable_2_4/repetition_2,bb09607dedb34a45b4ea410e5fa000d0,variable_2_4,2,0,48,0,loss,variable_encoder_2_4/repetition_3
28,2708,variable_encoder_2_4/repetition_3,ff7c9e64890348edad17616988967f76,variable_encoder_2_4,3,1,63,4,win,variable_2_4/repetition_2
28,2709,variable_2_4/repetition_2,bb09607dedb34a45b4ea410e5fa000d0,variable_2_4,2,0,59,1,win,variable_encoder_2_4/repetition_3
28,2709,variable_encoder_2_4/repetition_3,ff7c9e64890348edad17616988967f76,variable_encoder_2_4,3,1,46,6,loss,variable_2_4/repetition_2
28,2710,variable_encoder_2_4/repetition_3,ff7c9e64890348edad17616988967f76,variable_encoder_2_4,3,0,36,6,win,variable_2_4/repetition_2
28,2710,variable_2_4/repetition_2,bb09607dedb34a45b4ea410e5fa000d0,variable_2_4,2,1,36,1,loss,variable_encoder_2_4/repetition_3
28,2711,variable_encoder_2_4/repetition_3,ff7c9e64890348edad17616988967f76,variable_encoder_2_4,3,0,71,4,win,variable_2_4/repetition_2
28,2711,variable_2_4/repetition_2,bb09607dedb34a45b4ea410e5fa000d0,variable_2_4,2,1,69,1,loss,variable_encoder_2_4/repetition_3
28,2712,variable_encoder_2_4/repetition_3,ff7c9e64890348edad17616988967f76,variable_encoder_2_4,3,0,65,4,win,variable_2_4/repetition_2
28,2712,variable_2_4/repetition_2,bb09607dedb34a45b4ea410e5fa000d0,variable_2_4,2,1,58,0,loss,variable_encoder_2_4/repetition_3
28,2713,variable_2_4/repetition_2,bb09607dedb34a45b4ea410e5fa000d0,variable_2_4,2,0,66,1,win,variable_encoder_2_4/repetition_3
28,2713,variable_encoder_2_4/repetition_3,ff7c9e64890348edad17616988967f76,variable_encoder_2_4,3,1,58,5,loss,variable_2_4/repetition_2
28,2714,variable_2_4/repetition_2,bb09607dedb34a45b4ea410e5fa000d0,variable_2_4,2,0,63,2,win,variable_encoder_2_4/repetition_3
28,2714,variable_encoder_2_4/repetition_3,ff7c9e64890348edad17616988967f76,variable_encoder_2_4,3,1,50,8,loss,variable_2_4/repetition_2
28,2715,variable_2_4/repetition_2,bb09607dedb34a45b4ea410e5fa000d0,variable_2_4,2,0,41,1,loss,variable_encoder_2_4/repetition_3
28,2715,variable_encoder_2_4/repetition_3,ff7c9e64890348edad17616988967f76,variable_encoder_2_4,3,1,48,4,win,variable_2_4/repetition_2
28,2716,variable_encoder_2_4/repetition_3,ff7c9e64890348edad17616988967f76,variable_encoder_2_4,3,0,55,7,loss,variable_2_4/repetition_2
28,2716,variable_2_4/repetition_2,bb09607dedb34a45b4ea410e5fa000d0,variable_2_4,2,1,68,0,win,variable_encoder_2_4/repetition_3
28,2717,variable_encoder_2_4/repetition_3,ff7c9e64890348edad17616988967f76,variable_encoder_2_4,3,0,61,6,loss,variable_2_4/repetition_2
28,2717,variable_2_4/repetition_2,bb09607dedb34a45b4ea410e5fa000d0,variable_2_4,2,1,62,0,win,variable_encoder_2_4/repetition_3
28,2718,variable_2_4/repetition_2,bb09607dedb34a45b4ea410e5fa000d0,variable_2_4,2,0,60,1,win,variable_encoder_2_4/repetition_3
28,2718,variable_encoder_2_4/repetition_3,ff7c9e64890348edad17616988967f76,variable_encoder_2_4,3,1,57,5,loss,variable_2_4/repetition_2
28,2719,variable_2_4/repetition_2,bb09607dedb34a45b4ea410e5fa000d0,variable_2_4,2,0,54,0,win,variable_encoder_2_4/repetition_3
28,2719,variable_encoder_2_4/repetition_3,ff7c9e64890348edad17616988967f76,variable_encoder_2_4,3,1,41,6,loss,variable_2_4/repetition_2
28,2720,variable_2_4/repetition_2,bb09607dedb34a45b4ea410e5fa000d0,variable_2_4,2,0,58,1,loss,variable_encoder_2_4/repetition_3
28,2720,variable_encoder_2_4/repetition_3,ff7c9e64890348edad17616988967f76,variable_encoder_2_4,3,1,69,4,win,variable_2_4/repetition_2
28,2721,variable_encoder_2_4/repetition_3,ff7c9e64890348edad17616988967f76,variable_encoder_2_4,3,0,66,4,win,variable_2_4/repetition_2
28,2721,variable_2_4/repetition_2,bb09607dedb34a45b4ea410e5fa000d0,variable_2_4,2,1,59,2,loss,variable_encoder_2_4/repetition_3
28,2722,variable_encoder_2_4/repetition_3,ff7c9e64890348edad17616988967f76,variable_encoder_2_4,3,0,48,5,loss,variable_2_4/repetition_2
28,2722,variable_2_4/repetition_2,bb09607dedb34a45b4ea410e5fa000d0,variable_2_4,2,1,50,1,win,variable_encoder_2_4/repetition_3
28,2723,variable_encoder_2_4/repetition_3,ff7c9e64890348edad17616988967f76,variable_encoder_2_4,3,0,53,4,win,variable_2_4/repetition_2
28,2723,variable_2_4/repetition_2,bb09607dedb34a45b4ea410e5fa000d0,variable_2_4,2,1,48,2,loss,variable_encoder_2_4/repetition_3
28,2724,variable_2_4/repetition_2,bb09607dedb34a45b4ea410e5fa000d0,variable_2_4,2,0,55,2,loss,variable_encoder_2_4/repetition_3
28,2724,variable_encoder_2_4/repetition_3,ff7c9e64890348edad17616988967f76,variable_encoder_2_4,3,1,59,4,win,variable_2_4/repetition_2
28,2725,variable_encoder_2_4/repetition_3,ff7c9e64890348edad17616988967f76,variable_encoder_2_4,3,0,38,4,loss,variable_2_4/repetition_2
28,2725,variable_2_4/repetition_2,bb09607dedb34a45b4ea410e5fa000d0,variable_2_4,2,1,39,2,win,variable_encoder_2_4/repetition_3
28,2726,variable_2_4/repetition_2,bb09607dedb34a45b4ea410e5fa000d0,variable_2_4,2,0,55,2,win,variable_encoder_2_4/repetition_3
28,2726,variable_encoder_2_4/repetition_3,ff7c9e64890348edad17616988967f76,variable_encoder_2_4,3,1,53,4,loss,variable_2_4/repetition_2
28,2727,variable_encoder_2_4/repetition_3,ff7c9e64890348edad17616988967f76,variable_encoder_2_4,3,0,48,5,loss,variable_2_4/repetition_2
28,2727,variable_2_4/repetition_2,bb09607dedb34a45b4ea410e5fa000d0,variable_2_4,2,1,55,1,win,variable_encoder_2_4/repetition_3
28,2728,variable_encoder_2_4/repetition_3,ff7c9e64890348edad17616988967f76,variable_encoder_2_4,3,0,53,5,win,variable_2_4/repetition_2
28,2728,variable_2_4/repetition_2,bb09607dedb34a45b4ea410e5fa000d0,variable_2_4,2,1,37,2,loss,variable_encoder_2_4/repetition_3
28,2729,variable_2_4/repetition_2,bb09607dedb34a45b4ea410e5fa000d0,variable_2_4,2,0,48,1,win,variable_encoder_2_4/repetition_3
28,2729,variable_encoder_2_4/repetition_3,ff7c9e64890348edad17616988967f76,variable_encoder_2_4,3,1,47,6,loss,variable_2_4/repetition_2
28,2730,variable_2_4/repetition_2,bb09607dedb34a45b4ea410e5fa000d0,variable_2_4,2,0,57,1,loss,variable_encoder_2_4/repetition_3
28,2730,variable_encoder_2_4/repetition_3,ff7c9e64890348edad17616988967f76,variable_encoder_2_4,3,1,70,2,win,variable_2_4/repetition_2
28,2731,variable_encoder_2_4/repetition_3,ff7c9e64890348edad17616988967f76,variable_encoder_2_4,3,0,58,2,win,variable_2_4/repetition_2
28,2731,variable_2_4/repetition_2,bb09607dedb34a45b4ea410e5fa000d0,variable_2_4,2,1,53,0,loss,variable_encoder_2_4/repetition_3
28,2732,variable_encoder_2_4/repetition_3,ff7c9e64890348edad17616988967f76,variable_encoder_2_4,3,0,49,5,win,variable_2_4/repetition_2
28,2732,variable_2_4/repetition_2,bb09607dedb34a45b4ea410e5fa000d0,variable_2_4,2,1,48,0,loss,variable_encoder_2_4/repetition_3
28,2733,variable_2_4/repetition_2,bb09607dedb34a45b4ea410e5fa000d0,variable_2_4,2,0,60,3,win,variable_encoder_2_4/repetition_3
28,2733,variable_encoder_2_4/repetition_3,ff7c9e64890348edad17616988967f76,variable_encoder_2_4,3,1,55,3,loss,variable_2_4/repetition_2
28,2734,variable_2_4/repetition_2,bb09607dedb34a45b4ea410e5fa000d0,variable_2_4,2,0,53,1,win,variable_encoder_2_4/repetition_3
28,2734,variable_encoder_2_4/repetition_3,ff7c9e64890348edad17616988967f76,variable_encoder_2_4,3,1,51,5,loss,variable_2_4/repetition_2
28,2735,variable_2_4/repetition_2,bb09607dedb34a45b4ea410e5fa000d0,variable_2_4,2,0,49,3,loss,variable_encoder_2_4/repetition_3
28,2735,variable_encoder_2_4/repetition_3,ff7c9e64890348edad17616988967f76,variable_encoder_2_4,3,1,58,5,win,variable_2_4/repetition_2
28,2736,variable_2_4/repetition_2,bb09607dedb34a45b4ea410e5fa000d0,variable_2_4,2,0,51,2,win,variable_encoder_2_4/repetition_3
28,2736,variable_encoder_2_4/repetition_3,ff7c9e64890348edad17616988967f76,variable_encoder_2_4,3,1,42,7,loss,variable_2_4/repetition_2
28,2737,variable_encoder_2_4/repetition_3,ff7c9e64890348edad17616988967f76,variable_encoder_2_4,3,0,62,3,win,variable_2_4/repetition_2
28,2737,variable_2_4/repetition_2,bb09607dedb34a45b4ea410e5fa000d0,variable_2_4,2,1,47,2,loss,variable_encoder_2_4/repetition_3
28,2738,variable_encoder_2_4/repetition_3,ff7c9e64890348edad17616988967f76,variable_encoder_2_4,3,0,51,5,loss,variable_2_4/repetition_2
28,2738,variable_2_4/repetition_2,bb09607dedb34a45b4ea410e5fa000d0,variable_2_4,2,1,53,2,win,variable_encoder_2_4/repetition_3
28,2739,variable_encoder_2_4/repetition_3,ff7c9e64890348edad17616988967f76,variable_encoder_2_4,3,0,57,3,loss,variable_2_4/repetition_2
28,2739,variable_2_4/repetition_2,bb09607dedb34a45b4ea410e5fa000d0,variable_2_4,2,1,59,3,win,variable_encoder_2_4/repetition_3
28,2740,variable_encoder_2_4/repetition_3,ff7c9e64890348edad17616988967f76,variable_encoder_2_4,3,0,48,6,loss,variable_2_4/repetition_2
28,2740,variable_2_4/repetition_2,bb09607dedb34a45b4ea410e5fa000d0,variable_2_4,2,1,59,1,win,variable_encoder_2_4/repetition_3
28,2741,variable_encoder_2_4/repetition_3,ff7c9e64890348edad17616988967f76,variable_encoder_2_4,3,0,62,4,loss,variable_2_4/repetition_2
28,2741,variable_2_4/repetition_2,bb09607dedb34a45b4ea410e5fa000d0,variable_2_4,2,1,63,1,win,variable_encoder_2_4/repetition_3
28,2742,variable_encoder_2_4/repetition_3,ff7c9e64890348edad17616988967f76,variable_encoder_2_4,3,0,50,5,loss,variable_2_4/repetition_2
28,2742,variable_2_4/repetition_2,bb09607dedb34a45b4ea410e5fa000d0,variable_2_4,2,1,52,1,win,variable_encoder_2_4/repetition_3
28,2743,variable_encoder_2_4/repetition_3,ff7c9e64890348edad17616988967f76,variable_encoder_2_4,3,0,61,4,win,variable_2_4/repetition_2
28,2743,variable_2_4/repetition_2,bb09607dedb34a45b4ea410e5fa000d0,variable_2_4,2,1,54,2,loss,variable_encoder_2_4/repetition_3
28,2744,variable_2_4/repetition_2,bb09607dedb34a45b4ea410e5fa000d0,variable_2_4,2,0,60,1,loss,variable_encoder_2_4/repetition_3
28,2744,variable_encoder_2_4/repetition_3,ff7c9e64890348edad17616988967f76,variable_encoder_2_4,3,1,66,4,win,variable_2_4/repetition_2
28,2745,variable_2_4/repetition_2,bb09607dedb34a45b4ea410e5fa000d0,variable_2_4,2,0,61,1,loss,variable_encoder_2_4/repetition_3
28,2745,variable_encoder_2_4/repetition_3,ff7c9e64890348edad17616988967f76,variable_encoder_2_4,3,1,64,4,win,variable_2_4/repetition_2
28,2746,variable_encoder_2_4/repetition_3,ff7c9e64890348edad17616988967f76,variable_encoder_2_4,3,0,50,5,win,variable_2_4/repetition_2
28,2746,variable_2_4/repetition_2,bb09607dedb34a45b4ea410e5fa000d0,variable_2_4,2,1,49,3,loss,variable_encoder_2_4/repetition_3
28,2747,variable_2_4/repetition_2,bb09607dedb34a45b4ea410e5fa000d0,variable_2_4,2,0,46,2,loss,variable_encoder_2_4/repetition_3
28,2747,variable_encoder_2_4/repetition_3,ff7c9e64890348edad17616988967f76,variable_encoder_2_4,3,1,59,5,win,variable_2_4/repetition_2
28,2748,variable_encoder_2_4/repetition_3,ff7c9e64890348edad17616988967f76,variable_encoder_2_4,3,0,61,5,win,variable_2_4/repetition_2
28,2748,variable_2_4/repetition_2,bb09607dedb34a45b4ea410e5fa000d0,variable_2_4,2,1,58,0,loss,variable_encoder_2_4/repetition_3
28,2749,variable_encoder_2_4/repetition_3,ff7c9e64890348edad17616988967f76,variable_encoder_2_4,3,0,64,4,win,variable_2_4/repetition_2
28,2749,variable_2_4/repetition_2,bb09607dedb34a45b4ea410e5fa000d0,variable_2_4,2,1,64,2,loss,variable_encoder_2_4/repetition_3
28,2750,variable_encoder_2_4/repetition_3,ff7c9e64890348edad17616988967f76,variable_encoder_2_4,3,0,56,6,win,variable_2_4/repetition_2
28,2750,variable_2_4/repetition_2,bb09607dedb34a45b4ea410e5fa000d0,variable_2_4,2,1,55,1,loss,variable_encoder_2_4/repetition_3
28,2751,variable_2_4/repetition_2,bb09607dedb34a45b4ea410e5fa000d0,variable_2_4,2,0,54,1,loss,variable_encoder_2_4/repetition_3
28,2751,variable_encoder_2_4/repetition_3,ff7c9e64890348edad17616988967f76,variable_encoder_2_4,3,1,58,5,win,variable_2_4/repetition_2
28,2752,variable_encoder_2_4/repetition_3,ff7c9e64890348edad17616988967f76,variable_encoder_2_4,3,0,62,3,win,variable_2_4/repetition_2
28,2752,variable_2_4/repetition_2,bb09607dedb34a45b4ea410e5fa000d0,variable_2_4,2,1,53,2,loss,variable_encoder_2_4/repetition_3
28,2753,variable_encoder_2_4/repetition_3,ff7c9e64890348edad17616988967f76,variable_encoder_2_4,3,0,53,6,win,variable_2_4/repetition_2
28,2753,variable_2_4/repetition_2,bb09607dedb34a45b4ea410e5fa000d0,variable_2_4,2,1,43,2,loss,variable_encoder_2_4/repetition_3
28,2754,variable_2_4/repetition_2,bb09607dedb34a45b4ea410e5fa000d0,variable_2_4,2,0,51,1,loss,variable_encoder_2_4/repetition_3
28,2754,variable_encoder_2_4/repetition_3,ff7c9e64890348edad17616988967f76,variable_encoder_2_4,3,1,64,2,win,variable_2_4/repetition_2
28,2755,variable_2_4/repetition_2,bb09607dedb34a45b4ea410e5fa000d0,variable_2_4,2,0,50,1,loss,variable_encoder_2_4/repetition_3
28,2755,variable_encoder_2_4/repetition_3,ff7c9e64890348edad17616988967f76,variable_encoder_2_4,3,1,57,4,win,variable_2_4/repetition_2
28,2756,variable_encoder_2_4/repetition_3,ff7c9e64890348edad17616988967f76,variable_encoder_2_4,3,0,59,3,win,variable_2_4/repetition_2
28,2756,variable_2_4/repetition_2,bb09607dedb34a45b4ea410e5fa000d0,variable_2_4,2,1,44,2,loss,variable_encoder_2_4/repetition_3
28,2757,variable_encoder_2_4/repetition_3,ff7c9e64890348edad17616988967f76,variable_encoder_2_4,3,0,61,5,win,variable_2_4/repetition_2
28,2757,variable_2_4/repetition_2,bb09607dedb34a45b4ea410e5fa000d0,variable_2_4,2,1,45,0,loss,variable_encoder_2_4/repetition_3
28,2758,variable_encoder_2_4/repetition_3,ff7c9e64890348edad17616988967f76,variable_encoder_2_4,3,0,55,5,win,variable_2_4/repetition_2
28,2758,variable_2_4/repetition_2,bb09607dedb34a45b4ea410e5fa000d0,variable_2_4,2,1,54,0,loss,variable_encoder_2_4/repetition_3
28,2759,variable_encoder_2_4/repetition_3,ff7c9e64890348edad17616988967f76,variable_encoder_2_4,3,0,54,2,loss,variable_2_4/repetition_2
28,2759,variable_2_4/repetition_2,bb09607dedb34a45b4ea410e5fa000d0,variable_2_4,2,1,56,2,win,variable_encoder_2_4/repetition_3
28,2760,variable_2_4/repetition_2,bb09607dedb34a45b4ea410e5fa000d0,variable_2_4,2,0,44,2,loss,variable_encoder_2_4/repetition_3
28,2760,variable_encoder_2_4/repetition_3,ff7c9e64890348edad17616988967f76,variable_encoder_2_4,3,1,54,6,win,variable_2_4/repetition_2
28,2761,variable_encoder_2_4/repetition_3,ff7c9e64890348edad17616988967f76,variable_encoder_2_4,3,0,62,4,win,variable_2_4/repetition_2
28,2761,variable_2_4/repetition_2,bb09607dedb34a45b4ea410e5fa000d0,variable_2_4,2,1,61,1,loss,variable_encoder_2_4/repetition_3
28,2762,variable_2_4/repetition_2,bb09607dedb34a45b4ea410e5fa000d0,variable_2_4,2,0,56,2,loss,variable_encoder_2_4/repetition_3
28,2762,variable_encoder_2_4/repetition_3,ff7c9e64890348edad17616988967f76,variable_encoder_2_4,3,1,64,4,win,variable_2_4/repetition_2
28,2763,variable_encoder_2_4/repetition_3,ff7c9e64890348edad17616988967f76,variable_encoder_2_4,3,0,51,5,loss,variable_2_4/repetition_2
28,2763,variable_2_4/repetition_2,bb09607dedb34a45b4ea410e5fa000d0,variable_2_4,2,1,55,1,win,variable_encoder_2_4/repetition_3
28,2764,variable_encoder_2_4/repetition_3,ff7c9e64890348edad17616988967f76,variable_encoder_2_4,3,0,64,4,win,variable_2_4/repetition_2
28,2764,variable_2_4/repetition_2,bb09607dedb34a45b4ea410e5fa000d0,variable_2_4,2,1,47,2,loss,variable_encoder_2_4/repetition_3
28,2765,variable_2_4/repetition_2,bb09607dedb34a45b4ea410e5fa000d0,variable_2_4,2,0,64,0,win,variable_encoder_2_4/repetition_3
28,2765,variable_encoder_2_4/repetition_3,ff7c9e64890348edad17616988967f76,variable_encoder_2_4,3,1,58,7,loss,variable_2_4/repetition_2
28,2766,variable_encoder_2_4/repetition_3,ff7c9e64890348edad17616988967f76,variable_encoder_2_4,3,0,57,3,win,variable_2_4/repetition_2
28,2766,variable_2_4/repetition_2,bb09607dedb34a45b4ea410e5fa000d0,variable_2_4,2,1,50,1,loss,variable_encoder_2_4/repetition_3
28,2767,variable_2_4/repetition_2,bb09607dedb34a45b4ea410e5fa000d0,variable_2_4,2,0,46,2,loss,variable_encoder_2_4/repetition_3
28,2767,variable_encoder_2_4/repetition_3,ff7c9e64890348edad17616988967f76,variable_encoder_2_4,3,1,53,5,win,variable_2_4/repetition_2
28,2768,variable_2_4/repetition_2,bb09607dedb34a45b4ea410e5fa000d0,variable_2_4,2,0,51,1,loss,variable_encoder_2_4/repetition_3
28,2768,variable_encoder_2_4/repetition_3,ff7c9e64890348edad17616988967f76,variable_encoder_2_4,3,1,66,2,win,variable_2_4/repetition_2
28,2769,variable_2_4/repetition_2,bb09607dedb34a45b4ea410e5fa000d0,variable_2_4,2,0,59,1,loss,variable_encoder_2_4/repetition_3
28,2769,variable_encoder_2_4/repetition_3,ff7c9e64890348edad17616988967f76,variable_encoder_2_4,3,1,63,4,win,variable_2_4/repetition_2
28,2770,variable_encoder_2_4/repetition_3,ff7c9e64890348edad17616988967f76,variable_encoder_2_4,3,0,56,5,loss,variable_2_4/repetition_2
28,2770,variable_2_4/repetition_2,bb09607dedb34a45b4ea410e5fa000d0,variable_2_4,2,1,57,0,win,variable_encoder_2_4/repetition_3
28,2771,variable_encoder_2_4/repetition_3,ff7c9e64890348edad17616988967f76,variable_encoder_2_4,3,0,55,3,loss,variable_2_4/repetition_2
28,2771,variable_2_4/repetition_2,bb09607dedb34a45b4ea410e5fa000d0,variable_2_4,2,1,57,1,win,variable_encoder_2_4/repetition_3
28,2772,variable_encoder_2_4/repetition_3,ff7c9e64890348edad17616988967f76,variable_encoder_2_4,3,0,51,4,loss,variable_2_4/repetition_2
28,2772,variable_2_4/repetition_2,bb09607dedb34a45b4ea410e5fa000d0,variable_2_4,2,1,60,1,win,variable_encoder_2_4/repetition_3
28,2773,variable_2_4/repetition_2,bb09607dedb34a45b4ea410e5fa000d0,variable_2_4,2,0,50,1,loss,variable_encoder_2_4/repetition_3
28,2773,variable_encoder_2_4/repetition_3,ff7c9e64890348edad17616988967f76,variable_encoder_2_4,3,1,53,3,win,variable_2_4/repetition_2
28,2774,variable_encoder_2_4/repetition_3,ff7c9e64890348edad17616988967f76,variable_encoder_2_4,3,0,57,5,win,variable_2_4/repetition_2
28,2774,variable_2_4/repetition_2,bb09607dedb34a45b4ea410e5fa000d0,variable_2_4,2,1,44,1,loss,variable_encoder_2_4/repetition_3
28,2775,variable_2_4/repetition_2,bb09607dedb34a45b4ea410e5fa000d0,variable_2_4,2,0,62,1,win,variable_encoder_2_4/repetition_3
28,2775,variable_encoder_2_4/repetition_3,ff7c9e64890348edad17616988967f76,variable_encoder_2_4,3,1,54,6,loss,variable_2_4/repetition_2
28,2776,variable_encoder_2_4/repetition_3,ff7c9e64890348edad17616988967f76,variable_encoder_2_4,3,0,55,6,win,variable_2_4/repetition_2
28,2776,variable_2_4/repetition_2,bb09607dedb34a45b4ea410e5fa000d0,variable_2_4,2,1,51,2,loss,variable_encoder_2_4/repetition_3
28,2777,variable_2_4/repetition_2,bb09607dedb34a45b4ea410e5fa000d0,variable_2_4,2,0,55,1,loss,variable_encoder_2_4/repetition_3
28,2777,variable_encoder_2_4/repetition_3,ff7c9e64890348edad17616988967f76,variable_encoder_2_4,3,1,56,6,win,variable_2_4/repetition_2
28,2778,variable_2_4/repetition_2,bb09607dedb34a45b4ea410e5fa000d0,variable_2_4,2,0,57,2,loss,variable_encoder_2_4/repetition_3
28,2778,variable_encoder_2_4/repetition_3,ff7c9e64890348edad17616988967f76,variable_encoder_2_4,3,1,62,3,win,variable_2_4/repetition_2
28,2779,variable_2_4/repetition_2,bb09607dedb34a45b4ea410e5fa000d0,variable_2_4,2,0,64,2,win,variable_encoder_2_4/repetition_3
28,2779,variable_encoder_2_4/repetition_3,ff7c9e64890348edad17616988967f76,variable_encoder_2_4,3,1,56,3,loss,variable_2_4/repetition_2
28,2780,variable_encoder_2_4/repetition_3,ff7c9e64890348edad17616988967f76,variable_encoder_2_4,3,0,48,5,win,variable_2_4/repetition_2
28,2780,variable_2_4/repetition_2,bb09607dedb34a45b4ea410e5fa000d0,variable_2_4,2,1,39,3,loss,variable_encoder_2_4/repetition_3
28,2781,variable_2_4/repetition_2,bb09607dedb34a45b4ea410e5fa000d0,variable_2_4,2,0,56,0,loss,variable_encoder_2_4/repetition_3
28,2781,variable_encoder_2_4/repetition_3,ff7c9e64890348edad17616988967f76,variable_encoder_2_4,3,1,64,5,win,variable_2_4/repetition_2
28,2782,variable_2_4/repetition_2,bb09607dedb34a45b4ea410e5fa000d0,variable_2_4,2,0,50,1,loss,variable_encoder_2_4/repetition_3
28,2782,variable_encoder_2_4/repetition_3,ff7c9e64890348edad17616988967f76,variable_encoder_2_4,3,1,61,4,win,variable_2_4/repetition_2
28,2783,variable_encoder_2_4/repetition_3,ff7c9e64890348edad17616988967f76,variable_encoder_2_4,3,0,55,5,loss,variable_2_4/repetition_2
28,2783,variable_2_4/repetition_2,bb09607dedb34a45b4ea410e5fa000d0,variable_2_4,2,1,62,2,win,variable_encoder_2_4/repetition_3
28,2784,variable_encoder_2_4/repetition_3,ff7c9e64890348edad17616988967f76,variable_encoder_2_4,3,0,51,6,loss,variable_2_4/repetition_2
28,2784,variable_2_4/repetition_2,bb09607dedb34a45b4ea410e5fa000d0,variable_2_4,2,1,66,1,win,variable_encoder_2_4/repetition_3
28,2785,variable_2_4/repetition_2,bb09607dedb34a45b4ea410e5fa000d0,variable_2_4,2,0,64,1,loss,variable_encoder_2_4/repetition_3
28,2785,variable_encoder_2_4/repetition_3,ff7c9e64890348edad17616988967f76,variable_encoder_2_4,3,1,72,3,win,variable_2_4/repetition_2
28,2786,variable_encoder_2_4/repetition_3,ff7c9e64890348edad17616988967f76,variable_encoder_2_4,3,0,61,5,win,variable_2_4/repetition_2
28,2786,variable_2_4/repetition_2,bb09607dedb34a45b4ea410e5fa000d0,variable_2_4,2,1,57,2,loss,variable_encoder_2_4/repetition_3
28,2787,variable_encoder_2_4/repetition_3,ff7c9e64890348edad17616988967f76,variable_encoder_2_4,3,0,66,4,win,variable_2_4/repetition_2
28,2787,variable_2_4/repetition_2,bb09607dedb34a45b4ea410e5fa000d0,variable_2_4,2,1,56,2,loss,variable_encoder_2_4/repetition_3
28,2788,variable_encoder_2_4/repetition_3,ff7c9e64890348edad17616988967f76,variable_encoder_2_4,3,0,44,5,loss,variable_2_4/repetition_2
28,2788,variable_2_4/repetition_2,bb09607dedb34a45b4ea410e5fa000d0,variable_2_4,2,1,54,2,win,variable_encoder_2_4/repetition_3
28,2789,variable_2_4/repetition_2,bb09607dedb34a45b4ea410e5fa000d0,variable_2_4,2,0,53,1,loss,variable_encoder_2_4/repetition_3
28,2789,variable_encoder_2_4/repetition_3,ff7c9e64890348edad17616988967f76,variable_encoder_2_4,3,1,56,3,win,variable_2_4/repetition_2
28,2790,variable_encoder_2_4/repetition_3,ff7c9e64890348edad17616988967f76,variable_encoder_2_4,3,0,52,5,win,variable_2_4/repetition_2
28,2790,variable_2_4/repetition_2,bb09607dedb34a45b4ea410e5fa000d0,variable_2_4,2,1,44,2,loss,variable_encoder_2_4/repetition_3
28,2791,variable_encoder_2_4/repetition_3,ff7c9e64890348edad17616988967f76,variable_encoder_2_4,3,0,55,5,win,variable_2_4/repetition_2
28,2791,variable_2_4/repetition_2,bb09607dedb34a45b4ea410e5fa000d0,variable_2_4,2,1,52,1,loss,variable_encoder_2_4/repetition_3
28,2792,variable_2_4/repetition_2,bb09607dedb34a45b4ea410e5fa000d0,variable_2_4,2,0,61,1,loss,variable_encoder_2_4/repetition_3
28,2792,variable_encoder_2_4/repetition_3,ff7c9e64890348edad17616988967f76,variable_encoder_2_4,3,1,63,4,win,variable_2_4/repetition_2
28,2793,variable_encoder_2_4/repetition_3,ff7c9e64890348edad17616988967f76,variable_encoder_2_4,3,0,52,3,loss,variable_2_4/repetition_2
28,2793,variable_2_4/repetition_2,bb09607dedb34a45b4ea410e5fa000d0,variable_2_4,2,1,58,0,win,variable_encoder_2_4/repetition_3
28,2794,variable_2_4/repetition_2,bb09607dedb34a45b4ea410e5fa000d0,variable_2_4,2,0,51,2,loss,variable_encoder_2_4/repetition_3
28,2794,variable_encoder_2_4/repetition_3,ff7c9e64890348edad17616988967f76,variable_encoder_2_4,3,1,59,6,win,variable_2_4/repetition_2
28,2795,variable_encoder_2_4/repetition_3,ff7c9e64890348edad17616988967f76,variable_encoder_2_4,3,0,53,4,win,variable_2_4/repetition_2
28,2795,variable_2_4/repetition_2,bb09607dedb34a45b4ea410e5fa000d0,variable_2_4,2,1,44,3,loss,variable_encoder_2_4/repetition_3
28,2796,variable_encoder_2_4/repetition_3,ff7c9e64890348edad17616988967f76,variable_encoder_2_4,3,0,47,5,loss,variable_2_4/repetition_2
28,2796,variable_2_4/repetition_2,bb09607dedb34a45b4ea410e5fa000d0,variable_2_4,2,1,48,0,win,variable_encoder_2_4/repetition_3
28,2797,variable_2_4/repetition_2,bb09607dedb34a45b4ea410e5fa000d0,variable_2_4,2,0,52,1,loss,variable_encoder_2_4/repetition_3
28,2797,variable_encoder_2_4/repetition_3,ff7c9e64890348edad17616988967f76,variable_encoder_2_4,3,1,66,2,win,variable_2_4/repetition_2
28,2798,variable_encoder_2_4/repetition_3,ff7c9e64890348edad17616988967f76,variable_encoder_2_4,3,0,48,5,loss,variable_2_4/repetition_2
28,2798,variable_2_4/repetition_2,bb09607dedb34a45b4ea410e5fa000d0,variable_2_4,2,1,52,2,win,variable_encoder_2_4/repetition_3
28,2799,variable_encoder_2_4/repetition_3,ff7c9e64890348edad17616988967f76,variable_encoder_2_4,3,0,66,4,win,variable_2_4/repetition_2
28,2799,variable_2_4/repetition_2,bb09607dedb34a45b4ea410e5fa000d0,variable_2_4,2,1,41,0,loss,variable_encoder_2_4/repetition_3
28,2800,variable_encoder_2_4/repetition_3,ff7c9e64890348edad17616988967f76,variable_encoder_2_4,3,0,56,5,loss,variable_2_4/repetition_2
28,2800,variable_2_4/repetition_2,bb09607dedb34a45b4ea410e5fa000d0,variable_2_4,2,1,58,1,win,variable_encoder_2_4/repetition_3
29,2801,random/repetition_1,random,random,1,0,40,2,loss,variable_2_4/repetition_2
29,2801,variable_2_4/repetition_2,bb09607dedb34a45b4ea410e5fa000d0,variable_2_4,2,1,51,3,win,random/repetition_1
29,2802,variable_2_4/repetition_2,bb09607dedb34a45b4ea410e5fa000d0,variable_2_4,2,0,63,3,win,random/repetition_1
29,2802,random/repetition_1,random,random,1,1,45,5,loss,variable_2_4/repetition_2
29,2803,variable_2_4/repetition_2,bb09607dedb34a45b4ea410e5fa000d0,variable_2_4,2,0,52,2,win,random/repetition_1
29,2803,random/repetition_1,random,random,1,1,42,4,loss,variable_2_4/repetition_2
29,2804,variable_2_4/repetition_2,bb09607dedb34a45b4ea410e5fa000d0,variable_2_4,2,0,65,1,win,random/repetition_1
29,2804,random/repetition_1,random,random,1,1,41,5,loss,variable_2_4/repetition_2
29,2805,random/repetition_1,random,random,1,0,33,5,loss,variable_2_4/repetition_2
29,2805,variable_2_4/repetition_2,bb09607dedb34a45b4ea410e5fa000d0,variable_2_4,2,1,58,1,win,random/repetition_1
29,2806,random/repetition_1,random,random,1,0,41,3,loss,variable_2_4/repetition_2
29,2806,variable_2_4/repetition_2,bb09607dedb34a45b4ea410e5fa000d0,variable_2_4,2,1,53,3,win,random/repetition_1
29,2807,variable_2_4/repetition_2,bb09607dedb34a45b4ea410e5fa000d0,variable_2_4,2,0,47,2,loss,random/repetition_1
29,2807,random/repetition_1,random,random,1,1,48,4,win,variable_2_4/repetition_2
29,2808,variable_2_4/repetition_2,bb09607dedb34a45b4ea410e5fa000d0,variable_2_4,2,0,55,5,win,random/repetition_1
29,2808,random/repetition_1,random,random,1,1,38,2,loss,variable_2_4/repetition_2
29,2809,variable_2_4/repetition_2,bb09607dedb34a45b4ea410e5fa000d0,variable_2_4,2,0,58,3,win,random/repetition_1
29,2809,random/repetition_1,random,random,1,1,33,2,loss,variable_2_4/repetition_2
29,2810,variable_2_4/repetition_2,bb09607dedb34a45b4ea410e5fa000d0,variable_2_4,2,0,55,4,win,random/repetition_1
29,2810,random/repetition_1,random,random,1,1,35,3,loss,variable_2_4/repetition_2
29,2811,variable_2_4/repetition_2,bb09607dedb34a45b4ea410e5fa000d0,variable_2_4,2,0,60,3,win,random/repetition_1
29,2811,random/repetition_1,random,random,1,1,35,3,loss,variable_2_4/repetition_2
29,2812,random/repetition_1,random,random,1,0,54,0,win,variable_2_4/repetition_2
29,2812,variable_2_4/repetition_2,bb09607dedb34a45b4ea410e5fa000d0,variable_2_4,2,1,52,5,loss,random/repetition_1
29,2813,random/repetition_1,random,random,1,0,27,4,loss,variable_2_4/repetition_2
29,2813,variable_2_4/repetition_2,bb09607dedb34a45b4ea410e5fa000d0,variable_2_4,2,1,45,4,win,random/repetition_1
29,2814,random/repetition_1,random,random,1,0,43,5,loss,variable_2_4/repetition_2
29,2814,variable_2_4/repetition_2,bb09607dedb34a45b4ea410e5fa000d0,variable_2_4,2,1,53,2,win,random/repetition_1
29,2815,variable_2_4/repetition_2,bb09607dedb34a45b4ea410e5fa000d0,variable_2_4,2,0,63,2,win,random/repetition_1
29,2815,random/repetition_1,random,random,1,1,43,5,loss,variable_2_4/repetition_2
29,2816,random/repetition_1,random,random,1,0,47,2,loss,variable_2_4/repetition_2
29,2816,variable_2_4/repetition_2,bb09607dedb34a45b4ea410e5fa000d0,variable_2_4,2,1,63,1,win,random/repetition_1
29,2817,variable_2_4/repetition_2,bb09607dedb34a45b4ea410e5fa000d0,variable_2_4,2,0,65,2,win,random/repetition_1
29,2817,random/repetition_1,random,random,1,1,39,6,loss,variable_2_4/repetition_2
29,2818,random/repetition_1,random,random,1,0,44,3,loss,variable_2_4/repetition_2
29,2818,variable_2_4/repetition_2,bb09607dedb34a45b4ea410e5fa000d0,variable_2_4,2,1,57,1,win,random/repetition_1
29,2819,random/repetition_1,random,random,1,0,36,4,loss,variable_2_4/repetition_2
29,2819,variable_2_4/repetition_2,bb09607dedb34a45b4ea410e5fa000d0,variable_2_4,2,1,44,2,win,random/repetition_1
29,2820,random/repetition_1,random,random,1,0,40,4,loss,variable_2_4/repetition_2
29,2820,variable_2_4/repetition_2,bb09607dedb34a45b4ea410e5fa000d0,variable_2_4,2,1,63,1,win,random/repetition_1
29,2821,random/repetition_1,random,random,1,0,40,2,loss,variable_2_4/repetition_2
29,2821,variable_2_4/repetition_2,bb09607dedb34a45b4ea410e5fa000d0,variable_2_4,2,1,60,3,win,random/repetition_1
29,2822,random/repetition_1,random,random,1,0,42,1,loss,variable_2_4/repetition_2
29,2822,variable_2_4/repetition_2,bb09607dedb34a45b4ea410e5fa000d0,variable_2_4,2,1,66,2,win,random/repetition_1
29,2823,random/repetition_1,random,random,1,0,52,5,win,variable_2_4/repetition_2
29,2823,variable_2_4/repetition_2,bb09607dedb34a45b4ea410e5fa000d0,variable_2_4,2,1,52,3,loss,random/repetition_1
29,2824,random/repetition_1,random,random,1,0,39,3,loss,variable_2_4/repetition_2
29,2824,variable_2_4/repetition_2,bb09607dedb34a45b4ea410e5fa000d0,variable_2_4,2,1,64,2,win,random/repetition_1
29,2825,random/repetition_1,random,random,1,0,49,5,loss,variable_2_4/repetition_2
29,2825,variable_2_4/repetition_2,bb09607dedb34a45b4ea410e5fa000d0,variable_2_4,2,1,58,1,win,random/repetition_1
29,2826,random/repetition_1,random,random,1,0,39,3,loss,variable_2_4/repetition_2
29,2826,variable_2_4/repetition_2,bb09607dedb34a45b4ea410e5fa000d0,variable_2_4,2,1,73,2,win,random/repetition_1
29,2827,random/repetition_1,random,random,1,0,43,4,loss,variable_2_4/repetition_2
29,2827,variable_2_4/repetition_2,bb09607dedb34a45b4ea410e5fa000d0,variable_2_4,2,1,53,1,win,random/repetition_1
29,2828,variable_2_4/repetition_2,bb09607dedb34a45b4ea410e5fa000d0,variable_2_4,2,0,49,3,win,random/repetition_1
29,2828,random/repetition_1,random,random,1,1,37,1,loss,variable_2_4/repetition_2
29,2829,variable_2_4/repetition_2,bb09607dedb34a45b4ea410e5fa000d0,variable_2_4,2,0,72,2,win,random/repetition_1
29,2829,random/repetition_1,random,random,1,1,33,3,loss,variable_2_4/repetition_2
29,2830,variable_2_4/repetition_2,bb09607dedb34a45b4ea410e5fa000d0,variable_2_4,2,0,56,1,win,random/repetition_1
29,2830,random/repetition_1,random,random,1,1,45,4,loss,variable_2_4/repetition_2
29,2831,random/repetition_1,random,random,1,0,52,3,loss,variable_2_4/repetition_2
29,2831,variable_2_4/repetition_2,bb09607dedb34a45b4ea410e5fa000d0,variable_2_4,2,1,77,0,win,random/repetition_1
29,2832,random/repetition_1,random,random,1,0,46,4,loss,variable_2_4/repetition_2
29,2832,variable_2_4/repetition_2,bb09607dedb34a45b4ea410e5fa000d0,variable_2_4,2,1,67,1,win,random/repetition_1
29,2833,variable_2_4/repetition_2,bb09607dedb34a45b4ea410e5fa000d0,variable_2_4,2,0,72,2,win,random/repetition_1
29,2833,random/repetition_1,random,random,1,1,43,3,loss,variable_2_4/repetition_2
29,2834,random/repetition_1,random,random,1,0,54,2,loss,variable_2_4/repetition_2
29,2834,variable_2_4/repetition_2,bb09607dedb34a45b4ea410e5fa000d0,variable_2_4,2,1,56,1,win,random/repetition_1
29,2835,variable_2_4/repetition_2,bb09607dedb34a45b4ea410e5fa000d0,variable_2_4,2,0,64,3,win,random/repetition_1
29,2835,random/repetition_1,random,random,1,1,47,1,loss,variable_2_4/repetition_2
29,2836,random/repetition_1,random,random,1,0,49,3,loss,variable_2_4/repetition_2
29,2836,variable_2_4/repetition_2,bb09607dedb34a45b4ea410e5fa000d0,variable_2_4,2,1,58,3,win,random/repetition_1
29,2837,random/repetition_1,random,random,1,0,40,3,loss,variable_2_4/repetition_2
29,2837,variable_2_4/repetition_2,bb09607dedb34a45b4ea410e5fa000d0,variable_2_4,2,1,65,3,win,random/repetition_1
29,2838,variable_2_4/repetition_2,bb09607dedb34a45b4ea410e5fa000d0,variable_2_4,2,0,50,3,win,random/repetition_1
29,2838,random/repetition_1,random,random,1,1,38,3,loss,variable_2_4/repetition_2
29,2839,random/repetition_1,random,random,1,0,40,3,loss,variable_2_4/repetition_2
29,2839,variable_2_4/repetition_2,bb09607dedb34a45b4ea410e5fa000d0,variable_2_4,2,1,68,3,win,random/repetition_1
29,2840,variable_2_4/repetition_2,bb09607dedb34a45b4ea410e5fa000d0,variable_2_4,2,0,57,1,win,random/repetition_1
29,2840,random/repetition_1,random,random,1,1,38,3,loss,variable_2_4/repetition_2
29,2841,random/repetition_1,random,random,1,0,34,2,loss,variable_2_4/repetition_2
29,2841,variable_2_4/repetition_2,bb09607dedb34a45b4ea410e5fa000d0,variable_2_4,2,1,80,2,win,random/repetition_1
29,2842,random/repetition_1,random,random,1,0,34,2,loss,variable_2_4/repetition_2
29,2842,variable_2_4/repetition_2,bb09607dedb34a45b4ea410e5fa000d0,variable_2_4,2,1,56,2,win,random/repetition_1
29,2843,variable_2_4/repetition_2,bb09607dedb34a45b4ea410e5fa000d0,variable_2_4,2,0,64,2,win,random/repetition_1
29,2843,random/repetition_1,random,random,1,1,45,4,loss,variable_2_4/repetition_2
29,2844,variable_2_4/repetition_2,bb09607dedb34a45b4ea410e5fa000d0,variable_2_4,2,0,51,2,win,random/repetition_1
29,2844,random/repetition_1,random,random,1,1,42,3,loss,variable_2_4/repetition_2
29,2845,random/repetition_1,random,random,1,0,38,4,loss,variable_2_4/repetition_2
29,2845,variable_2_4/repetition_2,bb09607dedb34a45b4ea410e5fa000d0,variable_2_4,2,1,59,4,win,random/repetition_1
29,2846,random/repetition_1,random,random,1,0,40,4,loss,variable_2_4/repetition_2
29,2846,variable_2_4/repetition_2,bb09607dedb34a45b4ea410e5fa000d0,variable_2_4,2,1,56,2,win,random/repetition_1
29,2847,random/repetition_1,random,random,1,0,35,3,loss,variable_2_4/repetition_2
29,2847,variable_2_4/repetition_2,bb09607dedb34a45b4ea410e5fa000d0,variable_2_4,2,1,54,3,win,random/repetition_1
29,2848,random/repetition_1,random,random,1,0,39,4,loss,variable_2_4/repetition_2
29,2848,variable_2_4/repetition_2,bb09607dedb34a45b4ea410e5fa000d0,variable_2_4,2,1,60,4,win,random/repetition_1
29,2849,variable_2_4/repetition_2,bb09607dedb34a45b4ea410e5fa000d0,variable_2_4,2,0,60,4,win,random/repetition_1
29,2849,random/repetition_1,random,random,1,1,31,3,loss,variable_2_4/repetition_2
29,2850,random/repetition_1,random,random,1,0,40,6,loss,variable_2_4/repetition_2
29,2850,variable_2_4/repetition_2,bb09607dedb34a45b4ea410e5fa000d0,variable_2_4,2,1,75,1,win,random/repetition_1
29,2851,variable_2_4/repetition_2,bb09607dedb34a45b4ea410e5fa000d0,variable_2_4,2,0,65,3,win,random/repetition_1
29,2851,random/repetition_1,random,random,1,1,39,0,loss,variable_2_4/repetition_2
29,2852,variable_2_4/repetition_2,bb09607dedb34a45b4ea410e5fa000d0,variable_2_4,2,0,52,1,win,random/repetition_1
29,2852,random/repetition_1,random,random,1,1,33,5,loss,variable_2_4/repetition_2
29,2853,random/repetition_1,random,random,1,0,45,3,loss,variable_2_4/repetition_2
29,2853,variable_2_4/repetition_2,bb09607dedb34a45b4ea410e5fa000d0,variable_2_4,2,1,71,3,win,random/repetition_1
29,2854,variable_2_4/repetition_2,bb09607dedb34a45b4ea410e5fa000d0,variable_2_4,2,0,69,3,win,random/repetition_1
29,2854,random/repetition_1,random,random,1,1,48,2,loss,variable_2_4/repetition_2
29,2855,variable_2_4/repetition_2,bb09607dedb34a45b4ea410e5fa000d0,variable_2_4,2,0,50,3,win,random/repetition_1
29,2855,random/repetition_1,random,random,1,1,34,4,loss,variable_2_4/repetition_2
29,2856,variable_2_4/repetition_2,bb09607dedb34a45b4ea410e5fa000d0,variable_2_4,2,0,62,2,win,random/repetition_1
29,2856,random/repetition_1,random,random,1,1,52,4,loss,variable_2_4/repetition_2
29,2857,variable_2_4/repetition_2,bb09607dedb34a45b4ea410e5fa000d0,variable_2_4,2,0,55,1,win,random/repetition_1
29,2857,random/repetition_1,random,random,1,1,41,5,loss,variable_2_4/repetition_2
29,2858,random/repetition_1,random,random,1,0,52,3,loss,variable_2_4/repetition_2
29,2858,variable_2_4/repetition_2,bb09607dedb34a45b4ea410e5fa000d0,variable_2_4,2,1,56,1,win,random/repetition_1
29,2859,random/repetition_1,random,random,1,0,39,4,loss,variable_2_4/repetition_2
29,2859,variable_2_4/repetition_2,bb09607dedb34a45b4ea410e5fa000d0,variable_2_4,2,1,48,2,win,random/repetition_1
29,2860,variable_2_4/repetition_2,bb09607dedb34a45b4ea410e5fa000d0,variable_2_4,2,0,75,3,win,random/repetition_1
29,2860,random/repetition_1,random,random,1,1,45,2,loss,variable_2_4/repetition_2
29,2861,variable_2_4/repetition_2,bb09607dedb34a45b4ea410e5fa000d0,variable_2_4,2,0,57,2,win,random/repetition_1
29,2861,random/repetition_1,random,random,1,1,40,4,loss,variable_2_4/repetition_2
29,2862,variable_2_4/repetition_2,bb09607dedb34a45b4ea410e5fa000d0,variable_2_4,2,0,59,1,win,random/repetition_1
29,2862,random/repetition_1,random,random,1,1,50,3,loss,variable_2_4/repetition_2
29,2863,random/repetition_1,random,random,1,0,34,1,loss,variable_2_4/repetition_2
29,2863,variable_2_4/repetition_2,bb09607dedb34a45b4ea410e5fa000d0,variable_2_4,2,1,76,2,win,random/repetition_1
29,2864,random/repetition_1,random,random,1,0,33,4,loss,variable_2_4/repetition_2
29,2864,variable_2_4/repetition_2,bb09607dedb34a45b4ea410e5fa000d0,variable_2_4,2,1,71,1,win,random/repetition_1
29,2865,variable_2_4/repetition_2,bb09607dedb34a45b4ea410e5fa000d0,variable_2_4,2,0,78,4,win,random/repetition_1
29,2865,random/repetition_1,random,random,1,1,36,3,loss,variable_2_4/repetition_2
29,2866,random/repetition_1,random,random,1,0,42,3,loss,variable_2_4/repetition_2
29,2866,variable_2_4/repetition_2,bb09607dedb34a45b4ea410e5fa000d0,variable_2_4,2,1,67,1,win,random/repetition_1
29,2867,variable_2_4/repetition_2,bb09607dedb34a45b4ea410e5fa000d0,variable_2_4,2,0,51,3,win,random/repetition_1
29,2867,random/repetition_1,random,random,1,1,37,3,loss,variable_2_4/repetition_2
29,2868,random/repetition_1,random,random,1,0,39,3,loss,variable_2_4/repetition_2
29,2868,variable_2_4/repetition_2,bb09607dedb34a45b4ea410e5fa000d0,variable_2_4,2,1,61,3,win,random/repetition_1
29,2869,random/repetition_1,random,random,1,0,34,2,loss,variable_2_4/repetition_2
29,2869,variable_2_4/repetition_2,bb09607dedb34a45b4ea410e5fa000d0,variable_2_4,2,1,67,1,win,random/repetition_1
29,2870,variable_2_4/repetition_2,bb09607dedb34a45b4ea410e5fa000d0,variable_2_4,2,0,50,3,win,random/repetition_1
29,2870,random/repetition_1,random,random,1,1,44,6,loss,variable_2_4/repetition_2
29,2871,variable_2_4/repetition_2,bb09607dedb34a45b4ea410e5fa000d0,variable_2_4,2,0,63,2,win,random/repetition_1
29,2871,random/repetition_1,random,random,1,1,40,2,loss,variable_2_4/repetition_2
29,2872,variable_2_4/repetition_2,bb09607dedb34a45b4ea410e5fa000d0,variable_2_4,2,0,57,1,win,random/repetition_1
29,2872,random/repetition_1,random,random,1,1,30,5,loss,variable_2_4/repetition_2
29,2873,random/repetition_1,random,random,1,0,40,3,loss,variable_2_4/repetition_2
29,2873,variable_2_4/repetition_2,bb09607dedb34a45b4ea410e5fa000d0,variable_2_4,2,1,69,0,win,random/repetition_1
29,2874,random/repetition_1,random,random,1,0,43,2,loss,variable_2_4/repetition_2
29,2874,variable_2_4/repetition_2,bb09607dedb34a45b4ea410e5fa000d0,variable_2_4,2,1,60,1,win,random/repetition_1
29,2875,variable_2_4/repetition_2,bb09607dedb34a45b4ea410e5fa000d0,variable_2_4,2,0,74,2,win,random/repetition_1
29,2875,random/repetition_1,random,random,1,1,42,5,loss,variable_2_4/repetition_2
29,2876,random/repetition_1,random,random,1,0,31,4,loss,variable_2_4/repetition_2
29,2876,variable_2_4/repetition_2,bb09607dedb34a45b4ea410e5fa000d0,variable_2_4,2,1,65,2,win,random/repetition_1
29,2877,random/repetition_1,random,random,1,0,35,2,loss,variable_2_4/repetition_2
29,2877,variable_2_4/repetition_2,bb09607dedb34a45b4ea410e5fa000d0,variable_2_4,2,1,67,2,win,random/repetition_1
29,2878,random/repetition_1,random,random,1,0,41,4,loss,variable_2_4/repetition_2
29,2878,variable_2_4/repetition_2,bb09607dedb34a45b4ea410e5fa000d0,variable_2_4,2,1,65,1,win,random/repetition_1
29,2879,random/repetition_1,random,random,1,0,45,2,loss,variable_2_4/repetition_2
29,2879,variable_2_4/repetition_2,bb09607dedb34a45b4ea410e5fa000d0,variable_2_4,2,1,52,3,win,random/repetition_1
29,2880,variable_2_4/repetition_2,bb09607dedb34a45b4ea410e5fa000d0,variable_2_4,2,0,65,1,win,random/repetition_1
29,2880,random/repetition_1,random,random,1,1,36,6,loss,variable_2_4/repetition_2
29,2881,variable_2_4/repetition_2,bb09607dedb34a45b4ea410e5fa000d0,variable_2_4,2,0,64,1,win,random/repetition_1
29,2881,random/repetition_1,random,random,1,1,26,4,loss,variable_2_4/repetition_2
29,2882,random/repetition_1,random,random,1,0,39,4,loss,variable_2_4/repetition_2
29,2882,variable_2_4/repetition_2,bb09607dedb34a45b4ea410e5fa000d0,variable_2_4,2,1,60,1,win,random/repetition_1
29,2883,variable_2_4/repetition_2,bb09607dedb34a45b4ea410e5fa000d0,variable_2_4,2,0,58,2,win,random/repetition_1
29,2883,random/repetition_1,random,random,1,1,44,4,loss,variable_2_4/repetition_2
29,2884,random/repetition_1,random,random,1,0,34,2,loss,variable_2_4/repetition_2
29,2884,variable_2_4/repetition_2,bb09607dedb34a45b4ea410e5fa000d0,variable_2_4,2,1,60,4,win,random/repetition_1
29,2885,random/repetition_1,random,random,1,0,30,3,loss,variable_2_4/repetition_2
29,2885,variable_2_4/repetition_2,bb09607dedb34a45b4ea410e5fa000d0,variable_2_4,2,1,58,4,win,random/repetition_1
29,2886,random/repetition_1,random,random,1,0,39,5,loss,variable_2_4/repetition_2
29,2886,variable_2_4/repetition_2,bb09607dedb34a45b4ea410e5fa000d0,variable_2_4,2,1,65,2,win,random/repetition_1
29,2887,random/repetition_1,random,random,1,0,36,4,loss,variable_2_4/repetition_2
29,2887,variable_2_4/repetition_2,bb09607dedb34a45b4ea410e5fa000d0,variable_2_4,2,1,61,1,win,random/repetition_1
29,2888,variable_2_4/repetition_2,bb09607dedb34a45b4ea410e5fa000d0,variable_2_4,2,0,58,2,win,random/repetition_1
29,2888,random/repetition_1,random,random,1,1,45,4,loss,variable_2_4/repetition_2
29,2889,variable_2_4/repetition_2,bb09607dedb34a45b4ea410e5fa000d0,variable_2_4,2,0,59,3,win,random/repetition_1
29,2889,random/repetition_1,random,random,1,1,50,3,loss,variable_2_4/repetition_2
29,2890,variable_2_4/repetition_2,bb09607dedb34a45b4ea410e5fa000d0,variable_2_4,2,0,58,2,win,random/repetition_1
29,2890,random/repetition_1,random,random,1,1,37,4,loss,variable_2_4/repetition_2
29,2891,random/repetition_1,random,random,1,0,43,6,loss,variable_2_4/repetition_2
29,2891,variable_2_4/repetition_2,bb09607dedb34a45b4ea410e5fa000d0,variable_2_4,2,1,65,1,win,random/repetition_1
29,2892,random/repetition_1,random,random,1,0,45,4,loss,variable_2_4/repetition_2
29,2892,variable_2_4/repetition_2,bb09607dedb34a45b4ea410e5fa000d0,variable_2_4,2,1,50,4,win,random/repetition_1
29,2893,variable_2_4/repetition_2,bb09607dedb34a45b4ea410e5fa000d0,variable_2_4,2,0,67,2,win,random/repetition_1
29,2893,random/repetition_1,random,random,1,1,39,6,loss,variable_2_4/repetition_2
29,2894,random/repetition_1,random,random,1,0,45,4,loss,variable_2_4/repetition_2
29,2894,variable_2_4/repetition_2,bb09607dedb34a45b4ea410e5fa000d0,variable_2_4,2,1,65,2,win,random/repetition_1
29,2895,random/repetition_1,random,random,1,0,46,3,loss,variable_2_4/repetition_2
29,2895,variable_2_4/repetition_2,bb09607dedb34a45b4ea410e5fa000d0,variable_2_4,2,1,48,1,win,random/repetition_1
29,2896,variable_2_4/repetition_2,bb09607dedb34a45b4ea410e5fa000d0,variable_2_4,2,0,73,4,win,random/repetition_1
29,2896,random/repetition_1,random,random,1,1,45,3,loss,variable_2_4/repetition_2
29,2897,random/repetition_1,random,random,1,0,54,4,loss,variable_2_4/repetition_2
29,2897,variable_2_4/repetition_2,bb09607dedb34a45b4ea410e5fa000d0,variable_2_4,2,1,65,2,win,random/repetition_1
29,2898,random/repetition_1,random,random,1,0,36,4,loss,variable_2_4/repetition_2
29,2898,variable_2_4/repetition_2,bb09607dedb34a45b4ea410e5fa000d0,variable_2_4,2,1,66,1,win,random/repetition_1
29,2899,variable_2_4/repetition_2,bb09607dedb34a45b4ea410e5fa000d0,variable_2_4,2,0,55,2,win,random/repetition_1
29,2899,random/repetition_1,random,random,1,1,39,4,loss,variable_2_4/repetition_2
29,2900,random/repetition_1,random,random,1,0,46,5,loss,variable_2_4/repetition_2
29,2900,variable_2_4/repetition_2,bb09607dedb34a45b4ea410e5fa000d0,variable_2_4,2,1,62,1,win,random/repetition_1
30,2901,variable_encoder_2_4/repetition_1,420770657a844be6ab5e55e02edf3782,variable_encoder_2_4,1,0,57,2,win,variable_2_4/repetition_3
30,2901,variable_2_4/repetition_3,982b1b91707d4b87abdfcc7aecfa5350,variable_2_4,3,1,41,2,loss,variable_encoder_2_4/repetition_1
30,2902,variable_encoder_2_4/repetition_1,420770657a844be6ab5e55e02edf3782,variable_encoder_2_4,1,0,57,5,win,variable_2_4/repetition_3
30,2902,variable_2_4/repetition_3,982b1b91707d4b87abdfcc7aecfa5350,variable_2_4,3,1,51,0,loss,variable_encoder_2_4/repetition_1
30,2903,variable_encoder_2_4/repetition_1,420770657a844be6ab5e55e02edf3782,variable_encoder_2_4,1,0,60,3,win,variable_2_4/repetition_3
30,2903,variable_2_4/repetition_3,982b1b91707d4b87abdfcc7aecfa5350,variable_2_4,3,1,54,1,loss,variable_encoder_2_4/repetition_1
30,2904,variable_encoder_2_4/repetition_1,420770657a844be6ab5e55e02edf3782,variable_encoder_2_4,1,0,50,4,win,variable_2_4/repetition_3
30,2904,variable_2_4/repetition_3,982b1b91707d4b87abdfcc7aecfa5350,variable_2_4,3,1,48,1,loss,variable_encoder_2_4/repetition_1
30,2905,variable_encoder_2_4/repetition_1,420770657a844be6ab5e55e02edf3782,variable_encoder_2_4,1,0,51,3,loss,variable_2_4/repetition_3
30,2905,variable_2_4/repetition_3,982b1b91707d4b87abdfcc7aecfa5350,variable_2_4,3,1,54,1,win,variable_encoder_2_4/repetition_1
30,2906,variable_2_4/repetition_3,982b1b91707d4b87abdfcc7aecfa5350,variable_2_4,3,0,50,3,loss,variable_encoder_2_4/repetition_1
30,2906,variable_encoder_2_4/repetition_1,420770657a844be6ab5e55e02edf3782,variable_encoder_2_4,1,1,55,5,win,variable_2_4/repetition_3
30,2907,variable_encoder_2_4/repetition_1,420770657a844be6ab5e55e02edf3782,variable_encoder_2_4,1,0,63,5,win,variable_2_4/repetition_3
30,2907,variable_2_4/repetition_3,982b1b91707d4b87abdfcc7aecfa5350,variable_2_4,3,1,56,0,loss,variable_encoder_2_4/repetition_1
30,2908,variable_2_4/repetition_3,982b1b91707d4b87abdfcc7aecfa5350,variable_2_4,3,0,55,1,win,variable_encoder_2_4/repetition_1
30,2908,variable_encoder_2_4/repetition_1,420770657a844be6ab5e55e02edf3782,variable_encoder_2_4,1,1,52,5,loss,variable_2_4/repetition_3
30,2909,variable_2_4/repetition_3,982b1b91707d4b87abdfcc7aecfa5350,variable_2_4,3,0,52,2,win,variable_encoder_2_4/repetition_1
30,2909,variable_encoder_2_4/repetition_1,420770657a844be6ab5e55e02edf3782,variable_encoder_2_4,1,1,50,2,loss,variable_2_4/repetition_3
30,2910,variable_encoder_2_4/repetition_1,420770657a844be6ab5e55e02edf3782,variable_encoder_2_4,1,0,59,1,win,variable_2_4/repetition_3
30,2910,variable_2_4/repetition_3,982b1b91707d4b87abdfcc7aecfa5350,variable_2_4,3,1,55,2,loss,variable_encoder_2_4/repetition_1
30,2911,variable_encoder_2_4/repetition_1,420770657a844be6ab5e55e02edf3782,variable_encoder_2_4,1,0,52,5,loss,variable_2_4/repetition_3
30,2911,variable_2_4/repetition_3,982b1b91707d4b87abdfcc7aecfa5350,variable_2_4,3,1,59,0,win,variable_encoder_2_4/repetition_1
30,2912,variable_2_4/repetition_3,982b1b91707d4b87abdfcc7aecfa5350,variable_2_4,3,0,54,1,loss,variable_encoder_2_4/repetition_1
30,2912,variable_encoder_2_4/repetition_1,420770657a844be6ab5e55e02edf3782,variable_encoder_2_4,1,1,56,5,win,variable_2_4/repetition_3
30,2913,variable_encoder_2_4/repetition_1,420770657a844be6ab5e55e02edf3782,variable_encoder_2_4,1,0,60,4,win,variable_2_4/repetition_3
30,2913,variable_2_4/repetition_3,982b1b91707d4b87abdfcc7aecfa5350,variable_2_4,3,1,56,1,loss,variable_encoder_2_4/repetition_1
30,2914,variable_encoder_2_4/repetition_1,420770657a844be6ab5e55e02edf3782,variable_encoder_2_4,1,0,57,5,win,variable_2_4/repetition_3
30,2914,variable_2_4/repetition_3,982b1b91707d4b87abdfcc7aecfa5350,variable_2_4,3,1,48,1,loss,variable_encoder_2_4/repetition_1
30,2915,variable_encoder_2_4/repetition_1,420770657a844be6ab5e55e02edf3782,variable_encoder_2_4,1,0,54,4,win,variable_2_4/repetition_3
30,2915,variable_2_4/repetition_3,982b1b91707d4b87abdfcc7aecfa5350,variable_2_4,3,1,51,4,loss,variable_encoder_2_4/repetition_1
30,2916,variable_2_4/repetition_3,982b1b91707d4b87abdfcc7aecfa5350,variable_2_4,3,0,64,0,win,variable_encoder_2_4/repetition_1
30,2916,variable_encoder_2_4/repetition_1,420770657a844be6ab5e55e02edf3782,variable_encoder_2_4,1,1,53,3,loss,variable_2_4/repetition_3
30,2917,variable_encoder_2_4/repetition_1,420770657a844be6ab5e55e02edf3782,variable_encoder_2_4,1,0,55,2,loss,variable_2_4/repetition_3
30,2917,variable_2_4/repetition_3,982b1b91707d4b87abdfcc7aecfa5350,variable_2_4,3,1,60,3,win,variable_encoder_2_4/repetition_1
30,2918,variable_encoder_2_4/repetition_1,420770657a844be6ab5e55e02edf3782,variable_encoder_2_4,1,0,64,5,win,variable_2_4/repetition_3
30,2918,variable_2_4/repetition_3,982b1b91707d4b87abdfcc7aecfa5350,variable_2_4,3,1,50,3,loss,variable_encoder_2_4/repetition_1
30,2919,variable_encoder_2_4/repetition_1,420770657a844be6ab5e55e02edf3782,variable_encoder_2_4,1,0,57,5,win,variable_2_4/repetition_3
30,2919,variable_2_4/repetition_3,982b1b91707d4b87abdfcc7aecfa5350,variable_2_4,3,1,51,1,loss,variable_encoder_2_4/repetition_1
30,2920,variable_encoder_2_4/repetition_1,420770657a844be6ab5e55e02edf3782,variable_encoder_2_4,1,0,51,5,win,variable_2_4/repetition_3
30,2920,variable_2_4/repetition_3,982b1b91707d4b87abdfcc7aecfa5350,variable_2_4,3,1,51,0,loss,variable_encoder_2_4/repetition_1
30,2921,variable_2_4/repetition_3,982b1b91707d4b87abdfcc7aecfa5350,variable_2_4,3,0,57,2,loss,variable_encoder_2_4/repetition_1
30,2921,variable_encoder_2_4/repetition_1,420770657a844be6ab5e55e02edf3782,variable_encoder_2_4,1,1,67,3,win,variable_2_4/repetition_3
30,2922,variable_encoder_2_4/repetition_1,420770657a844be6ab5e55e02edf3782,variable_encoder_2_4,1,0,49,3,loss,variable_2_4/repetition_3
30,2922,variable_2_4/repetition_3,982b1b91707d4b87abdfcc7aecfa5350,variable_2_4,3,1,58,4,win,variable_encoder_2_4/repetition_1
30,2923,variable_encoder_2_4/repetition_1,420770657a844be6ab5e55e02edf3782,variable_encoder_2_4,1,0,46,5,loss,variable_2_4/repetition_3
30,2923,variable_2_4/repetition_3,982b1b91707d4b87abdfcc7aecfa5350,variable_2_4,3,1,53,1,win,variable_encoder_2_4/repetition_1
30,2924,variable_encoder_2_4/repetition_1,420770657a844be6ab5e55e02edf3782,variable_encoder_2_4,1,0,56,4,loss,variable_2_4/repetition_3
30,2924,variable_2_4/repetition_3,982b1b91707d4b87abdfcc7aecfa5350,variable_2_4,3,1,58,0,win,variable_encoder_2_4/repetition_1
30,2925,variable_2_4/repetition_3,982b1b91707d4b87abdfcc7aecfa5350,variable_2_4,3,0,42,2,loss,variable_encoder_2_4/repetition_1
30,2925,variable_encoder_2_4/repetition_1,420770657a844be6ab5e55e02edf3782,variable_encoder_2_4,1,1,54,4,win,variable_2_4/repetition_3
30,2926,variable_encoder_2_4/repetition_1,420770657a844be6ab5e55e02edf3782,variable_encoder_2_4,1,0,62,5,win,variable_2_4/repetition_3
30,2926,variable_2_4/repetition_3,982b1b91707d4b87abdfcc7aecfa5350,variable_2_4,3,1,50,0,loss,variable_encoder_2_4/repetition_1
30,2927,variable_2_4/repetition_3,982b1b91707d4b87abdfcc7aecfa5350,variable_2_4,3,0,45,1,loss,variable_encoder_2_4/repetition_1
30,2927,variable_encoder_2_4/repetition_1,420770657a844be6ab5e55e02edf3782,variable_encoder_2_4,1,1,54,3,win,variable_2_4/repetition_3
30,2928,variable_2_4/repetition_3,982b1b91707d4b87abdfcc7aecfa5350,variable_2_4,3,0,54,3,loss,variable_encoder_2_4/repetition_1
30,2928,variable_encoder_2_4/repetition_1,420770657a844be6ab5e55e02edf3782,variable_encoder_2_4,1,1,61,4,win,variable_2_4/repetition_3
30,2929,variable_encoder_2_4/repetition_1,420770657a844be6ab5e55e02edf3782,variable_encoder_2_4,1,0,48,4,win,variable_2_4/repetition_3
30,2929,variable_2_4/repetition_3,982b1b91707d4b87abdfcc7aecfa5350,variable_2_4,3,1,46,4,loss,variable_encoder_2_4/repetition_1
30,2930,variable_2_4/repetition_3,982b1b91707d4b87abdfcc7aecfa5350,variable_2_4,3,0,51,2,loss,variable_encoder_2_4/repetition_1
30,2930,variable_encoder_2_4/repetition_1,420770657a844be6ab5e55e02edf3782,variable_encoder_2_4,1,1,58,5,win,variable_2_4/repetition_3
30,2931,variable_encoder_2_4/repetition_1,420770657a844be6ab5e55e02edf3782,variable_encoder_2_4,1,0,66,6,win,variable_2_4/repetition_3
30,2931,variable_2_4/repetition_3,982b1b91707d4b87abdfcc7aecfa5350,variable_2_4,3,1,55,1,loss,variable_encoder_2_4/repetition_1
30,2932,variable_encoder_2_4/repetition_1,420770657a844be6ab5e55e02edf3782,variable_encoder_2_4,1,0,66,4,win,variable_2_4/repetition_3
30,2932,variable_2_4/repetition_3,982b1b91707d4b87abdfcc7aecfa5350,variable_2_4,3,1,37,5,loss,variable_encoder_2_4/repetition_1
30,2933,variable_encoder_2_4/repetition_1,420770657a844be6ab5e55e02edf3782,variable_encoder_2_4,1,0,58,2,win,variable_2_4/repetition_3
30,2933,variable_2_4/repetition_3,982b1b91707d4b87abdfcc7aecfa5350,variable_2_4,3,1,55,1,loss,variable_encoder_2_4/repetition_1
30,2934,variable_encoder_2_4/repetition_1,420770657a844be6ab5e55e02edf3782,variable_encoder_2_4,1,0,65,4,win,variable_2_4/repetition_3
30,2934,variable_2_4/repetition_3,982b1b91707d4b87abdfcc7aecfa5350,variable_2_4,3,1,53,2,loss,variable_encoder_2_4/repetition_1
30,2935,variable_encoder_2_4/repetition_1,420770657a844be6ab5e55e02edf3782,variable_encoder_2_4,1,0,62,2,win,variable_2_4/repetition_3
30,2935,variable_2_4/repetition_3,982b1b91707d4b87abdfcc7aecfa5350,variable_2_4,3,1,57,1,loss,variable_encoder_2_4/repetition_1
30,2936,variable_encoder_2_4/repetition_1,420770657a844be6ab5e55e02edf3782,variable_encoder_2_4,1,0,67,4,win,variable_2_4/repetition_3
30,2936,variable_2_4/repetition_3,982b1b91707d4b87abdfcc7aecfa5350,variable_2_4,3,1,62,1,loss,variable_encoder_2_4/repetition_1
30,2937,variable_2_4/repetition_3,982b1b91707d4b87abdfcc7aecfa5350,variable_2_4,3,0,50,1,loss,variable_encoder_2_4/repetition_1
30,2937,variable_encoder_2_4/repetition_1,420770657a844be6ab5e55e02edf3782,variable_encoder_2_4,1,1,52,4,win,variable_2_4/repetition_3
30,2938,variable_2_4/repetition_3,982b1b91707d4b87abdfcc7aecfa5350,variable_2_4,3,0,38,2,loss,variable_encoder_2_4/repetition_1
30,2938,variable_encoder_2_4/repetition_1,420770657a844be6ab5e55e02edf3782,variable_encoder_2_4,1,1,50,4,win,variable_2_4/repetition_3
30,2939,variable_encoder_2_4/repetition_1,420770657a844be6ab5e55e02edf3782,variable_encoder_2_4,1,0,53,6,win,variable_2_4/repetition_3
30,2939,variable_2_4/repetition_3,982b1b91707d4b87abdfcc7aecfa5350,variable_2_4,3,1,37,2,loss,variable_encoder_2_4/repetition_1
30,2940,variable_encoder_2_4/repetition_1,420770657a844be6ab5e55e02edf3782,variable_encoder_2_4,1,0,47,5,win,variable_2_4/repetition_3
30,2940,variable_2_4/repetition_3,982b1b91707d4b87abdfcc7aecfa5350,variable_2_4,3,1,40,3,loss,variable_encoder_2_4/repetition_1
30,2941,variable_encoder_2_4/repetition_1,420770657a844be6ab5e55e02edf3782,variable_encoder_2_4,1,0,61,3,win,variable_2_4/repetition_3
30,2941,variable_2_4/repetition_3,982b1b91707d4b87abdfcc7aecfa5350,variable_2_4,3,1,50,2,loss,variable_encoder_2_4/repetition_1
30,2942,variable_2_4/repetition_3,982b1b91707d4b87abdfcc7aecfa5350,variable_2_4,3,0,50,2,loss,variable_encoder_2_4/repetition_1
30,2942,variable_encoder_2_4/repetition_1,420770657a844be6ab5e55e02edf3782,variable_encoder_2_4,1,1,62,1,win,variable_2_4/repetition_3
30,2943,variable_2_4/repetition_3,982b1b91707d4b87abdfcc7aecfa5350,variable_2_4,3,0,54,2,loss,variable_encoder_2_4/repetition_1
30,2943,variable_encoder_2_4/repetition_1,420770657a844be6ab5e55e02edf3782,variable_encoder_2_4,1,1,61,4,win,variable_2_4/repetition_3
30,2944,variable_2_4/repetition_3,982b1b91707d4b87abdfcc7aecfa5350,variable_2_4,3,0,57,4,loss,variable_encoder_2_4/repetition_1
30,2944,variable_encoder_2_4/repetition_1,420770657a844be6ab5e55e02edf3782,variable_encoder_2_4,1,1,67,4,win,variable_2_4/repetition_3
30,2945,variable_2_4/repetition_3,982b1b91707d4b87abdfcc7aecfa5350,variable_2_4,3,0,46,1,loss,variable_encoder_2_4/repetition_1
30,2945,variable_encoder_2_4/repetition_1,420770657a844be6ab5e55e02edf3782,variable_encoder_2_4,1,1,54,5,win,variable_2_4/repetition_3
30,2946,variable_2_4/repetition_3,982b1b91707d4b87abdfcc7aecfa5350,variable_2_4,3,0,46,4,loss,variable_encoder_2_4/repetition_1
30,2946,variable_encoder_2_4/repetition_1,420770657a844be6ab5e55e02edf3782,variable_encoder_2_4,1,1,58,3,win,variable_2_4/repetition_3
30,2947,variable_2_4/repetition_3,982b1b91707d4b87abdfcc7aecfa5350,variable_2_4,3,0,67,3,win,variable_encoder_2_4/repetition_1
30,2947,variable_encoder_2_4/repetition_1,420770657a844be6ab5e55e02edf3782,variable_encoder_2_4,1,1,55,3,loss,variable_2_4/repetition_3
30,2948,variable_encoder_2_4/repetition_1,420770657a844be6ab5e55e02edf3782,variable_encoder_2_4,1,0,58,5,win,variable_2_4/repetition_3
30,2948,variable_2_4/repetition_3,982b1b91707d4b87abdfcc7aecfa5350,variable_2_4,3,1,53,2,loss,variable_encoder_2_4/repetition_1
30,2949,variable_2_4/repetition_3,982b1b91707d4b87abdfcc7aecfa5350,variable_2_4,3,0,51,2,loss,variable_encoder_2_4/repetition_1
30,2949,variable_encoder_2_4/repetition_1,420770657a844be6ab5e55e02edf3782,variable_encoder_2_4,1,1,54,5,win,variable_2_4/repetition_3
30,2950,variable_2_4/repetition_3,982b1b91707d4b87abdfcc7aecfa5350,variable_2_4,3,0,61,2,loss,variable_encoder_2_4/repetition_1
30,2950,variable_encoder_2_4/repetition_1,420770657a844be6ab5e55e02edf3782,variable_encoder_2_4,1,1,65,5,win,variable_2_4/repetition_3
30,2951,variable_2_4/repetition_3,982b1b91707d4b87abdfcc7aecfa5350,variable_2_4,3,0,36,4,loss,variable_encoder_2_4/repetition_1
30,2951,variable_encoder_2_4/repetition_1,420770657a844be6ab5e55e02edf3782,variable_encoder_2_4,1,1,62,5,win,variable_2_4/repetition_3
30,2952,variable_2_4/repetition_3,982b1b91707d4b87abdfcc7aecfa5350,variable_2_4,3,0,57,2,loss,variable_encoder_2_4/repetition_1
30,2952,variable_encoder_2_4/repetition_1,420770657a844be6ab5e55e02edf3782,variable_encoder_2_4,1,1,59,4,win,variable_2_4/repetition_3
30,2953,variable_2_4/repetition_3,982b1b91707d4b87abdfcc7aecfa5350,variable_2_4,3,0,51,3,loss,variable_encoder_2_4/repetition_1
30,2953,variable_encoder_2_4/repetition_1,420770657a844be6ab5e55e02edf3782,variable_encoder_2_4,1,1,67,3,win,variable_2_4/repetition_3
30,2954,variable_2_4/repetition_3,982b1b91707d4b87abdfcc7aecfa5350,variable_2_4,3,0,51,4,loss,variable_encoder_2_4/repetition_1
30,2954,variable_encoder_2_4/repetition_1,420770657a844be6ab5e55e02edf3782,variable_encoder_2_4,1,1,58,4,win,variable_2_4/repetition_3
30,2955,variable_encoder_2_4/repetition_1,420770657a844be6ab5e55e02edf3782,variable_encoder_2_4,1,0,55,6,loss,variable_2_4/repetition_3
30,2955,variable_2_4/repetition_3,982b1b91707d4b87abdfcc7aecfa5350,variable_2_4,3,1,60,0,win,variable_encoder_2_4/repetition_1
30,2956,variable_encoder_2_4/repetition_1,420770657a844be6ab5e55e02edf3782,variable_encoder_2_4,1,0,68,3,win,variable_2_4/repetition_3
30,2956,variable_2_4/repetition_3,982b1b91707d4b87abdfcc7aecfa5350,variable_2_4,3,1,50,2,loss,variable_encoder_2_4/repetition_1
30,2957,variable_2_4/repetition_3,982b1b91707d4b87abdfcc7aecfa5350,variable_2_4,3,0,38,2,loss,variable_encoder_2_4/repetition_1
30,2957,variable_encoder_2_4/repetition_1,420770657a844be6ab5e55e02edf3782,variable_encoder_2_4,1,1,63,5,win,variable_2_4/repetition_3
30,2958,variable_2_4/repetition_3,982b1b91707d4b87abdfcc7aecfa5350,variable_2_4,3,0,50,0,loss,variable_encoder_2_4/repetition_1
30,2958,variable_encoder_2_4/repetition_1,420770657a844be6ab5e55e02edf3782,variable_encoder_2_4,1,1,55,3,win,variable_2_4/repetition_3
30,2959,variable_2_4/repetition_3,982b1b91707d4b87abdfcc7aecfa5350,variable_2_4,3,0,40,4,loss,variable_encoder_2_4/repetition_1
30,2959,variable_encoder_2_4/repetition_1,420770657a844be6ab5e55e02edf3782,variable_encoder_2_4,1,1,43,3,win,variable_2_4/repetition_3
30,2960,variable_encoder_2_4/repetition_1,420770657a844be6ab5e55e02edf3782,variable_encoder_2_4,1,0,53,4,loss,variable_2_4/repetition_3
30,2960,variable_2_4/repetition_3,982b1b91707d4b87abdfcc7aecfa5350,variable_2_4,3,1,57,1,win,variable_encoder_2_4/repetition_1
30,2961,variable_2_4/repetition_3,982b1b91707d4b87abdfcc7aecfa5350,variable_2_4,3,0,58,3,loss,variable_encoder_2_4/repetition_1
30,2961,variable_encoder_2_4/repetition_1,420770657a844be6ab5e55e02edf3782,variable_encoder_2_4,1,1,61,3,win,variable_2_4/repetition_3
30,2962,variable_2_4/repetition_3,982b1b91707d4b87abdfcc7aecfa5350,variable_2_4,3,0,56,0,loss,variable_encoder_2_4/repetition_1
30,2962,variable_encoder_2_4/repetition_1,420770657a844be6ab5e55e02edf3782,variable_encoder_2_4,1,1,57,4,win,variable_2_4/repetition_3
30,2963,variable_2_4/repetition_3,982b1b91707d4b87abdfcc7aecfa5350,variable_2_4,3,0,56,0,win,variable_encoder_2_4/repetition_1
30,2963,variable_encoder_2_4/repetition_1,420770657a844be6ab5e55e02edf3782,variable_encoder_2_4,1,1,44,5,loss,variable_2_4/repetition_3
30,2964,variable_encoder_2_4/repetition_1,420770657a844be6ab5e55e02edf3782,variable_encoder_2_4,1,0,49,6,win,variable_2_4/repetition_3
30,2964,variable_2_4/repetition_3,982b1b91707d4b87abdfcc7aecfa5350,variable_2_4,3,1,44,1,loss,variable_encoder_2_4/repetition_1
30,2965,variable_2_4/repetition_3,982b1b91707d4b87abdfcc7aecfa5350,variable_2_4,3,0,56,2,loss,variable_encoder_2_4/repetition_1
30,2965,variable_encoder_2_4/repetition_1,420770657a844be6ab5e55e02edf3782,variable_encoder_2_4,1,1,59,4,win,variable_2_4/repetition_3
30,2966,variable_encoder_2_4/repetition_1,420770657a844be6ab5e55e02edf3782,variable_encoder_2_4,1,0,49,5,loss,variable_2_4/repetition_3
30,2966,variable_2_4/repetition_3,982b1b91707d4b87abdfcc7aecfa5350,variable_2_4,3,1,53,2,win,variable_encoder_2_4/repetition_1
30,2967,variable_2_4/repetition_3,982b1b91707d4b87abdfcc7aecfa5350,variable_2_4,3,0,64,1,loss,variable_encoder_2_4/repetition_1
30,2967,variable_encoder_2_4/repetition_1,420770657a844be6ab5e55e02edf3782,variable_encoder_2_4,1,1,65,5,win,variable_2_4/repetition_3
30,2968,variable_encoder_2_4/repetition_1,420770657a844be6ab5e55e02edf3782,variable_encoder_2_4,1,0,67,3,win,variable_2_4/repetition_3
30,2968,variable_2_4/repetition_3,982b1b91707d4b87abdfcc7aecfa5350,variable_2_4,3,1,62,0,loss,variable_encoder_2_4/repetition_1
30,2969,variable_2_4/repetition_3,982b1b91707d4b87abdfcc7aecfa5350,variable_2_4,3,0,56,1,loss,variable_encoder_2_4/repetition_1
30,2969,variable_encoder_2_4/repetition_1,420770657a844be6ab5e55e02edf3782,variable_encoder_2_4,1,1,57,7,win,variable_2_4/repetition_3
30,2970,variable_encoder_2_4/repetition_1,420770657a844be6ab5e55e02edf3782,variable_encoder_2_4,1,0,61,2,win,variable_2_4/repetition_3
30,2970,variable_2_4/repetition_3,982b1b91707d4b87abdfcc7aecfa5350,variable_2_4,3,1,51,2,loss,variable_encoder_2_4/repetition_1
30,2971,variable_2_4/repetition_3,982b1b91707d4b87abdfcc7aecfa5350,variable_2_4,3,0,62,1,win,variable_encoder_2_4/repetition_1
30,2971,variable_encoder_2_4/repetition_1,420770657a844be6ab5e55e02edf3782,variable_encoder_2_4,1,1,60,4,loss,variable_2_4/repetition_3
30,2972,variable_encoder_2_4/repetition_1,420770657a844be6ab5e55e02edf3782,variable_encoder_2_4,1,0,65,4,win,variable_2_4/repetition_3
30,2972,variable_2_4/repetition_3,982b1b91707d4b87abdfcc7aecfa5350,variable_2_4,3,1,60,1,loss,variable_encoder_2_4/repetition_1
30,2973,variable_encoder_2_4/repetition_1,420770657a844be6ab5e55e02edf3782,variable_encoder_2_4,1,0,57,4,loss,variable_2_4/repetition_3
30,2973,variable_2_4/repetition_3,982b1b91707d4b87abdfcc7aecfa5350,variable_2_4,3,1,62,1,win,variable_encoder_2_4/repetition_1
30,2974,variable_2_4/repetition_3,982b1b91707d4b87abdfcc7aecfa5350,variable_2_4,3,0,45,1,loss,variable_encoder_2_4/repetition_1
30,2974,variable_encoder_2_4/repetition_1,420770657a844be6ab5e55e02edf3782,variable_encoder_2_4,1,1,46,5,win,variable_2_4/repetition_3
30,2975,variable_2_4/repetition_3,982b1b91707d4b87abdfcc7aecfa5350,variable_2_4,3,0,42,4,loss,variable_encoder_2_4/repetition_1
30,2975,variable_encoder_2_4/repetition_1,420770657a844be6ab5e55e02edf3782,variable_encoder_2_4,1,1,59,2,win,variable_2_4/repetition_3
30,2976,variable_2_4/repetition_3,982b1b91707d4b87abdfcc7aecfa5350,variable_2_4,3,0,48,1,loss,variable_encoder_2_4/repetition_1
30,2976,variable_encoder_2_4/repetition_1,420770657a844be6ab5e55e02edf3782,variable_encoder_2_4,1,1,70,4,win,variable_2_4/repetition_3
30,2977,variable_encoder_2_4/repetition_1,420770657a844be6ab5e55e02edf3782,variable_encoder_2_4,1,0,52,5,loss,variable_2_4/repetition_3
30,2977,variable_2_4/repetition_3,982b1b91707d4b87abdfcc7aecfa5350,variable_2_4,3,1,54,0,win,variable_encoder_2_4/repetition_1
30,2978,variable_2_4/repetition_3,982b1b91707d4b87abdfcc7aecfa5350,variable_2_4,3,0,63,2,loss,variable_encoder_2_4/repetition_1
30,2978,variable_encoder_2_4/repetition_1,420770657a844be6ab5e55e02edf3782,variable_encoder_2_4,1,1,66,2,win,variable_2_4/repetition_3
30,2979,variable_2_4/repetition_3,982b1b91707d4b87abdfcc7aecfa5350,variable_2_4,3,0,52,3,loss,variable_encoder_2_4/repetition_1
30,2979,variable_encoder_2_4/repetition_1,420770657a844be6ab5e55e02edf3782,variable_encoder_2_4,1,1,53,3,win,variable_2_4/repetition_3
30,2980,variable_encoder_2_4/repetition_1,420770657a844be6ab5e55e02edf3782,variable_encoder_2_4,1,0,58,4,win,variable_2_4/repetition_3
30,2980,variable_2_4/repetition_3,982b1b91707d4b87abdfcc7aecfa5350,variable_2_4,3,1,50,2,loss,variable_encoder_2_4/repetition_1
30,2981,variable_encoder_2_4/repetition_1,420770657a844be6ab5e55e02edf3782,variable_encoder_2_4,1,0,60,5,win,variable_2_4/repetition_3
30,2981,variable_2_4/repetition_3,982b1b91707d4b87abdfcc7aecfa5350,variable_2_4,3,1,51,4,loss,variable_encoder_2_4/repetition_1
30,2982,variable_encoder_2_4/repetition_1,420770657a844be6ab5e55e02edf3782,variable_encoder_2_4,1,0,51,5,loss,variable_2_4/repetition_3
30,2982,variable_2_4/repetition_3,982b1b91707d4b87abdfcc7aecfa5350,variable_2_4,3,1,56,1,win,variable_encoder_2_4/repetition_1
30,2983,variable_encoder_2_4/repetition_1,420770657a844be6ab5e55e02edf3782,variable_encoder_2_4,1,0,59,4,win,variable_2_4/repetition_3
30,2983,variable_2_4/repetition_3,982b1b91707d4b87abdfcc7aecfa5350,variable_2_4,3,1,51,2,loss,variable_encoder_2_4/repetition_1
30,2984,variable_encoder_2_4/repetition_1,420770657a844be6ab5e55e02edf3782,variable_encoder_2_4,1,0,57,5,win,variable_2_4/repetition_3
30,2984,variable_2_4/repetition_3,982b1b91707d4b87abdfcc7aecfa5350,variable_2_4,3,1,43,2,loss,variable_encoder_2_4/repetition_1
30,2985,variable_2_4/repetition_3,982b1b91707d4b87abdfcc7aecfa5350,variable_2_4,3,0,54,2,loss,variable_encoder_2_4/repetition_1
30,2985,variable_encoder_2_4/repetition_1,420770657a844be6ab5e55e02edf3782,variable_encoder_2_4,1,1,55,5,win,variable_2_4/repetition_3
30,2986,variable_2_4/repetition_3,982b1b91707d4b87abdfcc7aecfa5350,variable_2_4,3,0,63,1,win,variable_encoder_2_4/repetition_1
30,2986,variable_encoder_2_4/repetition_1,420770657a844be6ab5e55e02edf3782,variable_encoder_2_4,1,1,61,4,loss,variable_2_4/repetition_3
30,2987,variable_2_4/repetition_3,982b1b91707d4b87abdfcc7aecfa5350,variable_2_4,3,0,55,4,win,variable_encoder_2_4/repetition_1
30,2987,variable_encoder_2_4/repetition_1,420770657a844be6ab5e55e02edf3782,variable_encoder_2_4,1,1,52,3,loss,variable_2_4/repetition_3
30,2988,variable_encoder_2_4/repetition_1,420770657a844be6ab5e55e02edf3782,variable_encoder_2_4,1,0,60,5,win,variable_2_4/repetition_3
30,2988,variable_2_4/repetition_3,982b1b91707d4b87abdfcc7aecfa5350,variable_2_4,3,1,46,1,loss,variable_encoder_2_4/repetition_1
30,2989,variable_encoder_2_4/repetition_1,420770657a844be6ab5e55e02edf3782,variable_encoder_2_4,1,0,59,3,win,variable_2_4/repetition_3
30,2989,variable_2_4/repetition_3,982b1b91707d4b87abdfcc7aecfa5350,variable_2_4,3,1,52,2,loss,variable_encoder_2_4/repetition_1
30,2990,variable_encoder_2_4/repetition_1,420770657a844be6ab5e55e02edf3782,variable_encoder_2_4,1,0,71,1,win,variable_2_4/repetition_3
30,2990,variable_2_4/repetition_3,982b1b91707d4b87abdfcc7aecfa5350,variable_2_4,3,1,51,4,loss,variable_encoder_2_4/repetition_1
30,2991,variable_encoder_2_4/repetition_1,420770657a844be6ab5e55e02edf3782,variable_encoder_2_4,1,0,58,6,loss,variable_2_4/repetition_3
30,2991,variable_2_4/repetition_3,982b1b91707d4b87abdfcc7aecfa5350,variable_2_4,3,1,68,0,win,variable_encoder_2_4/repetition_1
30,2992,variable_2_4/repetition_3,982b1b91707d4b87abdfcc7aecfa5350,variable_2_4,3,0,57,1,loss,variable_encoder_2_4/repetition_1
30,2992,variable_encoder_2_4/repetition_1,420770657a844be6ab5e55e02edf3782,variable_encoder_2_4,1,1,68,3,win,variable_2_4/repetition_3
30,2993,variable_encoder_2_4/repetition_1,420770657a844be6ab5e55e02edf3782,variable_encoder_2_4,1,0,57,3,win,variable_2_4/repetition_3
30,2993,variable_2_4/repetition_3,982b1b91707d4b87abdfcc7aecfa5350,variable_2_4,3,1,56,4,loss,variable_encoder_2_4/repetition_1
30,2994,variable_encoder_2_4/repetition_1,420770657a844be6ab5e55e02edf3782,variable_encoder_2_4,1,0,54,3,win,variable_2_4/repetition_3
30,2994,variable_2_4/repetition_3,982b1b91707d4b87abdfcc7aecfa5350,variable_2_4,3,1,40,1,loss,variable_encoder_2_4/repetition_1
30,2995,variable_encoder_2_4/repetition_1,420770657a844be6ab5e55e02edf3782,variable_encoder_2_4,1,0,53,4,win,variable_2_4/repetition_3
30,2995,variable_2_4/repetition_3,982b1b91707d4b87abdfcc7aecfa5350,variable_2_4,3,1,48,2,loss,variable_encoder_2_4/repetition_1
30,2996,variable_encoder_2_4/repetition_1,420770657a844be6ab5e55e02edf3782,variable_encoder_2_4,1,0,57,1,win,variable_2_4/repetition_3
30,2996,variable_2_4/repetition_3,982b1b91707d4b87abdfcc7aecfa5350,variable_2_4,3,1,53,3,loss,variable_encoder_2_4/repetition_1
30,2997,variable_encoder_2_4/repetition_1,420770657a844be6ab5e55e02edf3782,variable_encoder_2_4,1,0,51,4,win,variable_2_4/repetition_3
30,2997,variable_2_4/repetition_3,982b1b91707d4b87abdfcc7aecfa5350,variable_2_4,3,1,40,2,loss,variable_encoder_2_4/repetition_1
30,2998,variable_2_4/repetition_3,982b1b91707d4b87abdfcc7aecfa5350,variable_2_4,3,0,54,1,loss,variable_encoder_2_4/repetition_1
30,2998,variable_encoder_2_4/repetition_1,420770657a844be6ab5e55e02edf3782,variable_encoder_2_4,1,1,59,7,win,variable_2_4/repetition_3
30,2999,variable_encoder_2_4/repetition_1,420770657a844be6ab5e55e02edf3782,variable_encoder_2_4,1,0,61,4,win,variable_2_4/repetition_3
30,2999,variable_2_4/repetition_3,982b1b91707d4b87abdfcc7aecfa5350,variable_2_4,3,1,57,2,loss,variable_encoder_2_4/repetition_1
30,3000,variable_2_4/repetition_3,982b1b91707d4b87abdfcc7aecfa5350,variable_2_4,3,0,51,3,loss,variable_encoder_2_4/repetition_1
30,3000,variable_encoder_2_4/repetition_1,420770657a844be6ab5e55e02edf3782,variable_encoder_2_4,1,1,56,3,win,variable_2_4/repetition_3
31,3001,variable_2_4/repetition_3,982b1b91707d4b87abdfcc7aecfa5350,variable_2_4,3,0,49,4,loss,variable_encoder_2_4/repetition_2
31,3001,variable_encoder_2_4/repetition_2,a665630867144200adb56738eed146da,variable_encoder_2_4,2,1,55,3,win,variable_2_4/repetition_3
31,3002,variable_2_4/repetition_3,982b1b91707d4b87abdfcc7aecfa5350,variable_2_4,3,0,61,1,win,variable_encoder_2_4/repetition_2
31,3002,variable_encoder_2_4/repetition_2,a665630867144200adb56738eed146da,variable_encoder_2_4,2,1,52,6,loss,variable_2_4/repetition_3
31,3003,variable_encoder_2_4/repetition_2,a665630867144200adb56738eed146da,variable_encoder_2_4,2,0,50,6,loss,variable_2_4/repetition_3
31,3003,variable_2_4/repetition_3,982b1b91707d4b87abdfcc7aecfa5350,variable_2_4,3,1,57,2,win,variable_encoder_2_4/repetition_2
31,3004,variable_2_4/repetition_3,982b1b91707d4b87abdfcc7aecfa5350,variable_2_4,3,0,55,3,loss,variable_encoder_2_4/repetition_2
31,3004,variable_encoder_2_4/repetition_2,a665630867144200adb56738eed146da,variable_encoder_2_4,2,1,55,5,win,variable_2_4/repetition_3
31,3005,variable_2_4/repetition_3,982b1b91707d4b87abdfcc7aecfa5350,variable_2_4,3,0,55,2,loss,variable_encoder_2_4/repetition_2
31,3005,variable_encoder_2_4/repetition_2,a665630867144200adb56738eed146da,variable_encoder_2_4,2,1,72,3,win,variable_2_4/repetition_3
31,3006,variable_encoder_2_4/repetition_2,a665630867144200adb56738eed146da,variable_encoder_2_4,2,0,59,4,loss,variable_2_4/repetition_3
31,3006,variable_2_4/repetition_3,982b1b91707d4b87abdfcc7aecfa5350,variable_2_4,3,1,63,1,win,variable_encoder_2_4/repetition_2
31,3007,variable_2_4/repetition_3,982b1b91707d4b87abdfcc7aecfa5350,variable_2_4,3,0,74,1,win,variable_encoder_2_4/repetition_2
31,3007,variable_encoder_2_4/repetition_2,a665630867144200adb56738eed146da,variable_encoder_2_4,2,1,59,4,loss,variable_2_4/repetition_3
31,3008,variable_2_4/repetition_3,982b1b91707d4b87abdfcc7aecfa5350,variable_2_4,3,0,60,2,win,variable_encoder_2_4/repetition_2
31,3008,variable_encoder_2_4/repetition_2,a665630867144200adb56738eed146da,variable_encoder_2_4,2,1,54,4,loss,variable_2_4/repetition_3
31,3009,variable_2_4/repetition_3,982b1b91707d4b87abdfcc7aecfa5350,variable_2_4,3,0,49,1,win,variable_encoder_2_4/repetition_2
31,3009,variable_encoder_2_4/repetition_2,a665630867144200adb56738eed146da,variable_encoder_2_4,2,1,44,7,loss,variable_2_4/repetition_3
31,3010,variable_2_4/repetition_3,982b1b91707d4b87abdfcc7aecfa5350,variable_2_4,3,0,49,2,loss,variable_encoder_2_4/repetition_2
31,3010,variable_encoder_2_4/repetition_2,a665630867144200adb56738eed146da,variable_encoder_2_4,2,1,60,6,win,variable_2_4/repetition_3
31,3011,variable_encoder_2_4/repetition_2,a665630867144200adb56738eed146da,variable_encoder_2_4,2,0,59,2,loss,variable_2_4/repetition_3
31,3011,variable_2_4/repetition_3,982b1b91707d4b87abdfcc7aecfa5350,variable_2_4,3,1,60,1,win,variable_encoder_2_4/repetition_2
31,3012,variable_encoder_2_4/repetition_2,a665630867144200adb56738eed146da,variable_encoder_2_4,2,0,54,4,win,variable_2_4/repetition_3
31,3012,variable_2_4/repetition_3,982b1b91707d4b87abdfcc7aecfa5350,variable_2_4,3,1,44,4,loss,variable_encoder_2_4/repetition_2
31,3013,variable_2_4/repetition_3,982b1b91707d4b87abdfcc7aecfa5350,variable_2_4,3,0,64,2,win,variable_encoder_2_4/repetition_2
31,3013,variable_encoder_2_4/repetition_2,a665630867144200adb56738eed146da,variable_encoder_2_4,2,1,53,5,loss,variable_2_4/repetition_3
31,3014,variable_encoder_2_4/repetition_2,a665630867144200adb56738eed146da,variable_encoder_2_4,2,0,61,2,win,variable_2_4/repetition_3
31,3014,variable_2_4/repetition_3,982b1b91707d4b87abdfcc7aecfa5350,variable_2_4,3,1,44,1,loss,variable_encoder_2_4/repetition_2
31,3015,variable_2_4/repetition_3,982b1b91707d4b87abdfcc7aecfa5350,variable_2_4,3,0,51,3,loss,variable_encoder_2_4/repetition_2
31,3015,variable_encoder_2_4/repetition_2,a665630867144200adb56738eed146da,variable_encoder_2_4,2,1,52,3,win,variable_2_4/repetition_3
31,3016,variable_encoder_2_4/repetition_2,a665630867144200adb56738eed146da,variable_encoder_2_4,2,0,53,6,win,variable_2_4/repetition_3
31,3016,variable_2_4/repetition_3,982b1b91707d4b87abdfcc7aecfa5350,variable_2_4,3,1,53,2,loss,variable_encoder_2_4/repetition_2
31,3017,variable_2_4/repetition_3,982b1b91707d4b87abdfcc7aecfa5350,variable_2_4,3,0,52,3,loss,variable_encoder_2_4/repetition_2
31,3017,variable_encoder_2_4/repetition_2,a665630867144200adb56738eed146da,variable_encoder_2_4,2,1,58,1,win,variable_2_4/repetition_3
31,3018,variable_2_4/repetition_3,982b1b91707d4b87abdfcc7aecfa5350,variable_2_4,3,0,57,0,loss,variable_encoder_2_4/repetition_2
31,3018,variable_encoder_2_4/repetition_2,a665630867144200adb56738eed146da,variable_encoder_2_4,2,1,60,5,win,variable_2_4/repetition_3
31,3019,variable_encoder_2_4/repetition_2,a665630867144200adb56738eed146da,variable_encoder_2_4,2,0,63,3,win,variable_2_4/repetition_3
31,3019,variable_2_4/repetition_3,982b1b91707d4b87abdfcc7aecfa5350,variable_2_4,3,1,57,2,loss,variable_encoder_2_4/repetition_2
31,3020,variable_2_4/repetition_3,982b1b91707d4b87abdfcc7aecfa5350,variable_2_4,3,0,55,2,loss,variable_encoder_2_4/repetition_2
31,3020,variable_encoder_2_4/repetition_2,a665630867144200adb56738eed146da,variable_encoder_2_4,2,1,61,3,win,variable_2_4/repetition_3
31,3021,variable_2_4/repetition_3,982b1b91707d4b87abdfcc7aecfa5350,variable_2_4,3,0,51,2,loss,variable_encoder_2_4/repetition_2
31,3021,variable_encoder_2_4/repetition_2,a665630867144200adb56738eed146da,variable_encoder_2_4,2,1,60,6,win,variable_2_4/repetition_3
31,3022,variable_2_4/repetition_3,982b1b91707d4b87abdfcc7aecfa5350,variable_2_4,3,0,47,1,loss,variable_encoder_2_4/repetition_2
31,3022,variable_encoder_2_4/repetition_2,a665630867144200adb56738eed146da,variable_encoder_2_4,2,1,58,5,win,variable_2_4/repetition_3
31,3023,variable_encoder_2_4/repetition_2,a665630867144200adb56738eed146da,variable_encoder_2_4,2,0,55,3,loss,variable_2_4/repetition_3
31,3023,variable_2_4/repetition_3,982b1b91707d4b87abdfcc7aecfa5350,variable_2_4,3,1,56,3,win,variable_encoder_2_4/repetition_2
31,3024,variable_encoder_2_4/repetition_2,a665630867144200adb56738eed146da,variable_encoder_2_4,2,0,60,2,win,variable_2_4/repetition_3
31,3024,variable_2_4/repetition_3,982b1b91707d4b87abdfcc7aecfa5350,variable_2_4,3,1,57,3,loss,variable_encoder_2_4/repetition_2
31,3025,variable_2_4/repetition_3,982b1b91707d4b87abdfcc7aecfa5350,variable_2_4,3,0,44,3,loss,variable_encoder_2_4/repetition_2
31,3025,variable_encoder_2_4/repetition_2,a665630867144200adb56738eed146da,variable_encoder_2_4,2,1,54,2,win,variable_2_4/repetition_3
31,3026,variable_2_4/repetition_3,982b1b91707d4b87abdfcc7aecfa5350,variable_2_4,3,0,50,1,win,variable_encoder_2_4/repetition_2
31,3026,variable_encoder_2_4/repetition_2,a665630867144200adb56738eed146da,variable_encoder_2_4,2,1,47,4,loss,variable_2_4/repetition_3
31,3027,variable_2_4/repetition_3,982b1b91707d4b87abdfcc7aecfa5350,variable_2_4,3,0,60,2,win,variable_encoder_2_4/repetition_2
31,3027,variable_encoder_2_4/repetition_2,a665630867144200adb56738eed146da,variable_encoder_2_4,2,1,47,6,loss,variable_2_4/repetition_3
31,3028,variable_2_4/repetition_3,982b1b91707d4b87abdfcc7aecfa5350,variable_2_4,3,0,46,2,loss,variable_encoder_2_4/repetition_2
31,3028,variable_encoder_2_4/repetition_2,a665630867144200adb56738eed146da,variable_encoder_2_4,2,1,57,5,win,variable_2_4/repetition_3
31,3029,variable_2_4/repetition_3,982b1b91707d4b87abdfcc7aecfa5350,variable_2_4,3,0,58,2,loss,variable_encoder_2_4/repetition_2
31,3029,variable_encoder_2_4/repetition_2,a665630867144200adb56738eed146da,variable_encoder_2_4,2,1,63,1,win,variable_2_4/repetition_3
31,3030,variable_encoder_2_4/repetition_2,a665630867144200adb56738eed146da,variable_encoder_2_4,2,0,68,5,win,variable_2_4/repetition_3
31,3030,variable_2_4/repetition_3,982b1b91707d4b87abdfcc7aecfa5350,variable_2_4,3,1,51,2,loss,variable_encoder_2_4/repetition_2
31,3031,variable_2_4/repetition_3,982b1b91707d4b87abdfcc7aecfa5350,variable_2_4,3,0,57,2,loss,variable_encoder_2_4/repetition_2
31,3031,variable_encoder_2_4/repetition_2,a665630867144200adb56738eed146da,variable_encoder_2_4,2,1,65,5,win,variable_2_4/repetition_3
31,3032,variable_encoder_2_4/repetition_2,a665630867144200adb56738eed146da,variable_encoder_2_4,2,0,58,5,win,variable_2_4/repetition_3
31,3032,variable_2_4/repetition_3,982b1b91707d4b87abdfcc7aecfa5350,variable_2_4,3,1,42,1,loss,variable_encoder_2_4/repetition_2
31,3033,variable_2_4/repetition_3,982b1b91707d4b87abdfcc7aecfa5350,variable_2_4,3,0,45,2,loss,variable_encoder_2_4/repetition_2
31,3033,variable_encoder_2_4/repetition_2,a665630867144200adb56738eed146da,variable_encoder_2_4,2,1,63,5,win,variable_2_4/repetition_3
31,3034,variable_encoder_2_4/repetition_2,a665630867144200adb56738eed146da,variable_encoder_2_4,2,0,66,4,win,variable_2_4/repetition_3
31,3034,variable_2_4/repetition_3,982b1b91707d4b87abdfcc7aecfa5350,variable_2_4,3,1,56,0,loss,variable_encoder_2_4/repetition_2
31,3035,variable_encoder_2_4/repetition_2,a665630867144200adb56738eed146da,variable_encoder_2_4,2,0,53,6,loss,variable_2_4/repetition_3
31,3035,variable_2_4/repetition_3,982b1b91707d4b87abdfcc7aecfa5350,variable_2_4,3,1,61,3,win,variable_encoder_2_4/repetition_2
31,3036,variable_encoder_2_4/repetition_2,a665630867144200adb56738eed146da,variable_encoder_2_4,2,0,58,2,win,variable_2_4/repetition_3
31,3036,variable_2_4/repetition_3,982b1b91707d4b87abdfcc7aecfa5350,variable_2_4,3,1,45,2,loss,variable_encoder_2_4/repetition_2
31,3037,variable_encoder_2_4/repetition_2,a665630867144200adb56738eed146da,variable_encoder_2_4,2,0,60,4,win,variable_2_4/repetition_3
31,3037,variable_2_4/repetition_3,982b1b91707d4b87abdfcc7aecfa5350,variable_2_4,3,1,55,3,loss,variable_encoder_2_4/repetition_2
31,3038,variable_2_4/repetition_3,982b1b91707d4b87abdfcc7aecfa5350,variable_2_4,3,0,60,3,loss,variable_encoder_2_4/repetition_2
31,3038,variable_encoder_2_4/repetition_2,a665630867144200adb56738eed146da,variable_encoder_2_4,2,1,66,5,win,variable_2_4/repetition_3
31,3039,variable_encoder_2_4/repetition_2,a665630867144200adb56738eed146da,variable_encoder_2_4,2,0,53,7,loss,variable_2_4/repetition_3
31,3039,variable_2_4/repetition_3,982b1b91707d4b87abdfcc7aecfa5350,variable_2_4,3,1,58,1,win,variable_encoder_2_4/repetition_2
31,3040,variable_2_4/repetition_3,982b1b91707d4b87abdfcc7aecfa5350,variable_2_4,3,0,48,3,loss,variable_encoder_2_4/repetition_2
31,3040,variable_encoder_2_4/repetition_2,a665630867144200adb56738eed146da,variable_encoder_2_4,2,1,51,6,win,variable_2_4/repetition_3
31,3041,variable_encoder_2_4/repetition_2,a665630867144200adb56738eed146da,variable_encoder_2_4,2,0,63,4,win,variable_2_4/repetition_3
31,3041,variable_2_4/repetition_3,982b1b91707d4b87abdfcc7aecfa5350,variable_2_4,3,1,43,1,loss,variable_encoder_2_4/repetition_2
31,3042,variable_encoder_2_4/repetition_2,a665630867144200adb56738eed146da,variable_encoder_2_4,2,0,57,3,win,variable_2_4/repetition_3
31,3042,variable_2_4/repetition_3,982b1b91707d4b87abdfcc7aecfa5350,variable_2_4,3,1,45,4,loss,variable_encoder_2_4/repetition_2
31,3043,variable_2_4/repetition_3,982b1b91707d4b87abdfcc7aecfa5350,variable_2_4,3,0,60,1,win,variable_encoder_2_4/repetition_2
31,3043,variable_encoder_2_4/repetition_2,a665630867144200adb56738eed146da,variable_encoder_2_4,2,1,49,5,loss,variable_2_4/repetition_3
31,3044,variable_2_4/repetition_3,982b1b91707d4b87abdfcc7aecfa5350,variable_2_4,3,0,39,4,loss,variable_encoder_2_4/repetition_2
31,3044,variable_encoder_2_4/repetition_2,a665630867144200adb56738eed146da,variable_encoder_2_4,2,1,64,4,win,variable_2_4/repetition_3
31,3045,variable_encoder_2_4/repetition_2,a665630867144200adb56738eed146da,variable_encoder_2_4,2,0,54,5,win,variable_2_4/repetition_3
31,3045,variable_2_4/repetition_3,982b1b91707d4b87abdfcc7aecfa5350,variable_2_4,3,1,49,3,loss,variable_encoder_2_4/repetition_2
31,3046,variable_encoder_2_4/repetition_2,a665630867144200adb56738eed146da,variable_encoder_2_4,2,0,67,3,win,variable_2_4/repetition_3
31,3046,variable_2_4/repetition_3,982b1b91707d4b87abdfcc7aecfa5350,variable_2_4,3,1,61,1,loss,variable_encoder_2_4/repetition_2
31,3047,variable_2_4/repetition_3,982b1b91707d4b87abdfcc7aecfa5350,variable_2_4,3,0,53,1,win,variable_encoder_2_4/repetition_2
31,3047,variable_encoder_2_4/repetition_2,a665630867144200adb56738eed146da,variable_encoder_2_4,2,1,45,5,loss,variable_2_4/repetition_3
31,3048,variable_encoder_2_4/repetition_2,a665630867144200adb56738eed146da,variable_encoder_2_4,2,0,62,4,loss,variable_2_4/repetition_3
31,3048,variable_2_4/repetition_3,982b1b91707d4b87abdfcc7aecfa5350,variable_2_4,3,1,66,2,win,variable_encoder_2_4/repetition_2
31,3049,variable_2_4/repetition_3,982b1b91707d4b87abdfcc7aecfa5350,variable_2_4,3,0,52,1,loss,variable_encoder_2_4/repetition_2
31,3049,variable_encoder_2_4/repetition_2,a665630867144200adb56738eed146da,variable_encoder_2_4,2,1,63,3,win,variable_2_4/repetition_3
31,3050,variable_2_4/repetition_3,982b1b91707d4b87abdfcc7aecfa5350,variable_2_4,3,0,42,2,loss,variable_encoder_2_4/repetition_2
31,3050,variable_encoder_2_4/repetition_2,a665630867144200adb56738eed146da,variable_encoder_2_4,2,1,55,2,win,variable_2_4/repetition_3
31,3051,variable_2_4/repetition_3,982b1b91707d4b87abdfcc7aecfa5350,variable_2_4,3,0,45,1,loss,variable_encoder_2_4/repetition_2
31,3051,variable_encoder_2_4/repetition_2,a665630867144200adb56738eed146da,variable_encoder_2_4,2,1,66,3,win,variable_2_4/repetition_3
31,3052,variable_encoder_2_4/repetition_2,a665630867144200adb56738eed146da,variable_encoder_2_4,2,0,62,4,win,variable_2_4/repetition_3
31,3052,variable_2_4/repetition_3,982b1b91707d4b87abdfcc7aecfa5350,variable_2_4,3,1,58,3,loss,variable_encoder_2_4/repetition_2
31,3053,variable_encoder_2_4/repetition_2,a665630867144200adb56738eed146da,variable_encoder_2_4,2,0,57,3,win,variable_2_4/repetition_3
31,3053,variable_2_4/repetition_3,982b1b91707d4b87abdfcc7aecfa5350,variable_2_4,3,1,54,1,loss,variable_encoder_2_4/repetition_2
31,3054,variable_encoder_2_4/repetition_2,a665630867144200adb56738eed146da,variable_encoder_2_4,2,0,51,4,loss,variable_2_4/repetition_3
31,3054,variable_2_4/repetition_3,982b1b91707d4b87abdfcc7aecfa5350,variable_2_4,3,1,53,3,win,variable_encoder_2_4/repetition_2
31,3055,variable_encoder_2_4/repetition_2,a665630867144200adb56738eed146da,variable_encoder_2_4,2,0,61,3,win,variable_2_4/repetition_3
31,3055,variable_2_4/repetition_3,982b1b91707d4b87abdfcc7aecfa5350,variable_2_4,3,1,46,3,loss,variable_encoder_2_4/repetition_2
31,3056,variable_2_4/repetition_3,982b1b91707d4b87abdfcc7aecfa5350,variable_2_4,3,0,56,1,loss,variable_encoder_2_4/repetition_2
31,3056,variable_encoder_2_4/repetition_2,a665630867144200adb56738eed146da,variable_encoder_2_4,2,1,56,5,win,variable_2_4/repetition_3
31,3057,variable_encoder_2_4/repetition_2,a665630867144200adb56738eed146da,variable_encoder_2_4,2,0,54,1,loss,variable_2_4/repetition_3
31,3057,variable_2_4/repetition_3,982b1b91707d4b87abdfcc7aecfa5350,variable_2_4,3,1,58,4,win,variable_encoder_2_4/repetition_2
31,3058,variable_2_4/repetition_3,982b1b91707d4b87abdfcc7aecfa5350,variable_2_4,3,0,41,2,loss,variable_encoder_2_4/repetition_2
31,3058,variable_encoder_2_4/repetition_2,a665630867144200adb56738eed146da,variable_encoder_2_4,2,1,44,5,win,variable_2_4/repetition_3
31,3059,variable_encoder_2_4/repetition_2,a665630867144200adb56738eed146da,variable_encoder_2_4,2,0,50,5,loss,variable_2_4/repetition_3
31,3059,variable_2_4/repetition_3,982b1b91707d4b87abdfcc7aecfa5350,variable_2_4,3,1,54,0,win,variable_encoder_2_4/repetition_2
31,3060,variable_encoder_2_4/repetition_2,a665630867144200adb56738eed146da,variable_encoder_2_4,2,0,48,5,win,variable_2_4/repetition_3
31,3060,variable_2_4/repetition_3,982b1b91707d4b87abdfcc7aecfa5350,variable_2_4,3,1,43,2,loss,variable_encoder_2_4/repetition_2
31,3061,variable_encoder_2_4/repetition_2,a665630867144200adb56738eed146da,variable_encoder_2_4,2,0,62,3,win,variable_2_4/repetition_3
31,3061,variable_2_4/repetition_3,982b1b91707d4b87abdfcc7aecfa5350,variable_2_4,3,1,57,1,loss,variable_encoder_2_4/repetition_2
31,3062,variable_encoder_2_4/repetition_2,a665630867144200adb56738eed146da,variable_encoder_2_4,2,0,66,4,win,variable_2_4/repetition_3
31,3062,variable_2_4/repetition_3,982b1b91707d4b87abdfcc7aecfa5350,variable_2_4,3,1,57,1,loss,variable_encoder_2_4/repetition_2
31,3063,variable_2_4/repetition_3,982b1b91707d4b87abdfcc7aecfa5350,variable_2_4,3,0,56,0,win,variable_encoder_2_4/repetition_2
31,3063,variable_encoder_2_4/repetition_2,a665630867144200adb56738eed146da,variable_encoder_2_4,2,1,52,2,loss,variable_2_4/repetition_3
31,3064,variable_2_4/repetition_3,982b1b91707d4b87abdfcc7aecfa5350,variable_2_4,3,0,65,0,win,variable_encoder_2_4/repetition_2
31,3064,variable_encoder_2_4/repetition_2,a665630867144200adb56738eed146da,variable_encoder_2_4,2,1,61,5,loss,variable_2_4/repetition_3
31,3065,variable_2_4/repetition_3,982b1b91707d4b87abdfcc7aecfa5350,variable_2_4,3,0,61,2,win,variable_encoder_2_4/repetition_2
31,3065,variable_encoder_2_4/repetition_2,a665630867144200adb56738eed146da,variable_encoder_2_4,2,1,59,4,loss,variable_2_4/repetition_3
31,3066,variable_2_4/repetition_3,982b1b91707d4b87abdfcc7aecfa5350,variable_2_4,3,0,53,2,loss,variable_encoder_2_4/repetition_2
31,3066,variable_encoder_2_4/repetition_2,a665630867144200adb56738eed146da,variable_encoder_2_4,2,1,55,6,win,variable_2_4/repetition_3
31,3067,variable_encoder_2_4/repetition_2,a665630867144200adb56738eed146da,variable_encoder_2_4,2,0,51,4,loss,variable_2_4/repetition_3
31,3067,variable_2_4/repetition_3,982b1b91707d4b87abdfcc7aecfa5350,variable_2_4,3,1,59,0,win,variable_encoder_2_4/repetition_2
31,3068,variable_2_4/repetition_3,982b1b91707d4b87abdfcc7aecfa5350,variable_2_4,3,0,53,1,loss,variable_encoder_2_4/repetition_2
31,3068,variable_encoder_2_4/repetition_2,a665630867144200adb56738eed146da,variable_encoder_2_4,2,1,53,2,win,variable_2_4/repetition_3
31,3069,variable_2_4/repetition_3,982b1b91707d4b87abdfcc7aecfa5350,variable_2_4,3,0,56,1,loss,variable_encoder_2_4/repetition_2
31,3069,variable_encoder_2_4/repetition_2,a665630867144200adb56738eed146da,variable_encoder_2_4,2,1,66,4,win,variable_2_4/repetition_3
31,3070,variable_2_4/repetition_3,982b1b91707d4b87abdfcc7aecfa5350,variable_2_4,3,0,45,3,loss,variable_encoder_2_4/repetition_2
31,3070,variable_encoder_2_4/repetition_2,a665630867144200adb56738eed146da,variable_encoder_2_4,2,1,53,4,win,variable_2_4/repetition_3
31,3071,variable_2_4/repetition_3,982b1b91707d4b87abdfcc7aecfa5350,variable_2_4,3,0,58,1,win,variable_encoder_2_4/repetition_2
31,3071,variable_encoder_2_4/repetition_2,a665630867144200adb56738eed146da,variable_encoder_2_4,2,1,52,4,loss,variable_2_4/repetition_3
31,3072,variable_2_4/repetition_3,982b1b91707d4b87abdfcc7aecfa5350,variable_2_4,3,0,53,4,loss,variable_encoder_2_4/repetition_2
31,3072,variable_encoder_2_4/repetition_2,a665630867144200adb56738eed146da,variable_encoder_2_4,2,1,57,3,win,variable_2_4/repetition_3
31,3073,variable_encoder_2_4/repetition_2,a665630867144200adb56738eed146da,variable_encoder_2_4,2,0,49,2,loss,variable_2_4/repetition_3
31,3073,variable_2_4/repetition_3,982b1b91707d4b87abdfcc7aecfa5350,variable_2_4,3,1,58,3,win,variable_encoder_2_4/repetition_2
31,3074,variable_2_4/repetition_3,982b1b91707d4b87abdfcc7aecfa5350,variable_2_4,3,0,56,2,win,variable_encoder_2_4/repetition_2
31,3074,variable_encoder_2_4/repetition_2,a665630867144200adb56738eed146da,variable_encoder_2_4,2,1,46,5,loss,variable_2_4/repetition_3
31,3075,variable_2_4/repetition_3,982b1b91707d4b87abdfcc7aecfa5350,variable_2_4,3,0,42,2,loss,variable_encoder_2_4/repetition_2
31,3075,variable_encoder_2_4/repetition_2,a665630867144200adb56738eed146da,variable_encoder_2_4,2,1,55,3,win,variable_2_4/repetition_3
31,3076,variable_encoder_2_4/repetition_2,a665630867144200adb56738eed146da,variable_encoder_2_4,2,0,55,5,loss,variable_2_4/repetition_3
31,3076,variable_2_4/repetition_3,982b1b91707d4b87abdfcc7aecfa5350,variable_2_4,3,1,57,1,win,variable_encoder_2_4/repetition_2
31,3077,variable_2_4/repetition_3,982b1b91707d4b87abdfcc7aecfa5350,variable_2_4,3,0,54,4,win,variable_encoder_2_4/repetition_2
31,3077,variable_encoder_2_4/repetition_2,a665630867144200adb56738eed146da,variable_encoder_2_4,2,1,45,3,loss,variable_2_4/repetition_3
31,3078,variable_2_4/repetition_3,982b1b91707d4b87abdfcc7aecfa5350,variable_2_4,3,0,45,3,loss,variable_encoder_2_4/repetition_2
31,3078,variable_encoder_2_4/repetition_2,a665630867144200adb56738eed146da,variable_encoder_2_4,2,1,56,4,win,variable_2_4/repetition_3
31,3079,variable_encoder_2_4/repetition_2,a665630867144200adb56738eed146da,variable_encoder_2_4,2,0,54,6,loss,variable_2_4/repetition_3
31,3079,variable_2_4/repetition_3,982b1b91707d4b87abdfcc7aecfa5350,variable_2_4,3,1,64,0,win,variable_encoder_2_4/repetition_2
31,3080,variable_2_4/repetition_3,982b1b91707d4b87abdfcc7aecfa5350,variable_2_4,3,0,53,3,loss,variable_encoder_2_4/repetition_2
31,3080,variable_encoder_2_4/repetition_2,a665630867144200adb56738eed146da,variable_encoder_2_4,2,1,59,5,win,variable_2_4/repetition_3
31,3081,variable_encoder_2_4/repetition_2,a665630867144200adb56738eed146da,variable_encoder_2_4,2,0,63,4,win,variable_2_4/repetition_3
31,3081,variable_2_4/repetition_3,982b1b91707d4b87abdfcc7aecfa5350,variable_2_4,3,1,50,2,loss,variable_encoder_2_4/repetition_2
31,3082,variable_2_4/repetition_3,982b1b91707d4b87abdfcc7aecfa5350,variable_2_4,3,0,47,2,loss,variable_encoder_2_4/repetition_2
31,3082,variable_encoder_2_4/repetition_2,a665630867144200adb56738eed146da,variable_encoder_2_4,2,1,59,3,win,variable_2_4/repetition_3
31,3083,variable_2_4/repetition_3,982b1b91707d4b87abdfcc7aecfa5350,variable_2_4,3,0,50,1,loss,variable_encoder_2_4/repetition_2
31,3083,variable_encoder_2_4/repetition_2,a665630867144200adb56738eed146da,variable_encoder_2_4,2,1,58,4,win,variable_2_4/repetition_3
31,3084,variable_2_4/repetition_3,982b1b91707d4b87abdfcc7aecfa5350,variable_2_4,3,0,56,1,win,variable_encoder_2_4/repetition_2
31,3084,variable_encoder_2_4/repetition_2,a665630867144200adb56738eed146da,variable_encoder_2_4,2,1,52,3,loss,variable_2_4/repetition_3
31,3085,variable_encoder_2_4/repetition_2,a665630867144200adb56738eed146da,variable_encoder_2_4,2,0,53,3,win,variable_2_4/repetition_3
31,3085,variable_2_4/repetition_3,982b1b91707d4b87abdfcc7aecfa5350,variable_2_4,3,1,42,2,loss,variable_encoder_2_4/repetition_2
31,3086,variable_2_4/repetition_3,982b1b91707d4b87abdfcc7aecfa5350,variable_2_4,3,0,65,2,loss,variable_encoder_2_4/repetition_2
31,3086,variable_encoder_2_4/repetition_2,a665630867144200adb56738eed146da,variable_encoder_2_4,2,1,69,3,win,variable_2_4/repetition_3
31,3087,variable_2_4/repetition_3,982b1b91707d4b87abdfcc7aecfa5350,variable_2_4,3,0,48,3,loss,variable_encoder_2_4/repetition_2
31,3087,variable_encoder_2_4/repetition_2,a665630867144200adb56738eed146da,variable_encoder_2_4,2,1,56,3,win,variable_2_4/repetition_3
31,3088,variable_encoder_2_4/repetition_2,a665630867144200adb56738eed146da,variable_encoder_2_4,2,0,55,2,loss,variable_2_4/repetition_3
31,3088,variable_2_4/repetition_3,982b1b91707d4b87abdfcc7aecfa5350,variable_2_4,3,1,57,4,win,variable_encoder_2_4/repetition_2
31,3089,variable_encoder_2_4/repetition_2,a665630867144200adb56738eed146da,variable_encoder_2_4,2,0,56,2,loss,variable_2_4/repetition_3
31,3089,variable_2_4/repetition_3,982b1b91707d4b87abdfcc7aecfa5350,variable_2_4,3,1,59,2,win,variable_encoder_2_4/repetition_2
31,3090,variable_encoder_2_4/repetition_2,a665630867144200adb56738eed146da,variable_encoder_2_4,2,0,54,5,win,variable_2_4/repetition_3
31,3090,variable_2_4/repetition_3,982b1b91707d4b87abdfcc7aecfa5350,variable_2_4,3,1,43,3,loss,variable_encoder_2_4/repetition_2
31,3091,variable_2_4/repetition_3,982b1b91707d4b87abdfcc7aecfa5350,variable_2_4,3,0,47,2,loss,variable_encoder_2_4/repetition_2
31,3091,variable_encoder_2_4/repetition_2,a665630867144200adb56738eed146da,variable_encoder_2_4,2,1,61,2,win,variable_2_4/repetition_3
31,3092,variable_2_4/repetition_3,982b1b91707d4b87abdfcc7aecfa5350,variable_2_4,3,0,51,2,loss,variable_encoder_2_4/repetition_2
31,3092,variable_encoder_2_4/repetition_2,a665630867144200adb56738eed146da,variable_encoder_2_4,2,1,60,3,win,variable_2_4/repetition_3
31,3093,variable_2_4/repetition_3,982b1b91707d4b87abdfcc7aecfa5350,variable_2_4,3,0,51,2,loss,variable_encoder_2_4/repetition_2
31,3093,variable_encoder_2_4/repetition_2,a665630867144200adb56738eed146da,variable_encoder_2_4,2,1,57,4,win,variable_2_4/repetition_3
31,3094,variable_2_4/repetition_3,982b1b91707d4b87abdfcc7aecfa5350,variable_2_4,3,0,63,1,loss,variable_encoder_2_4/repetition_2
31,3094,variable_encoder_2_4/repetition_2,a665630867144200adb56738eed146da,variable_encoder_2_4,2,1,66,3,win,variable_2_4/repetition_3
31,3095,variable_2_4/repetition_3,982b1b91707d4b87abdfcc7aecfa5350,variable_2_4,3,0,48,2,loss,variable_encoder_2_4/repetition_2
31,3095,variable_encoder_2_4/repetition_2,a665630867144200adb56738eed146da,variable_encoder_2_4,2,1,60,3,win,variable_2_4/repetition_3
31,3096,variable_encoder_2_4/repetition_2,a665630867144200adb56738eed146da,variable_encoder_2_4,2,0,55,5,win,variable_2_4/repetition_3
31,3096,variable_2_4/repetition_3,982b1b91707d4b87abdfcc7aecfa5350,variable_2_4,3,1,42,2,loss,variable_encoder_2_4/repetition_2
31,3097,variable_encoder_2_4/repetition_2,a665630867144200adb56738eed146da,variable_encoder_2_4,2,0,52,3,loss,variable_2_4/repetition_3
31,3097,variable_2_4/repetition_3,982b1b91707d4b87abdfcc7aecfa5350,variable_2_4,3,1,63,3,win,variable_encoder_2_4/repetition_2
31,3098,variable_encoder_2_4/repetition_2,a665630867144200adb56738eed146da,variable_encoder_2_4,2,0,54,4,loss,variable_2_4/repetition_3
31,3098,variable_2_4/repetition_3,982b1b91707d4b87abdfcc7aecfa5350,variable_2_4,3,1,60,2,win,variable_encoder_2_4/repetition_2
31,3099,variable_2_4/repetition_3,982b1b91707d4b87abdfcc7aecfa5350,variable_2_4,3,0,59,3,loss,variable_encoder_2_4/repetition_2
31,3099,variable_encoder_2_4/repetition_2,a665630867144200adb56738eed146da,variable_encoder_2_4,2,1,66,2,win,variable_2_4/repetition_3
31,3100,variable_encoder_2_4/repetition_2,a665630867144200adb56738eed146da,variable_encoder_2_4,2,0,65,3,win,variable_2_4/repetition_3
31,3100,variable_2_4/repetition_3,982b1b91707d4b87abdfcc7aecfa5350,variable_2_4,3,1,53,2,loss,variable_encoder_2_4/repetition_2
32,3101,variable_encoder_2_4/repetition_3,ff7c9e64890348edad17616988967f76,variable_encoder_2_4,3,0,59,5,loss,variable_2_4/repetition_3
32,3101,variable_2_4/repetition_3,982b1b91707d4b87abdfcc7aecfa5350,variable_2_4,3,1,64,1,win,variable_encoder_2_4/repetition_3
32,3102,variable_2_4/repetition_3,982b1b91707d4b87abdfcc7aecfa5350,variable_2_4,3,0,49,1,loss,variable_encoder_2_4/repetition_3
32,3102,variable_encoder_2_4/repetition_3,ff7c9e64890348edad17616988967f76,variable_encoder_2_4,3,1,55,4,win,variable_2_4/repetition_3
32,3103,variable_2_4/repetition_3,982b1b91707d4b87abdfcc7aecfa5350,variable_2_4,3,0,52,2,loss,variable_encoder_2_4/repetition_3
32,3103,variable_encoder_2_4/repetition_3,ff7c9e64890348edad17616988967f76,variable_encoder_2_4,3,1,61,4,win,variable_2_4/repetition_3
32,3104,variable_2_4/repetition_3,982b1b91707d4b87abdfcc7aecfa5350,variable_2_4,3,0,53,2,win,variable_encoder_2_4/repetition_3
32,3104,variable_encoder_2_4/repetition_3,ff7c9e64890348edad17616988967f76,variable_encoder_2_4,3,1,51,6,loss,variable_2_4/repetition_3
32,3105,variable_2_4/repetition_3,982b1b91707d4b87abdfcc7aecfa5350,variable_2_4,3,0,49,2,loss,variable_encoder_2_4/repetition_3
32,3105,variable_encoder_2_4/repetition_3,ff7c9e64890348edad17616988967f76,variable_encoder_2_4,3,1,59,4,win,variable_2_4/repetition_3
32,3106,variable_2_4/repetition_3,982b1b91707d4b87abdfcc7aecfa5350,variable_2_4,3,0,61,2,loss,variable_encoder_2_4/repetition_3
32,3106,variable_encoder_2_4/repetition_3,ff7c9e64890348edad17616988967f76,variable_encoder_2_4,3,1,69,3,win,variable_2_4/repetition_3
32,3107,variable_2_4/repetition_3,982b1b91707d4b87abdfcc7aecfa5350,variable_2_4,3,0,56,3,loss,variable_encoder_2_4/repetition_3
32,3107,variable_encoder_2_4/repetition_3,ff7c9e64890348edad17616988967f76,variable_encoder_2_4,3,1,62,3,win,variable_2_4/repetition_3
32,3108,variable_2_4/repetition_3,982b1b91707d4b87abdfcc7aecfa5350,variable_2_4,3,0,61,1,win,variable_encoder_2_4/repetition_3
32,3108,variable_encoder_2_4/repetition_3,ff7c9e64890348edad17616988967f76,variable_encoder_2_4,3,1,46,6,loss,variable_2_4/repetition_3
32,3109,variable_encoder_2_4/repetition_3,ff7c9e64890348edad17616988967f76,variable_encoder_2_4,3,0,61,6,win,variable_2_4/repetition_3
32,3109,variable_2_4/repetition_3,982b1b91707d4b87abdfcc7aecfa5350,variable_2_4,3,1,52,2,loss,variable_encoder_2_4/repetition_3
32,3110,variable_2_4/repetition_3,982b1b91707d4b87abdfcc7aecfa5350,variable_2_4,3,0,50,1,win,variable_encoder_2_4/repetition_3
32,3110,variable_encoder_2_4/repetition_3,ff7c9e64890348edad17616988967f76,variable_encoder_2_4,3,1,42,5,loss,variable_2_4/repetition_3
32,3111,variable_encoder_2_4/repetition_3,ff7c9e64890348edad17616988967f76,variable_encoder_2_4,3,0,52,4,loss,variable_2_4/repetition_3
32,3111,variable_2_4/repetition_3,982b1b91707d4b87abdfcc7aecfa5350,variable_2_4,3,1,65,2,win,variable_encoder_2_4/repetition_3
32,3112,variable_2_4/repetition_3,982b1b91707d4b87abdfcc7aecfa5350,variable_2_4,3,0,59,1,win,variable_encoder_2_4/repetition_3
32,3112,variable_encoder_2_4/repetition_3,ff7c9e64890348edad17616988967f76,variable_encoder_2_4,3,1,43,3,loss,variable_2_4/repetition_3
32,3113,variable_encoder_2_4/repetition_3,ff7c9e64890348edad17616988967f76,variable_encoder_2_4,3,0,58,3,win,variable_2_4/repetition_3
32,3113,variable_2_4/repetition_3,982b1b91707d4b87abdfcc7aecfa5350,variable_2_4,3,1,51,3,loss,variable_encoder_2_4/repetition_3
32,3114,variable_2_4/repetition_3,982b1b91707d4b87abdfcc7aecfa5350,variable_2_4,3,0,59,0,loss,variable_encoder_2_4/repetition_3
32,3114,variable_encoder_2_4/repetition_3,ff7c9e64890348edad17616988967f76,variable_encoder_2_4,3,1,62,2,win,variable_2_4/repetition_3
32,3115,variable_encoder_2_4/repetition_3,ff7c9e64890348edad17616988967f76,variable_encoder_2_4,3,0,54,6,loss,variable_2_4/repetition_3
32,3115,variable_2_4/repetition_3,982b1b91707d4b87abdfcc7aecfa5350,variable_2_4,3,1,62,1,win,variable_encoder_2_4/repetition_3
32,3116,variable_encoder_2_4/repetition_3,ff7c9e64890348edad17616988967f76,variable_encoder_2_4,3,0,55,2,loss,variable_2_4/repetition_3
32,3116,variable_2_4/repetition_3,982b1b91707d4b87abdfcc7aecfa5350,variable_2_4,3,1,64,1,win,variable_encoder_2_4/repetition_3
32,3117,variable_2_4/repetition_3,982b1b91707d4b87abdfcc7aecfa5350,variable_2_4,3,0,60,1,loss,variable_encoder_2_4/repetition_3
32,3117,variable_encoder_2_4/repetition_3,ff7c9e64890348edad17616988967f76,variable_encoder_2_4,3,1,69,2,win,variable_2_4/repetition_3
32,3118,variable_encoder_2_4/repetition_3,ff7c9e64890348edad17616988967f76,variable_encoder_2_4,3,0,58,3,win,variable_2_4/repetition_3
32,3118,variable_2_4/repetition_3,982b1b91707d4b87abdfcc7aecfa5350,variable_2_4,3,1,49,1,loss,variable_encoder_2_4/repetition_3
32,3119,variable_encoder_2_4/repetition_3,ff7c9e64890348edad17616988967f76,variable_encoder_2_4,3,0,54,6,win,variable_2_4/repetition_3
32,3119,variable_2_4/repetition_3,982b1b91707d4b87abdfcc7aecfa5350,variable_2_4,3,1,50,2,loss,variable_encoder_2_4/repetition_3
32,3120,variable_2_4/repetition_3,982b1b91707d4b87abdfcc7aecfa5350,variable_2_4,3,0,60,2,loss,variable_encoder_2_4/repetition_3
32,3120,variable_encoder_2_4/repetition_3,ff7c9e64890348edad17616988967f76,variable_encoder_2_4,3,1,67,4,win,variable_2_4/repetition_3
32,3121,variable_encoder_2_4/repetition_3,ff7c9e64890348edad17616988967f76,variable_encoder_2_4,3,0,54,3,win,variable_2_4/repetition_3
32,3121,variable_2_4/repetition_3,982b1b91707d4b87abdfcc7aecfa5350,variable_2_4,3,1,54,2,loss,variable_encoder_2_4/repetition_3
32,3122,variable_2_4/repetition_3,982b1b91707d4b87abdfcc7aecfa5350,variable_2_4,3,0,64,0,loss,variable_encoder_2_4/repetition_3
32,3122,variable_encoder_2_4/repetition_3,ff7c9e64890348edad17616988967f76,variable_encoder_2_4,3,1,64,5,win,variable_2_4/repetition_3
32,3123,variable_encoder_2_4/repetition_3,ff7c9e64890348edad17616988967f76,variable_encoder_2_4,3,0,63,4,win,variable_2_4/repetition_3
32,3123,variable_2_4/repetition_3,982b1b91707d4b87abdfcc7aecfa5350,variable_2_4,3,1,55,1,loss,variable_encoder_2_4/repetition_3
32,3124,variable_encoder_2_4/repetition_3,ff7c9e64890348edad17616988967f76,variable_encoder_2_4,3,0,50,8,win,variable_2_4/repetition_3
32,3124,variable_2_4/repetition_3,982b1b91707d4b87abdfcc7aecfa5350,variable_2_4,3,1,49,2,loss,variable_encoder_2_4/repetition_3
32,3125,variable_encoder_2_4/repetition_3,ff7c9e64890348edad17616988967f76,variable_encoder_2_4,3,0,60,5,win,variable_2_4/repetition_3
32,3125,variable_2_4/repetition_3,982b1b91707d4b87abdfcc7aecfa5350,variable_2_4,3,1,42,2,loss,variable_encoder_2_4/repetition_3
32,3126,variable_encoder_2_4/repetition_3,ff7c9e64890348edad17616988967f76,variable_encoder_2_4,3,0,65,5,win,variable_2_4/repetition_3
32,3126,variable_2_4/repetition_3,982b1b91707d4b87abdfcc7aecfa5350,variable_2_4,3,1,47,0,loss,variable_encoder_2_4/repetition_3
32,3127,variable_2_4/repetition_3,982b1b91707d4b87abdfcc7aecfa5350,variable_2_4,3,0,58,1,win,variable_encoder_2_4/repetition_3
32,3127,variable_encoder_2_4/repetition_3,ff7c9e64890348edad17616988967f76,variable_encoder_2_4,3,1,53,4,loss,variable_2_4/repetition_3
32,3128,variable_2_4/repetition_3,982b1b91707d4b87abdfcc7aecfa5350,variable_2_4,3,0,48,1,loss,variable_encoder_2_4/repetition_3
32,3128,variable_encoder_2_4/repetition_3,ff7c9e64890348edad17616988967f76,variable_encoder_2_4,3,1,48,5,win,variable_2_4/repetition_3
32,3129,variable_2_4/repetition_3,982b1b91707d4b87abdfcc7aecfa5350,variable_2_4,3,0,45,1,loss,variable_encoder_2_4/repetition_3
32,3129,variable_encoder_2_4/repetition_3,ff7c9e64890348edad17616988967f76,variable_encoder_2_4,3,1,64,3,win,variable_2_4/repetition_3
32,3130,variable_2_4/repetition_3,982b1b91707d4b87abdfcc7aecfa5350,variable_2_4,3,0,62,1,win,variable_encoder_2_4/repetition_3
32,3130,variable_encoder_2_4/repetition_3,ff7c9e64890348edad17616988967f76,variable_encoder_2_4,3,1,56,4,loss,variable_2_4/repetition_3
32,3131,variable_encoder_2_4/repetition_3,ff7c9e64890348edad17616988967f76,variable_encoder_2_4,3,0,61,5,win,variable_2_4/repetition_3
32,3131,variable_2_4/repetition_3,982b1b91707d4b87abdfcc7aecfa5350,variable_2_4,3,1,54,3,loss,variable_encoder_2_4/repetition_3
32,3132,variable_encoder_2_4/repetition_3,ff7c9e64890348edad17616988967f76,variable_encoder_2_4,3,0,47,6,loss,variable_2_4/repetition_3
32,3132,variable_2_4/repetition_3,982b1b91707d4b87abdfcc7aecfa5350,variable_2_4,3,1,62,2,win,variable_encoder_2_4/repetition_3
32,3133,variable_encoder_2_4/repetition_3,ff7c9e64890348edad17616988967f76,variable_encoder_2_4,3,0,39,5,loss,variable_2_4/repetition_3
32,3133,variable_2_4/repetition_3,982b1b91707d4b87abdfcc7aecfa5350,variable_2_4,3,1,50,1,win,variable_encoder_2_4/repetition_3
32,3134,variable_encoder_2_4/repetition_3,ff7c9e64890348edad17616988967f76,variable_encoder_2_4,3,0,60,6,win,variable_2_4/repetition_3
32,3134,variable_2_4/repetition_3,982b1b91707d4b87abdfcc7aecfa5350,variable_2_4,3,1,57,2,loss,variable_encoder_2_4/repetition_3
32,3135,variable_2_4/repetition_3,982b1b91707d4b87abdfcc7aecfa5350,variable_2_4,3,0,49,2,loss,variable_encoder_2_4/repetition_3
32,3135,variable_encoder_2_4/repetition_3,ff7c9e64890348edad17616988967f76,variable_encoder_2_4,3,1,53,5,win,variable_2_4/repetition_3
32,3136,variable_encoder_2_4/repetition_3,ff7c9e64890348edad17616988967f76,variable_encoder_2_4,3,0,46,4,loss,variable_2_4/repetition_3
32,3136,variable_2_4/repetition_3,982b1b91707d4b87abdfcc7aecfa5350,variable_2_4,3,1,49,0,win,variable_encoder_2_4/repetition_3
32,3137,variable_encoder_2_4/repetition_3,ff7c9e64890348edad17616988967f76,variable_encoder_2_4,3,0,55,5,loss,variable_2_4/repetition_3
32,3137,variable_2_4/repetition_3,982b1b91707d4b87abdfcc7aecfa5350,variable_2_4,3,1,57,1,win,variable_encoder_2_4/repetition_3
32,3138,variable_2_4/repetition_3,982b1b91707d4b87abdfcc7aecfa5350,variable_2_4,3,0,59,1,win,variable_encoder_2_4/repetition_3
32,3138,variable_encoder_2_4/repetition_3,ff7c9e64890348edad17616988967f76,variable_encoder_2_4,3,1,54,5,loss,variable_2_4/repetition_3
32,3139,variable_encoder_2_4/repetition_3,ff7c9e64890348edad17616988967f76,variable_encoder_2_4,3,0,56,3,win,variable_2_4/repetition_3
32,3139,variable_2_4/repetition_3,982b1b91707d4b87abdfcc7aecfa5350,variable_2_4,3,1,51,4,loss,variable_encoder_2_4/repetition_3
32,3140,variable_2_4/repetition_3,982b1b91707d4b87abdfcc7aecfa5350,variable_2_4,3,0,48,3,loss,variable_encoder_2_4/repetition_3
32,3140,variable_encoder_2_4/repetition_3,ff7c9e64890348edad17616988967f76,variable_encoder_2_4,3,1,59,5,win,variable_2_4/repetition_3
32,3141,variable_encoder_2_4/repetition_3,ff7c9e64890348edad17616988967f76,variable_encoder_2_4,3,0,53,4,loss,variable_2_4/repetition_3
32,3141,variable_2_4/repetition_3,982b1b91707d4b87abdfcc7aecfa5350,variable_2_4,3,1,59,2,win,variable_encoder_2_4/repetition_3
32,3142,variable_2_4/repetition_3,982b1b91707d4b87abdfcc7aecfa5350,variable_2_4,3,0,47,2,loss,variable_encoder_2_4/repetition_3
32,3142,variable_encoder_2_4/repetition_3,ff7c9e64890348edad17616988967f76,variable_encoder_2_4,3,1,58,6,win,variable_2_4/repetition_3
32,3143,variable_encoder_2_4/repetition_3,ff7c9e64890348edad17616988967f76,variable_encoder_2_4,3,0,39,4,loss,variable_2_4/repetition_3
32,3143,variable_2_4/repetition_3,982b1b91707d4b87abdfcc7aecfa5350,variable_2_4,3,1,52,1,win,variable_encoder_2_4/repetition_3
32,3144,variable_2_4/repetition_3,982b1b91707d4b87abdfcc7aecfa5350,variable_2_4,3,0,50,2,loss,variable_encoder_2_4/repetition_3
32,3144,variable_encoder_2_4/repetition_3,ff7c9e64890348edad17616988967f76,variable_encoder_2_4,3,1,56,5,win,variable_2_4/repetition_3
32,3145,variable_2_4/repetition_3,982b1b91707d4b87abdfcc7aecfa5350,variable_2_4,3,0,45,2,loss,variable_encoder_2_4/repetition_3
32,3145,variable_encoder_2_4/repetition_3,ff7c9e64890348edad17616988967f76,variable_encoder_2_4,3,1,45,6,win,variable_2_4/repetition_3
32,3146,variable_encoder_2_4/repetition_3,ff7c9e64890348edad17616988967f76,variable_encoder_2_4,3,0,68,5,win,variable_2_4/repetition_3
32,3146,variable_2_4/repetition_3,982b1b91707d4b87abdfcc7aecfa5350,variable_2_4,3,1,68,1,loss,variable_encoder_2_4/repetition_3
32,3147,variable_encoder_2_4/repetition_3,ff7c9e64890348edad17616988967f76,variable_encoder_2_4,3,0,63,4,win,variable_2_4/repetition_3
32,3147,variable_2_4/repetition_3,982b1b91707d4b87abdfcc7aecfa5350,variable_2_4,3,1,58,1,loss,variable_encoder_2_4/repetition_3
32,3148,variable_2_4/repetition_3,982b1b91707d4b87abdfcc7aecfa5350,variable_2_4,3,0,41,3,loss,variable_encoder_2_4/repetition_3
32,3148,variable_encoder_2_4/repetition_3,ff7c9e64890348edad17616988967f76,variable_encoder_2_4,3,1,58,3,win,variable_2_4/repetition_3
32,3149,variable_encoder_2_4/repetition_3,ff7c9e64890348edad17616988967f76,variable_encoder_2_4,3,0,53,5,loss,variable_2_4/repetition_3
32,3149,variable_2_4/repetition_3,982b1b91707d4b87abdfcc7aecfa5350,variable_2_4,3,1,56,2,win,variable_encoder_2_4/repetition_3
32,3150,variable_encoder_2_4/repetition_3,ff7c9e64890348edad17616988967f76,variable_encoder_2_4,3,0,55,6,win,variable_2_4/repetition_3
32,3150,variable_2_4/repetition_3,982b1b91707d4b87abdfcc7aecfa5350,variable_2_4,3,1,53,2,loss,variable_encoder_2_4/repetition_3
32,3151,variable_encoder_2_4/repetition_3,ff7c9e64890348edad17616988967f76,variable_encoder_2_4,3,0,56,6,loss,variable_2_4/repetition_3
32,3151,variable_2_4/repetition_3,982b1b91707d4b87abdfcc7aecfa5350,variable_2_4,3,1,72,1,win,variable_encoder_2_4/repetition_3
32,3152,variable_2_4/repetition_3,982b1b91707d4b87abdfcc7aecfa5350,variable_2_4,3,0,63,1,loss,variable_encoder_2_4/repetition_3
32,3152,variable_encoder_2_4/repetition_3,ff7c9e64890348edad17616988967f76,variable_encoder_2_4,3,1,68,5,win,variable_2_4/repetition_3
32,3153,variable_2_4/repetition_3,982b1b91707d4b87abdfcc7aecfa5350,variable_2_4,3,0,51,4,loss,variable_encoder_2_4/repetition_3
32,3153,variable_encoder_2_4/repetition_3,ff7c9e64890348edad17616988967f76,variable_encoder_2_4,3,1,56,2,win,variable_2_4/repetition_3
32,3154,variable_encoder_2_4/repetition_3,ff7c9e64890348edad17616988967f76,variable_encoder_2_4,3,0,51,5,loss,variable_2_4/repetition_3
32,3154,variable_2_4/repetition_3,982b1b91707d4b87abdfcc7aecfa5350,variable_2_4,3,1,66,2,win,variable_encoder_2_4/repetition_3
32,3155,variable_encoder_2_4/repetition_3,ff7c9e64890348edad17616988967f76,variable_encoder_2_4,3,0,73,3,win,variable_2_4/repetition_3
32,3155,variable_2_4/repetition_3,982b1b91707d4b87abdfcc7aecfa5350,variable_2_4,3,1,44,3,loss,variable_encoder_2_4/repetition_3
32,3156,variable_2_4/repetition_3,982b1b91707d4b87abdfcc7aecfa5350,variable_2_4,3,0,59,2,loss,variable_encoder_2_4/repetition_3
32,3156,variable_encoder_2_4/repetition_3,ff7c9e64890348edad17616988967f76,variable_encoder_2_4,3,1,61,3,win,variable_2_4/repetition_3
32,3157,variable_encoder_2_4/repetition_3,ff7c9e64890348edad17616988967f76,variable_encoder_2_4,3,0,59,3,win,variable_2_4/repetition_3
32,3157,variable_2_4/repetition_3,982b1b91707d4b87abdfcc7aecfa5350,variable_2_4,3,1,51,1,loss,variable_encoder_2_4/repetition_3
32,3158,variable_encoder_2_4/repetition_3,ff7c9e64890348edad17616988967f76,variable_encoder_2_4,3,0,68,2,win,variable_2_4/repetition_3
32,3158,variable_2_4/repetition_3,982b1b91707d4b87abdfcc7aecfa5350,variable_2_4,3,1,62,2,loss,variable_encoder_2_4/repetition_3
32,3159,variable_2_4/repetition_3,982b1b91707d4b87abdfcc7aecfa5350,variable_2_4,3,0,54,2,win,variable_encoder_2_4/repetition_3
32,3159,variable_encoder_2_4/repetition_3,ff7c9e64890348edad17616988967f76,variable_encoder_2_4,3,1,49,5,loss,variable_2_4/repetition_3
32,3160,variable_encoder_2_4/repetition_3,ff7c9e64890348edad17616988967f76,variable_encoder_2_4,3,0,58,5,win,variable_2_4/repetition_3
32,3160,variable_2_4/repetition_3,982b1b91707d4b87abdfcc7aecfa5350,variable_2_4,3,1,54,2,loss,variable_encoder_2_4/repetition_3
32,3161,variable_encoder_2_4/repetition_3,ff7c9e64890348edad17616988967f76,variable_encoder_2_4,3,0,55,4,win,variable_2_4/repetition_3
32,3161,variable_2_4/repetition_3,982b1b91707d4b87abdfcc7aecfa5350,variable_2_4,3,1,53,1,loss,variable_encoder_2_4/repetition_3
32,3162,variable_2_4/repetition_3,982b1b91707d4b87abdfcc7aecfa5350,variable_2_4,3,0,65,0,loss,variable_encoder_2_4/repetition_3
32,3162,variable_encoder_2_4/repetition_3,ff7c9e64890348edad17616988967f76,variable_encoder_2_4,3,1,67,5,win,variable_2_4/repetition_3
32,3163,variable_encoder_2_4/repetition_3,ff7c9e64890348edad17616988967f76,variable_encoder_2_4,3,0,58,5,win,variable_2_4/repetition_3
32,3163,variable_2_4/repetition_3,982b1b91707d4b87abdfcc7aecfa5350,variable_2_4,3,1,56,2,loss,variable_encoder_2_4/repetition_3
32,3164,variable_2_4/repetition_3,982b1b91707d4b87abdfcc7aecfa5350,variable_2_4,3,0,59,2,win,variable_encoder_2_4/repetition_3
32,3164,variable_encoder_2_4/repetition_3,ff7c9e64890348edad17616988967f76,variable_encoder_2_4,3,1,54,2,loss,variable_2_4/repetition_3
32,3165,variable_2_4/repetition_3,982b1b91707d4b87abdfcc7aecfa5350,variable_2_4,3,0,66,2,win,variable_encoder_2_4/repetition_3
32,3165,variable_encoder_2_4/repetition_3,ff7c9e64890348edad17616988967f76,variable_encoder_2_4,3,1,64,2,loss,variable_2_4/repetition_3
32,3166,variable_2_4/repetition_3,982b1b91707d4b87abdfcc7aecfa5350,variable_2_4,3,0,57,3,tie,variable_encoder_2_4/repetition_3
32,3166,variable_encoder_2_4/repetition_3,ff7c9e64890348edad17616988967f76,variable_encoder_2_4,3,1,57,3,tie,variable_2_4/repetition_3
32,3167,variable_2_4/repetition_3,982b1b91707d4b87abdfcc7aecfa5350,variable_2_4,3,0,50,3,loss,variable_encoder_2_4/repetition_3
32,3167,variable_encoder_2_4/repetition_3,ff7c9e64890348edad17616988967f76,variable_encoder_2_4,3,1,59,5,win,variable_2_4/repetition_3
32,3168,variable_2_4/repetition_3,982b1b91707d4b87abdfcc7aecfa5350,variable_2_4,3,0,55,1,win,variable_encoder_2_4/repetition_3
32,3168,variable_encoder_2_4/repetition_3,ff7c9e64890348edad17616988967f76,variable_encoder_2_4,3,1,54,5,loss,variable_2_4/repetition_3
32,3169,variable_2_4/repetition_3,982b1b91707d4b87abdfcc7aecfa5350,variable_2_4,3,0,60,2,win,variable_encoder_2_4/repetition_3
32,3169,variable_encoder_2_4/repetition_3,ff7c9e64890348edad17616988967f76,variable_encoder_2_4,3,1,45,2,loss,variable_2_4/repetition_3
32,3170,variable_encoder_2_4/repetition_3,ff7c9e64890348edad17616988967f76,variable_encoder_2_4,3,0,58,2,loss,variable_2_4/repetition_3
32,3170,variable_2_4/repetition_3,982b1b91707d4b87abdfcc7aecfa5350,variable_2_4,3,1,60,2,win,variable_encoder_2_4/repetition_3
32,3171,variable_2_4/repetition_3,982b1b91707d4b87abdfcc7aecfa5350,variable_2_4,3,0,63,0,loss,variable_encoder_2_4/repetition_3
32,3171,variable_encoder_2_4/repetition_3,ff7c9e64890348edad17616988967f76,variable_encoder_2_4,3,1,66,4,win,variable_2_4/repetition_3
32,3172,variable_2_4/repetition_3,982b1b91707d4b87abdfcc7aecfa5350,variable_2_4,3,0,47,2,loss,variable_encoder_2_4/repetition_3
32,3172,variable_encoder_2_4/repetition_3,ff7c9e64890348edad17616988967f76,variable_encoder_2_4,3,1,52,5,win,variable_2_4/repetition_3
32,3173,variable_encoder_2_4/repetition_3,ff7c9e64890348edad17616988967f76,variable_encoder_2_4,3,0,54,5,win,variable_2_4/repetition_3
32,3173,variable_2_4/repetition_3,982b1b91707d4b87abdfcc7aecfa5350,variable_2_4,3,1,53,1,loss,variable_encoder_2_4/repetition_3
32,3174,variable_encoder_2_4/repetition_3,ff7c9e64890348edad17616988967f76,variable_encoder_2_4,3,0,59,3,win,variable_2_4/repetition_3
32,3174,variable_2_4/repetition_3,982b1b91707d4b87abdfcc7aecfa5350,variable_2_4,3,1,56,3,loss,variable_encoder_2_4/repetition_3
32,3175,variable_encoder_2_4/repetition_3,ff7c9e64890348edad17616988967f76,variable_encoder_2_4,3,0,52,5,loss,variable_2_4/repetition_3
32,3175,variable_2_4/repetition_3,982b1b91707d4b87abdfcc7aecfa5350,variable_2_4,3,1,55,1,win,variable_encoder_2_4/repetition_3
32,3176,variable_2_4/repetition_3,982b1b91707d4b87abdfcc7aecfa5350,variable_2_4,3,0,57,3,loss,variable_encoder_2_4/repetition_3
32,3176,variable_encoder_2_4/repetition_3,ff7c9e64890348edad17616988967f76,variable_encoder_2_4,3,1,58,4,win,variable_2_4/repetition_3
32,3177,variable_encoder_2_4/repetition_3,ff7c9e64890348edad17616988967f76,variable_encoder_2_4,3,0,58,5,win,variable_2_4/repetition_3
32,3177,variable_2_4/repetition_3,982b1b91707d4b87abdfcc7aecfa5350,variable_2_4,3,1,40,3,loss,variable_encoder_2_4/repetition_3
32,3178,variable_2_4/repetition_3,982b1b91707d4b87abdfcc7aecfa5350,variable_2_4,3,0,41,2,loss,variable_encoder_2_4/repetition_3
32,3178,variable_encoder_2_4/repetition_3,ff7c9e64890348edad17616988967f76,variable_encoder_2_4,3,1,47,6,win,variable_2_4/repetition_3
32,3179,variable_encoder_2_4/repetition_3,ff7c9e64890348edad17616988967f76,variable_encoder_2_4,3,0,64,3,win,variable_2_4/repetition_3
32,3179,variable_2_4/repetition_3,982b1b91707d4b87abdfcc7aecfa5350,variable_2_4,3,1,50,2,loss,variable_encoder_2_4/repetition_3
32,3180,variable_2_4/repetition_3,982b1b91707d4b87abdfcc7aecfa5350,variable_2_4,3,0,46,3,loss,variable_encoder_2_4/repetition_3
32,3180,variable_encoder_2_4/repetition_3,ff7c9e64890348edad17616988967f76,variable_encoder_2_4,3,1,63,4,win,variable_2_4/repetition_3
32,3181,variable_encoder_2_4/repetition_3,ff7c9e64890348edad17616988967f76,variable_encoder_2_4,3,0,57,1,loss,variable_2_4/repetition_3
32,3181,variable_2_4/repetition_3,982b1b91707d4b87abdfcc7aecfa5350,variable_2_4,3,1,62,1,win,variable_encoder_2_4/repetition_3
32,3182,variable_encoder_2_4/repetition_3,ff7c9e64890348edad17616988967f76,variable_encoder_2_4,3,0,49,4,win,variable_2_4/repetition_3
32,3182,variable_2_4/repetition_3,982b1b91707d4b87abdfcc7aecfa5350,variable_2_4,3,1,45,2,loss,variable_encoder_2_4/repetition_3
32,3183,variable_2_4/repetition_3,982b1b91707d4b87abdfcc7aecfa5350,variable_2_4,3,0,42,1,loss,variable_encoder_2_4/repetition_3
32,3183,variable_encoder_2_4/repetition_3,ff7c9e64890348edad17616988967f76,variable_encoder_2_4,3,1,56,4,win,variable_2_4/repetition_3
32,3184,variable_encoder_2_4/repetition_3,ff7c9e64890348edad17616988967f76,variable_encoder_2_4,3,0,57,5,loss,variable_2_4/repetition_3
32,3184,variable_2_4/repetition_3,982b1b91707d4b87abdfcc7aecfa5350,variable_2_4,3,1,60,2,win,variable_encoder_2_4/repetition_3
32,3185,variable_2_4/repetition_3,982b1b91707d4b87abdfcc7aecfa5350,variable_2_4,3,0,53,2,loss,variable_encoder_2_4/repetition_3
32,3185,variable_encoder_2_4/repetition_3,ff7c9e64890348edad17616988967f76,variable_encoder_2_4,3,1,55,2,win,variable_2_4/repetition_3
32,3186,variable_encoder_2_4/repetition_3,ff7c9e64890348edad17616988967f76,variable_encoder_2_4,3,0,57,5,win,variable_2_4/repetition_3
32,3186,variable_2_4/repetition_3,982b1b91707d4b87abdfcc7aecfa5350,variable_2_4,3,1,56,2,loss,variable_encoder_2_4/repetition_3
32,3187,variable_2_4/repetition_3,982b1b91707d4b87abdfcc7aecfa5350,variable_2_4,3,0,58,0,win,variable_encoder_2_4/repetition_3
32,3187,variable_encoder_2_4/repetition_3,ff7c9e64890348edad17616988967f76,variable_encoder_2_4,3,1,56,3,loss,variable_2_4/repetition_3
32,3188,variable_2_4/repetition_3,982b1b91707d4b87abdfcc7aecfa5350,variable_2_4,3,0,48,2,loss,variable_encoder_2_4/repetition_3
32,3188,variable_encoder_2_4/repetition_3,ff7c9e64890348edad17616988967f76,variable_encoder_2_4,3,1,50,5,win,variable_2_4/repetition_3
32,3189,variable_2_4/repetition_3,982b1b91707d4b87abdfcc7aecfa5350,variable_2_4,3,0,52,0,loss,variable_encoder_2_4/repetition_3
32,3189,variable_encoder_2_4/repetition_3,ff7c9e64890348edad17616988967f76,variable_encoder_2_4,3,1,61,3,win,variable_2_4/repetition_3
32,3190,variable_2_4/repetition_3,982b1b91707d4b87abdfcc7aecfa5350,variable_2_4,3,0,44,1,win,variable_encoder_2_4/repetition_3
32,3190,variable_encoder_2_4/repetition_3,ff7c9e64890348edad17616988967f76,variable_encoder_2_4,3,1,40,5,loss,variable_2_4/repetition_3
32,3191,variable_encoder_2_4/repetition_3,ff7c9e64890348edad17616988967f76,variable_encoder_2_4,3,0,59,4,win,variable_2_4/repetition_3
32,3191,variable_2_4/repetition_3,982b1b91707d4b87abdfcc7aecfa5350,variable_2_4,3,1,45,3,loss,variable_encoder_2_4/repetition_3
32,3192,variable_2_4/repetition_3,982b1b91707d4b87abdfcc7aecfa5350,variable_2_4,3,0,45,1,loss,variable_encoder_2_4/repetition_3
32,3192,variable_encoder_2_4/repetition_3,ff7c9e64890348edad17616988967f76,variable_encoder_2_4,3,1,54,4,win,variable_2_4/repetition_3
32,3193,variable_2_4/repetition_3,982b1b91707d4b87abdfcc7aecfa5350,variable_2_4,3,0,48,3,loss,variable_encoder_2_4/repetition_3
32,3193,variable_encoder_2_4/repetition_3,ff7c9e64890348edad17616988967f76,variable_encoder_2_4,3,1,62,3,win,variable_2_4/repetition_3
32,3194,variable_2_4/repetition_3,982b1b91707d4b87abdfcc7aecfa5350,variable_2_4,3,0,65,1,win,variable_encoder_2_4/repetition_3
32,3194,variable_encoder_2_4/repetition_3,ff7c9e64890348edad17616988967f76,variable_encoder_2_4,3,1,48,5,loss,variable_2_4/repetition_3
32,3195,variable_encoder_2_4/repetition_3,ff7c9e64890348edad17616988967f76,variable_encoder_2_4,3,0,59,4,win,variable_2_4/repetition_3
32,3195,variable_2_4/repetition_3,982b1b91707d4b87abdfcc7aecfa5350,variable_2_4,3,1,57,3,loss,variable_encoder_2_4/repetition_3
32,3196,variable_2_4/repetition_3,982b1b91707d4b87abdfcc7aecfa5350,variable_2_4,3,0,49,3,loss,variable_encoder_2_4/repetition_3
32,3196,variable_encoder_2_4/repetition_3,ff7c9e64890348edad17616988967f76,variable_encoder_2_4,3,1,52,3,win,variable_2_4/repetition_3
32,3197,variable_encoder_2_4/repetition_3,ff7c9e64890348edad17616988967f76,variable_encoder_2_4,3,0,59,5,loss,variable_2_4/repetition_3
32,3197,variable_2_4/repetition_3,982b1b91707d4b87abdfcc7aecfa5350,variable_2_4,3,1,62,1,win,variable_encoder_2_4/repetition_3
32,3198,variable_encoder_2_4/repetition_3,ff7c9e64890348edad17616988967f76,variable_encoder_2_4,3,0,55,4,loss,variable_2_4/repetition_3
32,3198,variable_2_4/repetition_3,982b1b91707d4b87abdfcc7aecfa5350,variable_2_4,3,1,62,2,win,variable_encoder_2_4/repetition_3
32,3199,variable_2_4/repetition_3,982b1b91707d4b87abdfcc7aecfa5350,variable_2_4,3,0,45,2,loss,variable_encoder_2_4/repetition_3
32,3199,variable_encoder_2_4/repetition_3,ff7c9e64890348edad17616988967f76,variable_encoder_2_4,3,1,61,5,win,variable_2_4/repetition_3
32,3200,variable_2_4/repetition_3,982b1b91707d4b87abdfcc7aecfa5350,variable_2_4,3,0,50,2,loss,variable_encoder_2_4/repetition_3
32,3200,variable_encoder_2_4/repetition_3,ff7c9e64890348edad17616988967f76,variable_encoder_2_4,3,1,60,2,win,variable_2_4/repetition_3
33,3201,variable_2_4/repetition_3,982b1b91707d4b87abdfcc7aecfa5350,variable_2_4,3,0,77,1,win,random/repetition_1
33,3201,random/repetition_1,random,random,1,1,41,5,loss,variable_2_4/repetition_3
33,3202,random/repetition_1,random,random,1,0,32,3,loss,variable_2_4/repetition_3
33,3202,variable_2_4/repetition_3,982b1b91707d4b87abdfcc7aecfa5350,variable_2_4,3,1,65,6,win,random/repetition_1
33,3203,random/repetition_1,random,random,1,0,37,1,loss,variable_2_4/repetition_3
33,3203,variable_2_4/repetition_3,982b1b91707d4b87abdfcc7aecfa5350,variable_2_4,3,1,72,2,win,random/repetition_1
33,3204,random/repetition_1,random,random,1,0,40,2,loss,variable_2_4/repetition_3
33,3204,variable_2_4/repetition_3,982b1b91707d4b87abdfcc7aecfa5350,variable_2_4,3,1,57,5,win,random/repetition_1
33,3205,variable_2_4/repetition_3,982b1b91707d4b87abdfcc7aecfa5350,variable_2_4,3,0,58,3,win,random/repetition_1
33,3205,random/repetition_1,random,random,1,1,34,2,loss,variable_2_4/repetition_3
33,3206,random/repetition_1,random,random,1,0,44,3,loss,variable_2_4/repetition_3
33,3206,variable_2_4/repetition_3,982b1b91707d4b87abdfcc7aecfa5350,variable_2_4,3,1,62,1,win,random/repetition_1
33,3207,variable_2_4/repetition_3,982b1b91707d4b87abdfcc7aecfa5350,variable_2_4,3,0,68,1,win,random/repetition_1
33,3207,random/repetition_1,random,random,1,1,48,3,loss,variable_2_4/repetition_3
33,3208,random/repetition_1,random,random,1,0,48,2,loss,variable_2_4/repetition_3
33,3208,variable_2_4/repetition_3,982b1b91707d4b87abdfcc7aecfa5350,variable_2_4,3,1,67,3,win,random/repetition_1
33,3209,random/repetition_1,random,random,1,0,51,3,loss,variable_2_4/repetition_3
33,3209,variable_2_4/repetition_3,982b1b91707d4b87abdfcc7aecfa5350,variable_2_4,3,1,65,1,win,random/repetition_1
33,3210,random/repetition_1,random,random,1,0,44,3,loss,variable_2_4/repetition_3
33,3210,variable_2_4/repetition_3,982b1b91707d4b87abdfcc7aecfa5350,variable_2_4,3,1,62,2,win,random/repetition_1
33,3211,random/repetition_1,random,random,1,0,49,3,loss,variable_2_4/repetition_3
33,3211,variable_2_4/repetition_3,982b1b91707d4b87abdfcc7aecfa5350,variable_2_4,3,1,58,2,win,random/repetition_1
33,3212,variable_2_4/repetition_3,982b1b91707d4b87abdfcc7aecfa5350,variable_2_4,3,0,54,2,win,random/repetition_1
33,3212,random/repetition_1,random,random,1,1,32,4,loss,variable_2_4/repetition_3
33,3213,random/repetition_1,random,random,1,0,44,4,loss,variable_2_4/repetition_3
33,3213,variable_2_4/repetition_3,982b1b91707d4b87abdfcc7aecfa5350,variable_2_4,3,1,61,3,win,random/repetition_1
33,3214,variable_2_4/repetition_3,982b1b91707d4b87abdfcc7aecfa5350,variable_2_4,3,0,67,3,win,random/repetition_1
33,3214,random/repetition_1,random,random,1,1,57,4,loss,variable_2_4/repetition_3
33,3215,variable_2_4/repetition_3,982b1b91707d4b87abdfcc7aecfa5350,variable_2_4,3,0,60,4,win,random/repetition_1
33,3215,random/repetition_1,random,random,1,1,41,3,loss,variable_2_4/repetition_3
33,3216,random/repetition_1,random,random,1,0,41,0,loss,variable_2_4/repetition_3
33,3216,variable_2_4/repetition_3,982b1b91707d4b87abdfcc7aecfa5350,variable_2_4,3,1,69,4,win,random/repetition_1
33,3217,variable_2_4/repetition_3,982b1b91707d4b87abdfcc7aecfa5350,variable_2_4,3,0,70,2,win,random/repetition_1
33,3217,random/repetition_1,random,random,1,1,45,2,loss,variable_2_4/repetition_3
33,3218,variable_2_4/repetition_3,982b1b91707d4b87abdfcc7aecfa5350,variable_2_4,3,0,57,2,win,random/repetition_1
33,3218,random/repetition_1,random,random,1,1,30,4,loss,variable_2_4/repetition_3
33,3219,random/repetition_1,random,random,1,0,40,3,loss,variable_2_4/repetition_3
33,3219,variable_2_4/repetition_3,982b1b91707d4b87abdfcc7aecfa5350,variable_2_4,3,1,61,2,win,random/repetition_1
33,3220,variable_2_4/repetition_3,982b1b91707d4b87abdfcc7aecfa5350,variable_2_4,3,0,63,1,win,random/repetition_1
33,3220,random/repetition_1,random,random,1,1,37,5,loss,variable_2_4/repetition_3
33,3221,random/repetition_1,random,random,1,0,31,2,loss,variable_2_4/repetition_3
33,3221,variable_2_4/repetition_3,982b1b91707d4b87abdfcc7aecfa5350,variable_2_4,3,1,44,4,win,random/repetition_1
33,3222,random/repetition_1,random,random,1,0,38,2,loss,variable_2_4/repetition_3
33,3222,variable_2_4/repetition_3,982b1b91707d4b87abdfcc7aecfa5350,variable_2_4,3,1,54,5,win,random/repetition_1
33,3223,variable_2_4/repetition_3,982b1b91707d4b87abdfcc7aecfa5350,variable_2_4,3,0,61,2,win,random/repetition_1
33,3223,random/repetition_1,random,random,1,1,39,1,loss,variable_2_4/repetition_3
33,3224,random/repetition_1,random,random,1,0,33,3,loss,variable_2_4/repetition_3
33,3224,variable_2_4/repetition_3,982b1b91707d4b87abdfcc7aecfa5350,variable_2_4,3,1,60,4,win,random/repetition_1
33,3225,random/repetition_1,random,random,1,0,33,2,loss,variable_2_4/repetition_3
33,3225,variable_2_4/repetition_3,982b1b91707d4b87abdfcc7aecfa5350,variable_2_4,3,1,83,4,win,random/repetition_1
33,3226,variable_2_4/repetition_3,982b1b91707d4b87abdfcc7aecfa5350,variable_2_4,3,0,61,3,win,random/repetition_1
33,3226,random/repetition_1,random,random,1,1,45,2,loss,variable_2_4/repetition_3
33,3227,variable_2_4/repetition_3,982b1b91707d4b87abdfcc7aecfa5350,variable_2_4,3,0,63,1,win,random/repetition_1
33,3227,random/repetition_1,random,random,1,1,37,3,loss,variable_2_4/repetition_3
33,3228,random/repetition_1,random,random,1,0,40,1,loss,variable_2_4/repetition_3
33,3228,variable_2_4/repetition_3,982b1b91707d4b87abdfcc7aecfa5350,variable_2_4,3,1,67,1,win,random/repetition_1
33,3229,random/repetition_1,random,random,1,0,37,3,loss,variable_2_4/repetition_3
33,3229,variable_2_4/repetition_3,982b1b91707d4b87abdfcc7aecfa5350,variable_2_4,3,1,65,4,win,random/repetition_1
33,3230,variable_2_4/repetition_3,982b1b91707d4b87abdfcc7aecfa5350,variable_2_4,3,0,62,3,win,random/repetition_1
33,3230,random/repetition_1,random,random,1,1,42,4,loss,variable_2_4/repetition_3
33,3231,random/repetition_1,random,random,1,0,45,4,loss,variable_2_4/repetition_3
33,3231,variable_2_4/repetition_3,982b1b91707d4b87abdfcc7aecfa5350,variable_2_4,3,1,62,0,win,random/repetition_1
33,3232,random/repetition_1,random,random,1,0,42,1,loss,variable_2_4/repetition_3
33,3232,variable_2_4/repetition_3,982b1b91707d4b87abdfcc7aecfa5350,variable_2_4,3,1,71,4,win,random/repetition_1
33,3233,random/repetition_1,random,random,1,0,49,2,loss,variable_2_4/repetition_3
33,3233,variable_2_4/repetition_3,982b1b91707d4b87abdfcc7aecfa5350,variable_2_4,3,1,52,3,win,random/repetition_1
33,3234,variable_2_4/repetition_3,982b1b91707d4b87abdfcc7aecfa5350,variable_2_4,3,0,57,5,win,random/repetition_1
33,3234,random/repetition_1,random,random,1,1,31,3,loss,variable_2_4/repetition_3
33,3235,variable_2_4/repetition_3,982b1b91707d4b87abdfcc7aecfa5350,variable_2_4,3,0,85,0,win,random/repetition_1
33,3235,random/repetition_1,random,random,1,1,41,3,loss,variable_2_4/repetition_3
33,3236,variable_2_4/repetition_3,982b1b91707d4b87abdfcc7aecfa5350,variable_2_4,3,0,54,0,win,random/repetition_1
33,3236,random/repetition_1,random,random,1,1,45,5,loss,variable_2_4/repetition_3
33,3237,random/repetition_1,random,random,1,0,38,0,loss,variable_2_4/repetition_3
33,3237,variable_2_4/repetition_3,982b1b91707d4b87abdfcc7aecfa5350,variable_2_4,3,1,67,4,win,random/repetition_1
33,3238,random/repetition_1,random,random,1,0,45,3,loss,variable_2_4/repetition_3
33,3238,variable_2_4/repetition_3,982b1b91707d4b87abdfcc7aecfa5350,variable_2_4,3,1,60,2,win,random/repetition_1
33,3239,variable_2_4/repetition_3,982b1b91707d4b87abdfcc7aecfa5350,variable_2_4,3,0,60,2,win,random/repetition_1
33,3239,random/repetition_1,random,random,1,1,50,3,loss,variable_2_4/repetition_3
33,3240,variable_2_4/repetition_3,982b1b91707d4b87abdfcc7aecfa5350,variable_2_4,3,0,66,1,win,random/repetition_1
33,3240,random/repetition_1,random,random,1,1,51,4,loss,variable_2_4/repetition_3
33,3241,variable_2_4/repetition_3,982b1b91707d4b87abdfcc7aecfa5350,variable_2_4,3,0,67,5,win,random/repetition_1
33,3241,random/repetition_1,random,random,1,1,31,0,loss,variable_2_4/repetition_3
33,3242,random/repetition_1,random,random,1,0,40,2,loss,variable_2_4/repetition_3
33,3242,variable_2_4/repetition_3,982b1b91707d4b87abdfcc7aecfa5350,variable_2_4,3,1,58,4,win,random/repetition_1
33,3243,random/repetition_1,random,random,1,0,65,3,win,variable_2_4/repetition_3
33,3243,variable_2_4/repetition_3,982b1b91707d4b87abdfcc7aecfa5350,variable_2_4,3,1,65,2,loss,random/repetition_1
33,3244,variable_2_4/repetition_3,982b1b91707d4b87abdfcc7aecfa5350,variable_2_4,3,0,61,2,win,random/repetition_1
33,3244,random/repetition_1,random,random,1,1,39,5,loss,variable_2_4/repetition_3
33,3245,variable_2_4/repetition_3,982b1b91707d4b87abdfcc7aecfa5350,variable_2_4,3,0,58,2,win,random/repetition_1
33,3245,random/repetition_1,random,random,1,1,36,4,loss,variable_2_4/repetition_3
33,3246,random/repetition_1,random,random,1,0,36,2,loss,variable_2_4/repetition_3
33,3246,variable_2_4/repetition_3,982b1b91707d4b87abdfcc7aecfa5350,variable_2_4,3,1,46,5,win,random/repetition_1
33,3247,random/repetition_1,random,random,1,0,35,2,loss,variable_2_4/repetition_3
33,3247,variable_2_4/repetition_3,982b1b91707d4b87abdfcc7aecfa5350,variable_2_4,3,1,51,2,win,random/repetition_1
33,3248,variable_2_4/repetition_3,982b1b91707d4b87abdfcc7aecfa5350,variable_2_4,3,0,59,3,win,random/repetition_1
33,3248,random/repetition_1,random,random,1,1,32,4,loss,variable_2_4/repetition_3
33,3249,random/repetition_1,random,random,1,0,46,5,loss,variable_2_4/repetition_3
33,3249,variable_2_4/repetition_3,982b1b91707d4b87abdfcc7aecfa5350,variable_2_4,3,1,53,4,win,random/repetition_1
33,3250,random/repetition_1,random,random,1,0,35,3,loss,variable_2_4/repetition_3
33,3250,variable_2_4/repetition_3,982b1b91707d4b87abdfcc7aecfa5350,variable_2_4,3,1,61,3,win,random/repetition_1
33,3251,random/repetition_1,random,random,1,0,40,3,loss,variable_2_4/repetition_3
33,3251,variable_2_4/repetition_3,982b1b91707d4b87abdfcc7aecfa5350,variable_2_4,3,1,61,1,win,random/repetition_1
33,3252,random/repetition_1,random,random,1,0,43,3,loss,variable_2_4/repetition_3
33,3252,variable_2_4/repetition_3,982b1b91707d4b87abdfcc7aecfa5350,variable_2_4,3,1,81,4,win,random/repetition_1
33,3253,random/repetition_1,random,random,1,0,42,4,loss,variable_2_4/repetition_3
33,3253,variable_2_4/repetition_3,982b1b91707d4b87abdfcc7aecfa5350,variable_2_4,3,1,65,0,win,random/repetition_1
33,3254,random/repetition_1,random,random,1,0,44,1,loss,variable_2_4/repetition_3
33,3254,variable_2_4/repetition_3,982b1b91707d4b87abdfcc7aecfa5350,variable_2_4,3,1,73,3,win,random/repetition_1
33,3255,random/repetition_1,random,random,1,0,46,1,loss,variable_2_4/repetition_3
33,3255,variable_2_4/repetition_3,982b1b91707d4b87abdfcc7aecfa5350,variable_2_4,3,1,57,4,win,random/repetition_1
33,3256,variable_2_4/repetition_3,982b1b91707d4b87abdfcc7aecfa5350,variable_2_4,3,0,63,5,win,random/repetition_1
33,3256,random/repetition_1,random,random,1,1,43,4,loss,variable_2_4/repetition_3
33,3257,random/repetition_1,random,random,1,0,33,5,loss,variable_2_4/repetition_3
33,3257,variable_2_4/repetition_3,982b1b91707d4b87abdfcc7aecfa5350,variable_2_4,3,1,56,3,win,random/repetition_1
33,3258,random/repetition_1,random,random,1,0,42,3,win,variable_2_4/repetition_3
33,3258,variable_2_4/repetition_3,982b1b91707d4b87abdfcc7aecfa5350,variable_2_4,3,1,36,2,loss,random/repetition_1
33,3259,random/repetition_1,random,random,1,0,39,1,loss,variable_2_4/repetition_3
33,3259,variable_2_4/repetition_3,982b1b91707d4b87abdfcc7aecfa5350,variable_2_4,3,1,55,2,win,random/repetition_1
33,3260,random/repetition_1,random,random,1,0,43,1,loss,variable_2_4/repetition_3
33,3260,variable_2_4/repetition_3,982b1b91707d4b87abdfcc7aecfa5350,variable_2_4,3,1,68,4,win,random/repetition_1
33,3261,random/repetition_1,random,random,1,0,39,5,loss,variable_2_4/repetition_3
33,3261,variable_2_4/repetition_3,982b1b91707d4b87abdfcc7aecfa5350,variable_2_4,3,1,59,2,win,random/repetition_1
33,3262,variable_2_4/repetition_3,982b1b91707d4b87abdfcc7aecfa5350,variable_2_4,3,0,64,0,win,random/repetition_1
33,3262,random/repetition_1,random,random,1,1,37,4,loss,variable_2_4/repetition_3
33,3263,variable_2_4/repetition_3,982b1b91707d4b87abdfcc7aecfa5350,variable_2_4,3,0,66,0,win,random/repetition_1
33,3263,random/repetition_1,random,random,1,1,34,5,loss,variable_2_4/repetition_3
33,3264,variable_2_4/repetition_3,982b1b91707d4b87abdfcc7aecfa5350,variable_2_4,3,0,57,6,win,random/repetition_1
33,3264,random/repetition_1,random,random,1,1,47,2,loss,variable_2_4/repetition_3
33,3265,variable_2_4/repetition_3,982b1b91707d4b87abdfcc7aecfa5350,variable_2_4,3,0,66,3,win,random/repetition_1
33,3265,random/repetition_1,random,random,1,1,36,2,loss,variable_2_4/repetition_3
33,3266,variable_2_4/repetition_3,982b1b91707d4b87abdfcc7aecfa5350,variable_2_4,3,0,64,5,win,random/repetition_1
33,3266,random/repetition_1,random,random,1,1,37,2,loss,variable_2_4/repetition_3
33,3267,random/repetition_1,random,random,1,0,31,5,loss,variable_2_4/repetition_3
33,3267,variable_2_4/repetition_3,982b1b91707d4b87abdfcc7aecfa5350,variable_2_4,3,1,70,1,win,random/repetition_1
33,3268,variable_2_4/repetition_3,982b1b91707d4b87abdfcc7aecfa5350,variable_2_4,3,0,66,3,win,random/repetition_1
33,3268,random/repetition_1,random,random,1,1,31,5,loss,variable_2_4/repetition_3
33,3269,random/repetition_1,random,random,1,0,32,1,loss,variable_2_4/repetition_3
33,3269,variable_2_4/repetition_3,982b1b91707d4b87abdfcc7aecfa5350,variable_2_4,3,1,61,4,win,random/repetition_1
33,3270,random/repetition_1,random,random,1,0,39,2,loss,variable_2_4/repetition_3
33,3270,variable_2_4/repetition_3,982b1b91707d4b87abdfcc7aecfa5350,variable_2_4,3,1,81,3,win,random/repetition_1
33,3271,random/repetition_1,random,random,1,0,35,3,loss,variable_2_4/repetition_3
33,3271,variable_2_4/repetition_3,982b1b91707d4b87abdfcc7aecfa5350,variable_2_4,3,1,77,3,win,random/repetition_1
33,3272,random/repetition_1,random,random,1,0,47,2,loss,variable_2_4/repetition_3
33,3272,variable_2_4/repetition_3,982b1b91707d4b87abdfcc7aecfa5350,variable_2_4,3,1,74,2,win,random/repetition_1
33,3273,random/repetition_1,random,random,1,0,41,2,loss,variable_2_4/repetition_3
33,3273,variable_2_4/repetition_3,982b1b91707d4b87abdfcc7aecfa5350,variable_2_4,3,1,69,4,win,random/repetition_1
33,3274,random/repetition_1,random,random,1,0,43,1,loss,variable_2_4/repetition_3
33,3274,variable_2_4/repetition_3,982b1b91707d4b87abdfcc7aecfa5350,variable_2_4,3,1,70,3,win,random/repetition_1
33,3275,variable_2_4/repetition_3,982b1b91707d4b87abdfcc7aecfa5350,variable_2_4,3,0,58,4,win,random/repetition_1
33,3275,random/repetition_1,random,random,1,1,29,2,loss,variable_2_4/repetition_3
33,3276,variable_2_4/repetition_3,982b1b91707d4b87abdfcc7aecfa5350,variable_2_4,3,0,49,3,win,random/repetition_1
33,3276,random/repetition_1,random,random,1,1,41,4,loss,variable_2_4/repetition_3
33,3277,variable_2_4/repetition_3,982b1b91707d4b87abdfcc7aecfa5350,variable_2_4,3,0,66,2,win,random/repetition_1
33,3277,random/repetition_1,random,random,1,1,38,1,loss,variable_2_4/repetition_3
33,3278,variable_2_4/repetition_3,982b1b91707d4b87abdfcc7aecfa5350,variable_2_4,3,0,61,4,win,random/repetition_1
33,3278,random/repetition_1,random,random,1,1,44,0,loss,variable_2_4/repetition_3
33,3279,variable_2_4/repetition_3,982b1b91707d4b87abdfcc7aecfa5350,variable_2_4,3,0,55,2,win,random/repetition_1
33,3279,random/repetition_1,random,random,1,1,47,4,loss,variable_2_4/repetition_3
33,3280,random/repetition_1,random,random,1,0,49,2,loss,variable_2_4/repetition_3
33,3280,variable_2_4/repetition_3,982b1b91707d4b87abdfcc7aecfa5350,variable_2_4,3,1,65,1,win,random/repetition_1
33,3281,random/repetition_1,random,random,1,0,35,2,loss,variable_2_4/repetition_3
33,3281,variable_2_4/repetition_3,982b1b91707d4b87abdfcc7aecfa5350,variable_2_4,3,1,54,4,win,random/repetition_1
33,3282,random/repetition_1,random,random,1,0,29,5,loss,variable_2_4/repetition_3
33,3282,variable_2_4/repetition_3,982b1b91707d4b87abdfcc7aecfa5350,variable_2_4,3,1,55,3,win,random/repetition_1
33,3283,random/repetition_1,random,random,1,0,35,1,loss,variable_2_4/repetition_3
33,3283,variable_2_4/repetition_3,982b1b91707d4b87abdfcc7aecfa5350,variable_2_4,3,1,50,2,win,random/repetition_1
33,3284,random/repetition_1,random,random,1,0,30,3,loss,variable_2_4/repetition_3
33,3284,variable_2_4/repetition_3,982b1b91707d4b87abdfcc7aecfa5350,variable_2_4,3,1,50,4,win,random/repetition_1
33,3285,variable_2_4/repetition_3,982b1b91707d4b87abdfcc7aecfa5350,variable_2_4,3,0,67,3,win,random/repetition_1
33,3285,random/repetition_1,random,random,1,1,51,3,loss,variable_2_4/repetition_3
33,3286,variable_2_4/repetition_3,982b1b91707d4b87abdfcc7aecfa5350,variable_2_4,3,0,71,1,win,random/repetition_1
33,3286,random/repetition_1,random,random,1,1,34,4,loss,variable_2_4/repetition_3
33,3287,variable_2_4/repetition_3,982b1b91707d4b87abdfcc7aecfa5350,variable_2_4,3,0,62,0,win,random/repetition_1
33,3287,random/repetition_1,random,random,1,1,39,5,loss,variable_2_4/repetition_3
33,3288,variable_2_4/repetition_3,982b1b91707d4b87abdfcc7aecfa5350,variable_2_4,3,0,61,4,win,random/repetition_1
33,3288,random/repetition_1,random,random,1,1,42,2,loss,variable_2_4/repetition_3
33,3289,random/repetition_1,random,random,1,0,32,4,loss,variable_2_4/repetition_3
33,3289,variable_2_4/repetition_3,982b1b91707d4b87abdfcc7aecfa5350,variable_2_4,3,1,67,2,win,random/repetition_1
33,3290,random/repetition_1,random,random,1,0,47,1,loss,variable_2_4/repetition_3
33,3290,variable_2_4/repetition_3,982b1b91707d4b87abdfcc7aecfa5350,variable_2_4,3,1,64,1,win,random/repetition_1
33,3291,random/repetition_1,random,random,1,0,42,4,loss,variable_2_4/repetition_3
33,3291,variable_2_4/repetition_3,982b1b91707d4b87abdfcc7aecfa5350,variable_2_4,3,1,53,3,win,random/repetition_1
33,3292,random/repetition_1,random,random,1,0,50,4,loss,variable_2_4/repetition_3
33,3292,variable_2_4/repetition_3,982b1b91707d4b87abdfcc7aecfa5350,variable_2_4,3,1,59,3,win,random/repetition_1
33,3293,random/repetition_1,random,random,1,0,51,3,loss,variable_2_4/repetition_3
33,3293,variable_2_4/repetition_3,982b1b91707d4b87abdfcc7aecfa5350,variable_2_4,3,1,66,2,win,random/repetition_1
33,3294,variable_2_4/repetition_3,982b1b91707d4b87abdfcc7aecfa5350,variable_2_4,3,0,52,3,win,random/repetition_1
33,3294,random/repetition_1,random,random,1,1,29,5,loss,variable_2_4/repetition_3
33,3295,random/repetition_1,random,random,1,0,35,4,loss,variable_2_4/repetition_3
33,3295,variable_2_4/repetition_3,982b1b91707d4b87abdfcc7aecfa5350,variable_2_4,3,1,62,2,win,random/repetition_1
33,3296,variable_2_4/repetition_3,982b1b91707d4b87abdfcc7aecfa5350,variable_2_4,3,0,62,4,win,random/repetition_1
33,3296,random/repetition_1,random,random,1,1,54,4,loss,variable_2_4/repetition_3
33,3297,random/repetition_1,random,random,1,0,43,1,loss,variable_2_4/repetition_3
33,3297,variable_2_4/repetition_3,982b1b91707d4b87abdfcc7aecfa5350,variable_2_4,3,1,64,6,win,random/repetition_1
33,3298,random/repetition_1,random,random,1,0,46,5,loss,variable_2_4/repetition_3
33,3298,variable_2_4/repetition_3,982b1b91707d4b87abdfcc7aecfa5350,variable_2_4,3,1,63,2,win,random/repetition_1
33,3299,variable_2_4/repetition_3,982b1b91707d4b87abdfcc7aecfa5350,variable_2_4,3,0,64,3,win,random/repetition_1
33,3299,random/repetition_1,random,random,1,1,34,3,loss,variable_2_4/repetition_3
33,3300,variable_2_4/repetition_3,982b1b91707d4b87abdfcc7aecfa5350,variable_2_4,3,0,60,3,win,random/repetition_1
33,3300,random/repetition_1,random,random,1,1,51,4,loss,variable_2_4/repetition_3
34,3301,random/repetition_1,random,random,1,0,38,2,loss,variable_encoder_2_4/repetition_1
34,3301,variable_encoder_2_4/repetition_1,420770657a844be6ab5e55e02edf3782,variable_encoder_2_4,1,1,73,3,win,random/repetition_1
34,3302,random/repetition_1,random,random,1,0,43,0,loss,variable_encoder_2_4/repetition_1
34,3302,variable_encoder_2_4/repetition_1,420770657a844be6ab5e55e02edf3782,variable_encoder_2_4,1,1,63,3,win,random/repetition_1
34,3303,random/repetition_1,random,random,1,0,43,3,loss,variable_encoder_2_4/repetition_1
34,3303,variable_encoder_2_4/repetition_1,420770657a844be6ab5e55e02edf3782,variable_encoder_2_4,1,1,63,2,win,random/repetition_1
34,3304,random/repetition_1,random,random,1,0,31,3,loss,variable_encoder_2_4/repetition_1
34,3304,variable_encoder_2_4/repetition_1,420770657a844be6ab5e55e02edf3782,variable_encoder_2_4,1,1,60,4,win,random/repetition_1
34,3305,random/repetition_1,random,random,1,0,40,4,loss,variable_encoder_2_4/repetition_1
34,3305,variable_encoder_2_4/repetition_1,420770657a844be6ab5e55e02edf3782,variable_encoder_2_4,1,1,59,4,win,random/repetition_1
34,3306,variable_encoder_2_4/repetition_1,420770657a844be6ab5e55e02edf3782,variable_encoder_2_4,1,0,62,3,win,random/repetition_1
34,3306,random/repetition_1,random,random,1,1,42,2,loss,variable_encoder_2_4/repetition_1
34,3307,variable_encoder_2_4/repetition_1,420770657a844be6ab5e55e02edf3782,variable_encoder_2_4,1,0,62,5,win,random/repetition_1
34,3307,random/repetition_1,random,random,1,1,36,2,loss,variable_encoder_2_4/repetition_1
34,3308,random/repetition_1,random,random,1,0,43,2,loss,variable_encoder_2_4/repetition_1
34,3308,variable_encoder_2_4/repetition_1,420770657a844be6ab5e55e02edf3782,variable_encoder_2_4,1,1,59,3,win,random/repetition_1
34,3309,random/repetition_1,random,random,1,0,34,1,loss,variable_encoder_2_4/repetition_1
34,3309,variable_encoder_2_4/repetition_1,420770657a844be6ab5e55e02edf3782,variable_encoder_2_4,1,1,60,6,win,random/repetition_1
34,3310,random/repetition_1,random,random,1,0,34,4,loss,variable_encoder_2_4/repetition_1
34,3310,variable_encoder_2_4/repetition_1,420770657a844be6ab5e55e02edf3782,variable_encoder_2_4,1,1,59,3,win,random/repetition_1
34,3311,variable_encoder_2_4/repetition_1,420770657a844be6ab5e55e02edf3782,variable_encoder_2_4,1,0,70,6,win,random/repetition_1
34,3311,random/repetition_1,random,random,1,1,26,1,loss,variable_encoder_2_4/repetition_1
34,3312,variable_encoder_2_4/repetition_1,420770657a844be6ab5e55e02edf3782,variable_encoder_2_4,1,0,71,4,win,random/repetition_1
34,3312,random/repetition_1,random,random,1,1,32,2,loss,variable_encoder_2_4/repetition_1
34,3313,random/repetition_1,random,random,1,0,40,4,loss,variable_encoder_2_4/repetition_1
34,3313,variable_encoder_2_4/repetition_1,420770657a844be6ab5e55e02edf3782,variable_encoder_2_4,1,1,75,0,win,random/repetition_1
34,3314,variable_encoder_2_4/repetition_1,420770657a844be6ab5e55e02edf3782,variable_encoder_2_4,1,0,57,6,win,random/repetition_1
34,3314,random/repetition_1,random,random,1,1,40,0,loss,variable_encoder_2_4/repetition_1
34,3315,random/repetition_1,random,random,1,0,48,2,loss,variable_encoder_2_4/repetition_1
34,3315,variable_encoder_2_4/repetition_1,420770657a844be6ab5e55e02edf3782,variable_encoder_2_4,1,1,54,6,win,random/repetition_1
34,3316,random/repetition_1,random,random,1,0,31,2,loss,variable_encoder_2_4/repetition_1
34,3316,variable_encoder_2_4/repetition_1,420770657a844be6ab5e55e02edf3782,variable_encoder_2_4,1,1,56,3,win,random/repetition_1
34,3317,variable_encoder_2_4/repetition_1,420770657a844be6ab5e55e02edf3782,variable_encoder_2_4,1,0,65,3,win,random/repetition_1
34,3317,random/repetition_1,random,random,1,1,47,4,loss,variable_encoder_2_4/repetition_1
34,3318,random/repetition_1,random,random,1,0,45,1,loss,variable_encoder_2_4/repetition_1
34,3318,variable_encoder_2_4/repetition_1,420770657a844be6ab5e55e02edf3782,variable_encoder_2_4,1,1,59,4,win,random/repetition_1
34,3319,variable_encoder_2_4/repetition_1,420770657a844be6ab5e55e02edf3782,variable_encoder_2_4,1,0,73,3,win,random/repetition_1
34,3319,random/repetition_1,random,random,1,1,30,0,loss,variable_encoder_2_4/repetition_1
34,3320,random/repetition_1,random,random,1,0,45,3,loss,variable_encoder_2_4/repetition_1
34,3320,variable_encoder_2_4/repetition_1,420770657a844be6ab5e55e02edf3782,variable_encoder_2_4,1,1,63,2,win,random/repetition_1
34,3321,variable_encoder_2_4/repetition_1,420770657a844be6ab5e55e02edf3782,variable_encoder_2_4,1,0,66,4,win,random/repetition_1
34,3321,random/repetition_1,random,random,1,1,40,1,loss,variable_encoder_2_4/repetition_1
34,3322,random/repetition_1,random,random,1,0,37,2,loss,variable_encoder_2_4/repetition_1
34,3322,variable_encoder_2_4/repetition_1,420770657a844be6ab5e55e02edf3782,variable_encoder_2_4,1,1,80,2,win,random/repetition_1
34,3323,variable_encoder_2_4/repetition_1,420770657a844be6ab5e55e02edf3782,variable_encoder_2_4,1,0,54,2,win,random/repetition_1
34,3323,random/repetition_1,random,random,1,1,48,4,loss,variable_encoder_2_4/repetition_1
34,3324,variable_encoder_2_4/repetition_1,420770657a844be6ab5e55e02edf3782,variable_encoder_2_4,1,0,72,5,win,random/repetition_1
34,3324,random/repetition_1,random,random,1,1,36,1,loss,variable_encoder_2_4/repetition_1
34,3325,random/repetition_1,random,random,1,0,29,3,loss,variable_encoder_2_4/repetition_1
34,3325,variable_encoder_2_4/repetition_1,420770657a844be6ab5e55e02edf3782,variable_encoder_2_4,1,1,65,4,win,random/repetition_1
34,3326,random/repetition_1,random,random,1,0,44,3,loss,variable_encoder_2_4/repetition_1
34,3326,variable_encoder_2_4/repetition_1,420770657a844be6ab5e55e02edf3782,variable_encoder_2_4,1,1,76,3,win,random/repetition_1
34,3327,variable_encoder_2_4/repetition_1,420770657a844be6ab5e55e02edf3782,variable_encoder_2_4,1,0,62,4,win,random/repetition_1
34,3327,random/repetition_1,random,random,1,1,32,2,loss,variable_encoder_2_4/repetition_1
34,3328,variable_encoder_2_4/repetition_1,420770657a844be6ab5e55e02edf3782,variable_encoder_2_4,1,0,60,4,win,random/repetition_1
34,3328,random/repetition_1,random,random,1,1,38,2,loss,variable_encoder_2_4/repetition_1
34,3329,random/repetition_1,random,random,1,0,35,2,loss,variable_encoder_2_4/repetition_1
34,3329,variable_encoder_2_4/repetition_1,420770657a844be6ab5e55e02edf3782,variable_encoder_2_4,1,1,71,3,win,random/repetition_1
34,3330,variable_encoder_2_4/repetition_1,420770657a844be6ab5e55e02edf3782,variable_encoder_2_4,1,0,67,2,win,random/repetition_1
34,3330,random/repetition_1,random,random,1,1,55,2,loss,variable_encoder_2_4/repetition_1
34,3331,random/repetition_1,random,random,1,0,37,4,loss,variable_encoder_2_4/repetition_1
34,3331,variable_encoder_2_4/repetition_1,420770657a844be6ab5e55e02edf3782,variable_encoder_2_4,1,1,65,3,win,random/repetition_1
34,3332,variable_encoder_2_4/repetition_1,420770657a844be6ab5e55e02edf3782,variable_encoder_2_4,1,0,72,3,win,random/repetition_1
34,3332,random/repetition_1,random,random,1,1,38,1,loss,variable_encoder_2_4/repetition_1
34,3333,variable_encoder_2_4/repetition_1,420770657a844be6ab5e55e02edf3782,variable_encoder_2_4,1,0,75,4,win,random/repetition_1
34,3333,random/repetition_1,random,random,1,1,37,2,loss,variable_encoder_2_4/repetition_1
34,3334,random/repetition_1,random,random,1,0,45,2,loss,variable_encoder_2_4/repetition_1
34,3334,variable_encoder_2_4/repetition_1,420770657a844be6ab5e55e02edf3782,variable_encoder_2_4,1,1,59,2,win,random/repetition_1
34,3335,random/repetition_1,random,random,1,0,41,2,loss,variable_encoder_2_4/repetition_1
34,3335,variable_encoder_2_4/repetition_1,420770657a844be6ab5e55e02edf3782,variable_encoder_2_4,1,1,70,3,win,random/repetition_1
34,3336,variable_encoder_2_4/repetition_1,420770657a844be6ab5e55e02edf3782,variable_encoder_2_4,1,0,67,3,win,random/repetition_1
34,3336,random/repetition_1,random,random,1,1,36,3,loss,variable_encoder_2_4/repetition_1
34,3337,random/repetition_1,random,random,1,0,52,2,loss,variable_encoder_2_4/repetition_1
34,3337,variable_encoder_2_4/repetition_1,420770657a844be6ab5e55e02edf3782,variable_encoder_2_4,1,1,63,2,win,random/repetition_1
34,3338,variable_encoder_2_4/repetition_1,420770657a844be6ab5e55e02edf3782,variable_encoder_2_4,1,0,61,4,win,random/repetition_1
34,3338,random/repetition_1,random,random,1,1,33,3,loss,variable_encoder_2_4/repetition_1
34,3339,random/repetition_1,random,random,1,0,37,3,loss,variable_encoder_2_4/repetition_1
34,3339,variable_encoder_2_4/repetition_1,420770657a844be6ab5e55e02edf3782,variable_encoder_2_4,1,1,69,3,win,random/repetition_1
34,3340,variable_encoder_2_4/repetition_1,420770657a844be6ab5e55e02edf3782,variable_encoder_2_4,1,0,58,8,win,random/repetition_1
34,3340,random/repetition_1,random,random,1,1,40,1,loss,variable_encoder_2_4/repetition_1
34,3341,variable_encoder_2_4/repetition_1,420770657a844be6ab5e55e02edf3782,variable_encoder_2_4,1,0,76,4,win,random/repetition_1
34,3341,random/repetition_1,random,random,1,1,42,3,loss,variable_encoder_2_4/repetition_1
34,3342,random/repetition_1,random,random,1,0,37,2,loss,variable_encoder_2_4/repetition_1
34,3342,variable_encoder_2_4/repetition_1,420770657a844be6ab5e55e02edf3782,variable_encoder_2_4,1,1,63,3,win,random/repetition_1
34,3343,variable_encoder_2_4/repetition_1,420770657a844be6ab5e55e02edf3782,variable_encoder_2_4,1,0,72,3,win,random/repetition_1
34,3343,random/repetition_1,random,random,1,1,33,1,loss,variable_encoder_2_4/repetition_1
34,3344,variable_encoder_2_4/repetition_1,420770657a844be6ab5e55e02edf3782,variable_encoder_2_4,1,0,61,6,win,random/repetition_1
34,3344,random/repetition_1,random,random,1,1,37,0,loss,variable_encoder_2_4/repetition_1
34,3345,random/repetition_1,random,random,1,0,44,5,loss,variable_encoder_2_4/repetition_1
34,3345,variable_encoder_2_4/repetition_1,420770657a844be6ab5e55e02edf3782,variable_encoder_2_4,1,1,58,2,win,random/repetition_1
34,3346,variable_encoder_2_4/repetition_1,420770657a844be6ab5e55e02edf3782,variable_encoder_2_4,1,0,66,3,win,random/repetition_1
34,3346,random/repetition_1,random,random,1,1,31,2,loss,variable_encoder_2_4/repetition_1
34,3347,random/repetition_1,random,random,1,0,50,2,loss,variable_encoder_2_4/repetition_1
34,3347,variable_encoder_2_4/repetition_1,420770657a844be6ab5e55e02edf3782,variable_encoder_2_4,1,1,69,1,win,random/repetition_1
34,3348,variable_encoder_2_4/repetition_1,420770657a844be6ab5e55e02edf3782,variable_encoder_2_4,1,0,70,5,win,random/repetition_1
34,3348,random/repetition_1,random,random,1,1,34,3,loss,variable_encoder_2_4/repetition_1
34,3349,variable_encoder_2_4/repetition_1,420770657a844be6ab5e55e02edf3782,variable_encoder_2_4,1,0,62,3,win,random/repetition_1
34,3349,random/repetition_1,random,random,1,1,39,3,loss,variable_encoder_2_4/repetition_1
34,3350,random/repetition_1,random,random,1,0,42,3,loss,variable_encoder_2_4/repetition_1
34,3350,variable_encoder_2_4/repetition_1,420770657a844be6ab5e55e02edf3782,variable_encoder_2_4,1,1,59,4,win,random/repetition_1
34,3351,variable_encoder_2_4/repetition_1,420770657a844be6ab5e55e02edf3782,variable_encoder_2_4,1,0,74,4,win,random/repetition_1
34,3351,random/repetition_1,random,random,1,1,39,2,loss,variable_encoder_2_4/repetition_1
34,3352,random/repetition_1,random,random,1,0,32,2,loss,variable_encoder_2_4/repetition_1
34,3352,variable_encoder_2_4/repetition_1,420770657a844be6ab5e55e02edf3782,variable_encoder_2_4,1,1,62,3,win,random/repetition_1
34,3353,random/repetition_1,random,random,1,0,37,1,loss,variable_encoder_2_4/repetition_1
34,3353,variable_encoder_2_4/repetition_1,420770657a844be6ab5e55e02edf3782,variable_encoder_2_4,1,1,59,4,win,random/repetition_1
34,3354,random/repetition_1,random,random,1,0,44,1,loss,variable_encoder_2_4/repetition_1
34,3354,variable_encoder_2_4/repetition_1,420770657a844be6ab5e55e02edf3782,variable_encoder_2_4,1,1,72,2,win,random/repetition_1
34,3355,random/repetition_1,random,random,1,0,40,2,loss,variable_encoder_2_4/repetition_1
34,3355,variable_encoder_2_4/repetition_1,420770657a844be6ab5e55e02edf3782,variable_encoder_2_4,1,1,62,4,win,random/repetition_1
34,3356,random/repetition_1,random,random,1,0,39,4,loss,variable_encoder_2_4/repetition_1
34,3356,variable_encoder_2_4/repetition_1,420770657a844be6ab5e55e02edf3782,variable_encoder_2_4,1,1,59,1,win,random/repetition_1
34,3357,variable_encoder_2_4/repetition_1,420770657a844be6ab5e55e02edf3782,variable_encoder_2_4,1,0,72,4,win,random/repetition_1
34,3357,random/repetition_1,random,random,1,1,40,3,loss,variable_encoder_2_4/repetition_1
34,3358,variable_encoder_2_4/repetition_1,420770657a844be6ab5e55e02edf3782,variable_encoder_2_4,1,0,62,2,win,random/repetition_1
34,3358,random/repetition_1,random,random,1,1,42,1,loss,variable_encoder_2_4/repetition_1
34,3359,variable_encoder_2_4/repetition_1,420770657a844be6ab5e55e02edf3782,variable_encoder_2_4,1,0,61,3,win,random/repetition_1
34,3359,random/repetition_1,random,random,1,1,42,3,loss,variable_encoder_2_4/repetition_1
34,3360,variable_encoder_2_4/repetition_1,420770657a844be6ab5e55e02edf3782,variable_encoder_2_4,1,0,70,2,win,random/repetition_1
34,3360,random/repetition_1,random,random,1,1,40,2,loss,variable_encoder_2_4/repetition_1
34,3361,variable_encoder_2_4/repetition_1,420770657a844be6ab5e55e02edf3782,variable_encoder_2_4,1,0,63,3,win,random/repetition_1
34,3361,random/repetition_1,random,random,1,1,44,1,loss,variable_encoder_2_4/repetition_1
34,3362,random/repetition_1,random,random,1,0,33,1,loss,variable_encoder_2_4/repetition_1
34,3362,variable_encoder_2_4/repetition_1,420770657a844be6ab5e55e02edf3782,variable_encoder_2_4,1,1,76,2,win,random/repetition_1
34,3363,variable_encoder_2_4/repetition_1,420770657a844be6ab5e55e02edf3782,variable_encoder_2_4,1,0,69,1,win,random/repetition_1
34,3363,random/repetition_1,random,random,1,1,44,3,loss,variable_encoder_2_4/repetition_1
34,3364,random/repetition_1,random,random,1,0,28,1,loss,variable_encoder_2_4/repetition_1
34,3364,variable_encoder_2_4/repetition_1,420770657a844be6ab5e55e02edf3782,variable_encoder_2_4,1,1,62,3,win,random/repetition_1
34,3365,variable_encoder_2_4/repetition_1,420770657a844be6ab5e55e02edf3782,variable_encoder_2_4,1,0,71,2,win,random/repetition_1
34,3365,random/repetition_1,random,random,1,1,36,1,loss,variable_encoder_2_4/repetition_1
34,3366,variable_encoder_2_4/repetition_1,420770657a844be6ab5e55e02edf3782,variable_encoder_2_4,1,0,62,2,win,random/repetition_1
34,3366,random/repetition_1,random,random,1,1,35,2,loss,variable_encoder_2_4/repetition_1
34,3367,random/repetition_1,random,random,1,0,38,2,loss,variable_encoder_2_4/repetition_1
34,3367,variable_encoder_2_4/repetition_1,420770657a844be6ab5e55e02edf3782,variable_encoder_2_4,1,1,64,3,win,random/repetition_1
34,3368,variable_encoder_2_4/repetition_1,420770657a844be6ab5e55e02edf3782,variable_encoder_2_4,1,0,62,2,win,random/repetition_1
34,3368,random/repetition_1,random,random,1,1,42,4,loss,variable_encoder_2_4/repetition_1
34,3369,variable_encoder_2_4/repetition_1,420770657a844be6ab5e55e02edf3782,variable_encoder_2_4,1,0,59,6,win,random/repetition_1
34,3369,random/repetition_1,random,random,1,1,31,1,loss,variable_encoder_2_4/repetition_1
34,3370,random/repetition_1,random,random,1,0,55,4,loss,variable_encoder_2_4/repetition_1
34,3370,variable_encoder_2_4/repetition_1,420770657a844be6ab5e55e02edf3782,variable_encoder_2_4,1,1,61,2,win,random/repetition_1
34,3371,random/repetition_1,random,random,1,0,39,3,loss,variable_encoder_2_4/repetition_1
34,3371,variable_encoder_2_4/repetition_1,420770657a844be6ab5e55e02edf3782,variable_encoder_2_4,1,1,66,3,win,random/repetition_1
34,3372,variable_encoder_2_4/repetition_1,420770657a844be6ab5e55e02edf3782,variable_encoder_2_4,1,0,62,3,tie,random/repetition_1
34,3372,random/repetition_1,random,random,1,1,62,3,tie,variable_encoder_2_4/repetition_1
34,3373,random/repetition_1,random,random,1,0,38,2,loss,variable_encoder_2_4/repetition_1
34,3373,variable_encoder_2_4/repetition_1,420770657a844be6ab5e55e02edf3782,variable_encoder_2_4,1,1,49,4,win,random/repetition_1
34,3374,random/repetition_1,random,random,1,0,41,1,loss,variable_encoder_2_4/repetition_1
34,3374,variable_encoder_2_4/repetition_1,420770657a844be6ab5e55e02edf3782,variable_encoder_2_4,1,1,62,4,win,random/repetition_1
34,3375,random/repetition_1,random,random,1,0,45,2,loss,variable_encoder_2_4/repetition_1
34,3375,variable_encoder_2_4/repetition_1,420770657a844be6ab5e55e02edf3782,variable_encoder_2_4,1,1,58,4,win,random/repetition_1
34,3376,variable_encoder_2_4/repetition_1,420770657a844be6ab5e55e02edf3782,variable_encoder_2_4,1,0,57,2,win,random/repetition_1
34,3376,random/repetition_1,random,random,1,1,51,4,loss,variable_encoder_2_4/repetition_1
34,3377,variable_encoder_2_4/repetition_1,420770657a844be6ab5e55e02edf3782,variable_encoder_2_4,1,0,52,1,win,random/repetition_1
34,3377,random/repetition_1,random,random,1,1,37,2,loss,variable_encoder_2_4/repetition_1
34,3378,variable_encoder_2_4/repetition_1,420770657a844be6ab5e55e02edf3782,variable_encoder_2_4,1,0,50,4,win,random/repetition_1
34,3378,random/repetition_1,random,random,1,1,30,1,loss,variable_encoder_2_4/repetition_1
34,3379,random/repetition_1,random,random,1,0,41,1,loss,variable_encoder_2_4/repetition_1
34,3379,variable_encoder_2_4/repetition_1,420770657a844be6ab5e55e02edf3782,variable_encoder_2_4,1,1,53,6,win,random/repetition_1
34,3380,random/repetition_1,random,random,1,0,45,0,loss,variable_encoder_2_4/repetition_1
34,3380,variable_encoder_2_4/repetition_1,420770657a844be6ab5e55e02edf3782,variable_encoder_2_4,1,1,52,6,win,random/repetition_1
34,3381,random/repetition_1,random,random,1,0,37,5,loss,variable_encoder_2_4/repetition_1
34,3381,variable_encoder_2_4/repetition_1,420770657a844be6ab5e55e02edf3782,variable_encoder_2_4,1,1,61,3,win,random/repetition_1
34,3382,random/repetition_1,random,random,1,0,36,4,loss,variable_encoder_2_4/repetition_1
34,3382,variable_encoder_2_4/repetition_1,420770657a844be6ab5e55e02edf3782,variable_encoder_2_4,1,1,69,5,win,random/repetition_1
34,3383,random/repetition_1,random,random,1,0,28,3,loss,variable_encoder_2_4/repetition_1
34,3383,variable_encoder_2_4/repetition_1,420770657a844be6ab5e55e02edf3782,variable_encoder_2_4,1,1,58,4,win,random/repetition_1
34,3384,random/repetition_1,random,random,1,0,43,1,loss,variable_encoder_2_4/repetition_1
34,3384,variable_encoder_2_4/repetition_1,420770657a844be6ab5e55e02edf3782,variable_encoder_2_4,1,1,65,4,win,random/repetition_1
34,3385,random/repetition_1,random,random,1,0,40,2,loss,variable_encoder_2_4/repetition_1
34,3385,variable_encoder_2_4/repetition_1,420770657a844be6ab5e55e02edf3782,variable_encoder_2_4,1,1,66,5,win,random/repetition_1
34,3386,random/repetition_1,random,random,1,0,46,1,loss,variable_encoder_2_4/repetition_1
34,3386,variable_encoder_2_4/repetition_1,420770657a844be6ab5e55e02edf3782,variable_encoder_2_4,1,1,69,3,win,random/repetition_1
34,3387,random/repetition_1,random,random,1,0,38,1,loss,variable_encoder_2_4/repetition_1
34,3387,variable_encoder_2_4/repetition_1,420770657a844be6ab5e55e02edf3782,variable_encoder_2_4,1,1,59,6,win,random/repetition_1
34,3388,random/repetition_1,random,random,1,0,43,2,loss,variable_encoder_2_4/repetition_1
34,3388,variable_encoder_2_4/repetition_1,420770657a844be6ab5e55e02edf3782,variable_encoder_2_4,1,1,80,1,win,random/repetition_1
34,3389,variable_encoder_2_4/repetition_1,420770657a844be6ab5e55e02edf3782,variable_encoder_2_4,1,0,68,2,win,random/repetition_1
34,3389,random/repetition_1,random,random,1,1,48,5,loss,variable_encoder_2_4/repetition_1
34,3390,variable_encoder_2_4/repetition_1,420770657a844be6ab5e55e02edf3782,variable_encoder_2_4,1,0,71,2,win,random/repetition_1
34,3390,random/repetition_1,random,random,1,1,38,0,loss,variable_encoder_2_4/repetition_1
34,3391,variable_encoder_2_4/repetition_1,420770657a844be6ab5e55e02edf3782,variable_encoder_2_4,1,0,72,4,win,random/repetition_1
34,3391,random/repetition_1,random,random,1,1,32,3,loss,variable_encoder_2_4/repetition_1
34,3392,variable_encoder_2_4/repetition_1,420770657a844be6ab5e55e02edf3782,variable_encoder_2_4,1,0,55,3,win,random/repetition_1
34,3392,random/repetition_1,random,random,1,1,29,4,loss,variable_encoder_2_4/repetition_1
34,3393,variable_encoder_2_4/repetition_1,420770657a844be6ab5e55e02edf3782,variable_encoder_2_4,1,0,74,3,win,random/repetition_1
34,3393,random/repetition_1,random,random,1,1,43,1,loss,variable_encoder_2_4/repetition_1
34,3394,random/repetition_1,random,random,1,0,37,3,loss,variable_encoder_2_4/repetition_1
34,3394,variable_encoder_2_4/repetition_1,420770657a844be6ab5e55e02edf3782,variable_encoder_2_4,1,1,51,5,win,random/repetition_1
34,3395,variable_encoder_2_4/repetition_1,420770657a844be6ab5e55e02edf3782,variable_encoder_2_4,1,0,59,3,win,random/repetition_1
34,3395,random/repetition_1,random,random,1,1,41,2,loss,variable_encoder_2_4/repetition_1
34,3396,variable_encoder_2_4/repetition_1,420770657a844be6ab5e55e02edf3782,variable_encoder_2_4,1,0,63,5,win,random/repetition_1
34,3396,random/repetition_1,random,random,1,1,42,5,loss,variable_encoder_2_4/repetition_1
34,3397,random/repetition_1,random,random,1,0,39,5,loss,variable_encoder_2_4/repetition_1
34,3397,variable_encoder_2_4/repetition_1,420770657a844be6ab5e55e02edf3782,variable_encoder_2_4,1,1,71,1,win,random/repetition_1
34,3398,variable_encoder_2_4/repetition_1,420770657a844be6ab5e55e02edf3782,variable_encoder_2_4,1,0,71,3,win,random/repetition_1
34,3398,random/repetition_1,random,random,1,1,41,2,loss,variable_encoder_2_4/repetition_1
34,3399,variable_encoder_2_4/repetition_1,420770657a844be6ab5e55e02edf3782,variable_encoder_2_4,1,0,70,5,win,random/repetition_1
34,3399,random/repetition_1,random,random,1,1,42,2,loss,variable_encoder_2_4/repetition_1
34,3400,random/repetition_1,random,random,1,0,39,5,loss,variable_encoder_2_4/repetition_1
34,3400,variable_encoder_2_4/repetition_1,420770657a844be6ab5e55e02edf3782,variable_encoder_2_4,1,1,59,3,win,random/repetition_1
35,3401,variable_encoder_2_4/repetition_2,a665630867144200adb56738eed146da,variable_encoder_2_4,2,0,65,3,win,random/repetition_1
35,3401,random/repetition_1,random,random,1,1,44,3,loss,variable_encoder_2_4/repetition_2
35,3402,random/repetition_1,random,random,1,0,30,3,loss,variable_encoder_2_4/repetition_2
35,3402,variable_encoder_2_4/repetition_2,a665630867144200adb56738eed146da,variable_encoder_2_4,2,1,66,2,win,random/repetition_1
35,3403,variable_encoder_2_4/repetition_2,a665630867144200adb56738eed146da,variable_encoder_2_4,2,0,57,2,win,random/repetition_1
35,3403,random/repetition_1,random,random,1,1,27,4,loss,variable_encoder_2_4/repetition_2
35,3404,random/repetition_1,random,random,1,0,37,1,loss,variable_encoder_2_4/repetition_2
35,3404,variable_encoder_2_4/repetition_2,a665630867144200adb56738eed146da,variable_encoder_2_4,2,1,62,3,win,random/repetition_1
35,3405,variable_encoder_2_4/repetition_2,a665630867144200adb56738eed146da,variable_encoder_2_4,2,0,67,1,win,random/repetition_1
35,3405,random/repetition_1,random,random,1,1,48,3,loss,variable_encoder_2_4/repetition_2
35,3406,random/repetition_1,random,random,1,0,33,3,loss,variable_encoder_2_4/repetition_2
35,3406,variable_encoder_2_4/repetition_2,a665630867144200adb56738eed146da,variable_encoder_2_4,2,1,62,2,win,random/repetition_1
35,3407,random/repetition_1,random,random,1,0,47,3,loss,variable_encoder_2_4/repetition_2
35,3407,variable_encoder_2_4/repetition_2,a665630867144200adb56738eed146da,variable_encoder_2_4,2,1,68,3,win,random/repetition_1
35,3408,random/repetition_1,random,random,1,0,42,4,loss,variable_encoder_2_4/repetition_2
35,3408,variable_encoder_2_4/repetition_2,a665630867144200adb56738eed146da,variable_encoder_2_4,2,1,60,2,win,random/repetition_1
35,3409,variable_encoder_2_4/repetition_2,a665630867144200adb56738eed146da,variable_encoder_2_4,2,0,64,3,win,random/repetition_1
35,3409,random/repetition_1,random,random,1,1,37,2,loss,variable_encoder_2_4/repetition_2
35,3410,random/repetition_1,random,random,1,0,45,2,loss,variable_encoder_2_4/repetition_2
35,3410,variable_encoder_2_4/repetition_2,a665630867144200adb56738eed146da,variable_encoder_2_4,2,1,65,2,win,random/repetition_1
35,3411,random/repetition_1,random,random,1,0,35,1,loss,variable_encoder_2_4/repetition_2
35,3411,variable_encoder_2_4/repetition_2,a665630867144200adb56738eed146da,variable_encoder_2_4,2,1,62,3,win,random/repetition_1
35,3412,variable_encoder_2_4/repetition_2,a665630867144200adb56738eed146da,variable_encoder_2_4,2,0,63,4,win,random/repetition_1
35,3412,random/repetition_1,random,random,1,1,38,1,loss,variable_encoder_2_4/repetition_2
35,3413,random/repetition_1,random,random,1,0,39,3,loss,variable_encoder_2_4/repetition_2
35,3413,variable_encoder_2_4/repetition_2,a665630867144200adb56738eed146da,variable_encoder_2_4,2,1,57,3,win,random/repetition_1
35,3414,variable_encoder_2_4/repetition_2,a665630867144200adb56738eed146da,variable_encoder_2_4,2,0,69,2,win,random/repetition_1
35,3414,random/repetition_1,random,random,1,1,46,2,loss,variable_encoder_2_4/repetition_2
35,3415,random/repetition_1,random,random,1,0,42,2,loss,variable_encoder_2_4/repetition_2
35,3415,variable_encoder_2_4/repetition_2,a665630867144200adb56738eed146da,variable_encoder_2_4,2,1,66,2,win,random/repetition_1
35,3416,variable_encoder_2_4/repetition_2,a665630867144200adb56738eed146da,variable_encoder_2_4,2,0,71,1,win,random/repetition_1
35,3416,random/repetition_1,random,random,1,1,43,4,loss,variable_encoder_2_4/repetition_2
35,3417,variable_encoder_2_4/repetition_2,a665630867144200adb56738eed146da,variable_encoder_2_4,2,0,51,6,win,random/repetition_1
35,3417,random/repetition_1,random,random,1,1,47,0,loss,variable_encoder_2_4/repetition_2
35,3418,variable_encoder_2_4/repetition_2,a665630867144200adb56738eed146da,variable_encoder_2_4,2,0,59,3,win,random/repetition_1
35,3418,random/repetition_1,random,random,1,1,32,2,loss,variable_encoder_2_4/repetition_2
35,3419,random/repetition_1,random,random,1,0,36,1,loss,variable_encoder_2_4/repetition_2
35,3419,variable_encoder_2_4/repetition_2,a665630867144200adb56738eed146da,variable_encoder_2_4,2,1,57,2,win,random/repetition_1
35,3420,random/repetition_1,random,random,1,0,45,2,loss,variable_encoder_2_4/repetition_2
35,3420,variable_encoder_2_4/repetition_2,a665630867144200adb56738eed146da,variable_encoder_2_4,2,1,63,4,win,random/repetition_1
35,3421,variable_encoder_2_4/repetition_2,a665630867144200adb56738eed146da,variable_encoder_2_4,2,0,72,2,win,random/repetition_1
35,3421,random/repetition_1,random,random,1,1,32,2,loss,variable_encoder_2_4/repetition_2
35,3422,random/repetition_1,random,random,1,0,37,4,loss,variable_encoder_2_4/repetition_2
35,3422,variable_encoder_2_4/repetition_2,a665630867144200adb56738eed146da,variable_encoder_2_4,2,1,70,1,win,random/repetition_1
35,3423,variable_encoder_2_4/repetition_2,a665630867144200adb56738eed146da,variable_encoder_2_4,2,0,66,3,win,random/repetition_1
35,3423,random/repetition_1,random,random,1,1,43,2,loss,variable_encoder_2_4/repetition_2
35,3424,random/repetition_1,random,random,1,0,52,0,loss,variable_encoder_2_4/repetition_2
35,3424,variable_encoder_2_4/repetition_2,a665630867144200adb56738eed146da,variable_encoder_2_4,2,1,56,5,win,random/repetition_1
35,3425,variable_encoder_2_4/repetition_2,a665630867144200adb56738eed146da,variable_encoder_2_4,2,0,70,5,win,random/repetition_1
35,3425,random/repetition_1,random,random,1,1,47,2,loss,variable_encoder_2_4/repetition_2
35,3426,random/repetition_1,random,random,1,0,52,3,loss,variable_encoder_2_4/repetition_2
35,3426,variable_encoder_2_4/repetition_2,a665630867144200adb56738eed146da,variable_encoder_2_4,2,1,65,2,win,random/repetition_1
35,3427,variable_encoder_2_4/repetition_2,a665630867144200adb56738eed146da,variable_encoder_2_4,2,0,73,4,win,random/repetition_1
35,3427,random/repetition_1,random,random,1,1,35,2,loss,variable_encoder_2_4/repetition_2
35,3428,variable_encoder_2_4/repetition_2,a665630867144200adb56738eed146da,variable_encoder_2_4,2,0,65,1,win,random/repetition_1
35,3428,random/repetition_1,random,random,1,1,36,2,loss,variable_encoder_2_4/repetition_2
35,3429,random/repetition_1,random,random,1,0,46,2,loss,variable_encoder_2_4/repetition_2
35,3429,variable_encoder_2_4/repetition_2,a665630867144200adb56738eed146da,variable_encoder_2_4,2,1,77,3,win,random/repetition_1
35,3430,variable_encoder_2_4/repetition_2,a665630867144200adb56738eed146da,variable_encoder_2_4,2,0,65,4,win,random/repetition_1
35,3430,random/repetition_1,random,random,1,1,40,3,loss,variable_encoder_2_4/repetition_2
35,3431,random/repetition_1,random,random,1,0,27,1,loss,variable_encoder_2_4/repetition_2
35,3431,variable_encoder_2_4/repetition_2,a665630867144200adb56738eed146da,variable_encoder_2_4,2,1,64,5,win,random/repetition_1
35,3432,random/repetition_1,random,random,1,0,35,4,loss,variable_encoder_2_4/repetition_2
35,3432,variable_encoder_2_4/repetition_2,a665630867144200adb56738eed146da,variable_encoder_2_4,2,1,56,3,win,random/repetition_1
35,3433,random/repetition_1,random,random,1,0,44,2,loss,variable_encoder_2_4/repetition_2
35,3433,variable_encoder_2_4/repetition_2,a665630867144200adb56738eed146da,variable_encoder_2_4,2,1,60,3,win,random/repetition_1
35,3434,random/repetition_1,random,random,1,0,54,2,loss,variable_encoder_2_4/repetition_2
35,3434,variable_encoder_2_4/repetition_2,a665630867144200adb56738eed146da,variable_encoder_2_4,2,1,67,4,win,random/repetition_1
35,3435,random/repetition_1,random,random,1,0,47,3,loss,variable_encoder_2_4/repetition_2
35,3435,variable_encoder_2_4/repetition_2,a665630867144200adb56738eed146da,variable_encoder_2_4,2,1,61,2,win,random/repetition_1
35,3436,variable_encoder_2_4/repetition_2,a665630867144200adb56738eed146da,variable_encoder_2_4,2,0,71,3,win,random/repetition_1
35,3436,random/repetition_1,random,random,1,1,60,2,loss,variable_encoder_2_4/repetition_2
35,3437,random/repetition_1,random,random,1,0,33,4,loss,variable_encoder_2_4/repetition_2
35,3437,variable_encoder_2_4/repetition_2,a665630867144200adb56738eed146da,variable_encoder_2_4,2,1,57,3,win,random/repetition_1
35,3438,variable_encoder_2_4/repetition_2,a665630867144200adb56738eed146da,variable_encoder_2_4,2,0,50,3,win,random/repetition_1
35,3438,random/repetition_1,random,random,1,1,45,3,loss,variable_encoder_2_4/repetition_2
35,3439,random/repetition_1,random,random,1,0,24,3,loss,variable_encoder_2_4/repetition_2
35,3439,variable_encoder_2_4/repetition_2,a665630867144200adb56738eed146da,variable_encoder_2_4,2,1,68,4,win,random/repetition_1
35,3440,variable_encoder_2_4/repetition_2,a665630867144200adb56738eed146da,variable_encoder_2_4,2,0,59,3,win,random/repetition_1
35,3440,random/repetition_1,random,random,1,1,41,0,loss,variable_encoder_2_4/repetition_2
35,3441,variable_encoder_2_4/repetition_2,a665630867144200adb56738eed146da,variable_encoder_2_4,2,0,53,3,win,random/repetition_1
35,3441,random/repetition_1,random,random,1,1,38,6,loss,variable_encoder_2_4/repetition_2
35,3442,random/repetition_1,random,random,1,0,49,3,loss,variable_encoder_2_4/repetition_2
35,3442,variable_encoder_2_4/repetition_2,a665630867144200adb56738eed146da,variable_encoder_2_4,2,1,69,3,win,random/repetition_1
35,3443,random/repetition_1,random,random,1,0,38,2,loss,variable_encoder_2_4/repetition_2
35,3443,variable_encoder_2_4/repetition_2,a665630867144200adb56738eed146da,variable_encoder_2_4,2,1,60,5,win,random/repetition_1
35,3444,variable_encoder_2_4/repetition_2,a665630867144200adb56738eed146da,variable_encoder_2_4,2,0,71,1,win,random/repetition_1
35,3444,random/repetition_1,random,random,1,1,41,3,loss,variable_encoder_2_4/repetition_2
35,3445,random/repetition_1,random,random,1,0,37,4,loss,variable_encoder_2_4/repetition_2
35,3445,variable_encoder_2_4/repetition_2,a665630867144200adb56738eed146da,variable_encoder_2_4,2,1,62,4,win,random/repetition_1
35,3446,variable_encoder_2_4/repetition_2,a665630867144200adb56738eed146da,variable_encoder_2_4,2,0,54,1,loss,random/repetition_1
35,3446,random/repetition_1,random,random,1,1,55,1,win,variable_encoder_2_4/repetition_2
35,3447,random/repetition_1,random,random,1,0,41,2,loss,variable_encoder_2_4/repetition_2
35,3447,variable_encoder_2_4/repetition_2,a665630867144200adb56738eed146da,variable_encoder_2_4,2,1,74,3,win,random/repetition_1
35,3448,random/repetition_1,random,random,1,0,55,4,loss,variable_encoder_2_4/repetition_2
35,3448,variable_encoder_2_4/repetition_2,a665630867144200adb56738eed146da,variable_encoder_2_4,2,1,71,2,win,random/repetition_1
35,3449,variable_encoder_2_4/repetition_2,a665630867144200adb56738eed146da,variable_encoder_2_4,2,0,64,2,win,random/repetition_1
35,3449,random/repetition_1,random,random,1,1,39,4,loss,variable_encoder_2_4/repetition_2
35,3450,variable_encoder_2_4/repetition_2,a665630867144200adb56738eed146da,variable_encoder_2_4,2,0,58,4,win,random/repetition_1
35,3450,random/repetition_1,random,random,1,1,35,2,loss,variable_encoder_2_4/repetition_2
35,3451,variable_encoder_2_4/repetition_2,a665630867144200adb56738eed146da,variable_encoder_2_4,2,0,54,3,win,random/repetition_1
35,3451,random/repetition_1,random,random,1,1,46,1,loss,variable_encoder_2_4/repetition_2
35,3452,random/repetition_1,random,random,1,0,48,3,loss,variable_encoder_2_4/repetition_2
35,3452,variable_encoder_2_4/repetition_2,a665630867144200adb56738eed146da,variable_encoder_2_4,2,1,72,3,win,random/repetition_1
35,3453,random/repetition_1,random,random,1,0,39,1,loss,variable_encoder_2_4/repetition_2
35,3453,variable_encoder_2_4/repetition_2,a665630867144200adb56738eed146da,variable_encoder_2_4,2,1,66,3,win,random/repetition_1
35,3454,random/repetition_1,random,random,1,0,44,2,loss,variable_encoder_2_4/repetition_2
35,3454,variable_encoder_2_4/repetition_2,a665630867144200adb56738eed146da,variable_encoder_2_4,2,1,64,3,win,random/repetition_1
35,3455,random/repetition_1,random,random,1,0,45,2,loss,variable_encoder_2_4/repetition_2
35,3455,variable_encoder_2_4/repetition_2,a665630867144200adb56738eed146da,variable_encoder_2_4,2,1,66,3,win,random/repetition_1
35,3456,variable_encoder_2_4/repetition_2,a665630867144200adb56738eed146da,variable_encoder_2_4,2,0,68,4,win,random/repetition_1
35,3456,random/repetition_1,random,random,1,1,46,2,loss,variable_encoder_2_4/repetition_2
35,3457,random/repetition_1,random,random,1,0,37,2,loss,variable_encoder_2_4/repetition_2
35,3457,variable_encoder_2_4/repetition_2,a665630867144200adb56738eed146da,variable_encoder_2_4,2,1,59,5,win,random/repetition_1
35,3458,random/repetition_1,random,random,1,0,40,1,loss,variable_encoder_2_4/repetition_2
35,3458,variable_encoder_2_4/repetition_2,a665630867144200adb56738eed146da,variable_encoder_2_4,2,1,58,4,win,random/repetition_1
35,3459,random/repetition_1,random,random,1,0,35,2,loss,variable_encoder_2_4/repetition_2
35,3459,variable_encoder_2_4/repetition_2,a665630867144200adb56738eed146da,variable_encoder_2_4,2,1,52,4,win,random/repetition_1
35,3460,variable_encoder_2_4/repetition_2,a665630867144200adb56738eed146da,variable_encoder_2_4,2,0,49,4,win,random/repetition_1
35,3460,random/repetition_1,random,random,1,1,22,2,loss,variable_encoder_2_4/repetition_2
35,3461,variable_encoder_2_4/repetition_2,a665630867144200adb56738eed146da,variable_encoder_2_4,2,0,72,3,win,random/repetition_1
35,3461,random/repetition_1,random,random,1,1,38,5,loss,variable_encoder_2_4/repetition_2
35,3462,random/repetition_1,random,random,1,0,48,0,win,variable_encoder_2_4/repetition_2
35,3462,variable_encoder_2_4/repetition_2,a665630867144200adb56738eed146da,variable_encoder_2_4,2,1,47,5,loss,random/repetition_1
35,3463,random/repetition_1,random,random,1,0,33,2,loss,variable_encoder_2_4/repetition_2
35,3463,variable_encoder_2_4/repetition_2,a665630867144200adb56738eed146da,variable_encoder_2_4,2,1,57,5,win,random/repetition_1
35,3464,variable_encoder_2_4/repetition_2,a665630867144200adb56738eed146da,variable_encoder_2_4,2,0,54,2,win,random/repetition_1
35,3464,random/repetition_1,random,random,1,1,40,4,loss,variable_encoder_2_4/repetition_2
35,3465,random/repetition_1,random,random,1,0,34,0,loss,variable_encoder_2_4/repetition_2
35,3465,variable_encoder_2_4/repetition_2,a665630867144200adb56738eed146da,variable_encoder_2_4,2,1,60,3,win,random/repetition_1
35,3466,random/repetition_1,random,random,1,0,38,3,loss,variable_encoder_2_4/repetition_2
35,3466,variable_encoder_2_4/repetition_2,a665630867144200adb56738eed146da,variable_encoder_2_4,2,1,70,2,win,random/repetition_1
35,3467,variable_encoder_2_4/repetition_2,a665630867144200adb56738eed146da,variable_encoder_2_4,2,0,58,3,win,random/repetition_1
35,3467,random/repetition_1,random,random,1,1,47,3,loss,variable_encoder_2_4/repetition_2
35,3468,random/repetition_1,random,random,1,0,34,1,loss,variable_encoder_2_4/repetition_2
35,3468,variable_encoder_2_4/repetition_2,a665630867144200adb56738eed146da,variable_encoder_2_4,2,1,70,4,win,random/repetition_1
35,3469,random/repetition_1,random,random,1,0,40,3,loss,variable_encoder_2_4/repetition_2
35,3469,variable_encoder_2_4/repetition_2,a665630867144200adb56738eed146da,variable_encoder_2_4,2,1,74,4,win,random/repetition_1
35,3470,variable_encoder_2_4/repetition_2,a665630867144200adb56738eed146da,variable_encoder_2_4,2,0,58,2,win,random/repetition_1
35,3470,random/repetition_1,random,random,1,1,38,3,loss,variable_encoder_2_4/repetition_2
35,3471,variable_encoder_2_4/repetition_2,a665630867144200adb56738eed146da,variable_encoder_2_4,2,0,51,3,win,random/repetition_1
35,3471,random/repetition_1,random,random,1,1,37,3,loss,variable_encoder_2_4/repetition_2
35,3472,variable_encoder_2_4/repetition_2,a665630867144200adb56738eed146da,variable_encoder_2_4,2,0,66,3,win,random/repetition_1
35,3472,random/repetition_1,random,random,1,1,44,1,loss,variable_encoder_2_4/repetition_2
35,3473,variable_encoder_2_4/repetition_2,a665630867144200adb56738eed146da,variable_encoder_2_4,2,0,63,4,win,random/repetition_1
35,3473,random/repetition_1,random,random,1,1,33,3,loss,variable_encoder_2_4/repetition_2
35,3474,random/repetition_1,random,random,1,0,30,2,loss,variable_encoder_2_4/repetition_2
35,3474,variable_encoder_2_4/repetition_2,a665630867144200adb56738eed146da,variable_encoder_2_4,2,1,69,3,win,random/repetition_1
35,3475,random/repetition_1,random,random,1,0,41,4,loss,variable_encoder_2_4/repetition_2
35,3475,variable_encoder_2_4/repetition_2,a665630867144200adb56738eed146da,variable_encoder_2_4,2,1,66,2,win,random/repetition_1
35,3476,variable_encoder_2_4/repetition_2,a665630867144200adb56738eed146da,variable_encoder_2_4,2,0,64,5,win,random/repetition_1
35,3476,random/repetition_1,random,random,1,1,33,1,loss,variable_encoder_2_4/repetition_2
35,3477,random/repetition_1,random,random,1,0,42,1,loss,variable_encoder_2_4/repetition_2
35,3477,variable_encoder_2_4/repetition_2,a665630867144200adb56738eed146da,variable_encoder_2_4,2,1,70,3,win,random/repetition_1
35,3478,random/repetition_1,random,random,1,0,45,0,loss,variable_encoder_2_4/repetition_2
35,3478,variable_encoder_2_4/repetition_2,a665630867144200adb56738eed146da,variable_encoder_2_4,2,1,59,6,win,random/repetition_1
35,3479,variable_encoder_2_4/repetition_2,a665630867144200adb56738eed146da,variable_encoder_2_4,2,0,71,4,win,random/repetition_1
35,3479,random/repetition_1,random,random,1,1,40,2,loss,variable_encoder_2_4/repetition_2
35,3480,random/repetition_1,random,random,1,0,47,3,loss,variable_encoder_2_4/repetition_2
35,3480,variable_encoder_2_4/repetition_2,a665630867144200adb56738eed146da,variable_encoder_2_4,2,1,54,2,win,random/repetition_1
35,3481,variable_encoder_2_4/repetition_2,a665630867144200adb56738eed146da,variable_encoder_2_4,2,0,62,3,win,random/repetition_1
35,3481,random/repetition_1,random,random,1,1,46,3,loss,variable_encoder_2_4/repetition_2
35,3482,variable_encoder_2_4/repetition_2,a665630867144200adb56738eed146da,variable_encoder_2_4,2,0,58,1,win,random/repetition_1
35,3482,random/repetition_1,random,random,1,1,49,2,loss,variable_encoder_2_4/repetition_2
35,3483,random/repetition_1,random,random,1,0,44,4,loss,variable_encoder_2_4/repetition_2
35,3483,variable_encoder_2_4/repetition_2,a665630867144200adb56738eed146da,variable_encoder_2_4,2,1,64,2,win,random/repetition_1
35,3484,variable_encoder_2_4/repetition_2,a665630867144200adb56738eed146da,variable_encoder_2_4,2,0,60,2,win,random/repetition_1
35,3484,random/repetition_1,random,random,1,1,30,2,loss,variable_encoder_2_4/repetition_2
35,3485,variable_encoder_2_4/repetition_2,a665630867144200adb56738eed146da,variable_encoder_2_4,2,0,60,3,win,random/repetition_1
35,3485,random/repetition_1,random,random,1,1,40,2,loss,variable_encoder_2_4/repetition_2
35,3486,variable_encoder_2_4/repetition_2,a665630867144200adb56738eed146da,variable_encoder_2_4,2,0,67,1,win,random/repetition_1
35,3486,random/repetition_1,random,random,1,1,31,4,loss,variable_encoder_2_4/repetition_2
35,3487,variable_encoder_2_4/repetition_2,a665630867144200adb56738eed146da,variable_encoder_2_4,2,0,65,5,win,random/repetition_1
35,3487,random/repetition_1,random,random,1,1,29,1,loss,variable_encoder_2_4/repetition_2
35,3488,random/repetition_1,random,random,1,0,38,0,loss,variable_encoder_2_4/repetition_2
35,3488,variable_encoder_2_4/repetition_2,a665630867144200adb56738eed146da,variable_encoder_2_4,2,1,61,2,win,random/repetition_1
35,3489,random/repetition_1,random,random,1,0,45,2,loss,variable_encoder_2_4/repetition_2
35,3489,variable_encoder_2_4/repetition_2,a665630867144200adb56738eed146da,variable_encoder_2_4,2,1,56,3,win,random/repetition_1
35,3490,random/repetition_1,random,random,1,0,36,2,loss,variable_encoder_2_4/repetition_2
35,3490,variable_encoder_2_4/repetition_2,a665630867144200adb56738eed146da,variable_encoder_2_4,2,1,54,4,win,random/repetition_1
35,3491,variable_encoder_2_4/repetition_2,a665630867144200adb56738eed146da,variable_encoder_2_4,2,0,58,4,win,random/repetition_1
35,3491,random/repetition_1,random,random,1,1,38,2,loss,variable_encoder_2_4/repetition_2
35,3492,random/repetition_1,random,random,1,0,36,4,loss,variable_encoder_2_4/repetition_2
35,3492,variable_encoder_2_4/repetition_2,a665630867144200adb56738eed146da,variable_encoder_2_4,2,1,59,4,win,random/repetition_1
35,3493,variable_encoder_2_4/repetition_2,a665630867144200adb56738eed146da,variable_encoder_2_4,2,0,71,3,win,random/repetition_1
35,3493,random/repetition_1,random,random,1,1,43,2,loss,variable_encoder_2_4/repetition_2
35,3494,random/repetition_1,random,random,1,0,36,1,loss,variable_encoder_2_4/repetition_2
35,3494,variable_encoder_2_4/repetition_2,a665630867144200adb56738eed146da,variable_encoder_2_4,2,1,74,2,win,random/repetition_1
35,3495,random/repetition_1,random,random,1,0,40,3,loss,variable_encoder_2_4/repetition_2
35,3495,variable_encoder_2_4/repetition_2,a665630867144200adb56738eed146da,variable_encoder_2_4,2,1,67,2,win,random/repetition_1
35,3496,random/repetition_1,random,random,1,0,41,2,loss,variable_encoder_2_4/repetition_2
35,3496,variable_encoder_2_4/repetition_2,a665630867144200adb56738eed146da,variable_encoder_2_4,2,1,70,2,win,random/repetition_1
35,3497,variable_encoder_2_4/repetition_2,a665630867144200adb56738eed146da,variable_encoder_2_4,2,0,59,3,win,random/repetition_1
35,3497,random/repetition_1,random,random,1,1,45,4,loss,variable_encoder_2_4/repetition_2
35,3498,variable_encoder_2_4/repetition_2,a665630867144200adb56738eed146da,variable_encoder_2_4,2,0,61,3,win,random/repetition_1
35,3498,random/repetition_1,random,random,1,1,39,4,loss,variable_encoder_2_4/repetition_2
35,3499,variable_encoder_2_4/repetition_2,a665630867144200adb56738eed146da,variable_encoder_2_4,2,0,57,6,win,random/repetition_1
35,3499,random/repetition_1,random,random,1,1,30,4,loss,variable_encoder_2_4/repetition_2
35,3500,random/repetition_1,random,random,1,0,45,5,loss,variable_encoder_2_4/repetition_2
35,3500,variable_encoder_2_4/repetition_2,a665630867144200adb56738eed146da,variable_encoder_2_4,2,1,66,2,win,random/repetition_1
36,3501,random/repetition_1,random,random,1,0,36,2,loss,variable_encoder_2_4/repetition_3
36,3501,variable_encoder_2_4/repetition_3,ff7c9e64890348edad17616988967f76,variable_encoder_2_4,3,1,62,4,win,random/repetition_1
36,3502,variable_encoder_2_4/repetition_3,ff7c9e64890348edad17616988967f76,variable_encoder_2_4,3,0,61,5,win,random/repetition_1
36,3502,random/repetition_1,random,random,1,1,22,3,loss,variable_encoder_2_4/repetition_3
36,3503,variable_encoder_2_4/repetition_3,ff7c9e64890348edad17616988967f76,variable_encoder_2_4,3,0,80,2,win,random/repetition_1
36,3503,random/repetition_1,random,random,1,1,39,0,loss,variable_encoder_2_4/repetition_3
36,3504,random/repetition_1,random,random,1,0,34,4,loss,variable_encoder_2_4/repetition_3
36,3504,variable_encoder_2_4/repetition_3,ff7c9e64890348edad17616988967f76,variable_encoder_2_4,3,1,57,2,win,random/repetition_1
36,3505,variable_encoder_2_4/repetition_3,ff7c9e64890348edad17616988967f76,variable_encoder_2_4,3,0,69,3,win,random/repetition_1
36,3505,random/repetition_1,random,random,1,1,47,3,loss,variable_encoder_2_4/repetition_3
36,3506,random/repetition_1,random,random,1,0,38,2,loss,variable_encoder_2_4/repetition_3
36,3506,variable_encoder_2_4/repetition_3,ff7c9e64890348edad17616988967f76,variable_encoder_2_4,3,1,63,4,win,random/repetition_1
36,3507,random/repetition_1,random,random,1,0,46,3,loss,variable_encoder_2_4/repetition_3
36,3507,variable_encoder_2_4/repetition_3,ff7c9e64890348edad17616988967f76,variable_encoder_2_4,3,1,61,3,win,random/repetition_1
36,3508,variable_encoder_2_4/repetition_3,ff7c9e64890348edad17616988967f76,variable_encoder_2_4,3,0,71,5,win,random/repetition_1
36,3508,random/repetition_1,random,random,1,1,39,3,loss,variable_encoder_2_4/repetition_3
36,3509,variable_encoder_2_4/repetition_3,ff7c9e64890348edad17616988967f76,variable_encoder_2_4,3,0,59,2,win,random/repetition_1
36,3509,random/repetition_1,random,random,1,1,44,5,loss,variable_encoder_2_4/repetition_3
36,3510,variable_encoder_2_4/repetition_3,ff7c9e64890348edad17616988967f76,variable_encoder_2_4,3,0,62,4,win,random/repetition_1
36,3510,random/repetition_1,random,random,1,1,35,2,loss,variable_encoder_2_4/repetition_3
36,3511,variable_encoder_2_4/repetition_3,ff7c9e64890348edad17616988967f76,variable_encoder_2_4,3,0,75,4,win,random/repetition_1
36,3511,random/repetition_1,random,random,1,1,38,0,loss,variable_encoder_2_4/repetition_3
36,3512,random/repetition_1,random,random,1,0,33,3,loss,variable_encoder_2_4/repetition_3
36,3512,variable_encoder_2_4/repetition_3,ff7c9e64890348edad17616988967f76,variable_encoder_2_4,3,1,62,3,win,random/repetition_1
36,3513,variable_encoder_2_4/repetition_3,ff7c9e64890348edad17616988967f76,variable_encoder_2_4,3,0,63,4,win,random/repetition_1
36,3513,random/repetition_1,random,random,1,1,42,2,loss,variable_encoder_2_4/repetition_3
36,3514,random/repetition_1,random,random,1,0,39,3,loss,variable_encoder_2_4/repetition_3
36,3514,variable_encoder_2_4/repetition_3,ff7c9e64890348edad17616988967f76,variable_encoder_2_4,3,1,64,2,win,random/repetition_1
36,3515,variable_encoder_2_4/repetition_3,ff7c9e64890348edad17616988967f76,variable_encoder_2_4,3,0,63,4,win,random/repetition_1
36,3515,random/repetition_1,random,random,1,1,32,4,loss,variable_encoder_2_4/repetition_3
36,3516,variable_encoder_2_4/repetition_3,ff7c9e64890348edad17616988967f76,variable_encoder_2_4,3,0,66,4,win,random/repetition_1
36,3516,random/repetition_1,random,random,1,1,51,2,loss,variable_encoder_2_4/repetition_3
36,3517,variable_encoder_2_4/repetition_3,ff7c9e64890348edad17616988967f76,variable_encoder_2_4,3,0,68,6,win,random/repetition_1
36,3517,random/repetition_1,random,random,1,1,39,2,loss,variable_encoder_2_4/repetition_3
36,3518,variable_encoder_2_4/repetition_3,ff7c9e64890348edad17616988967f76,variable_encoder_2_4,3,0,62,4,win,random/repetition_1
36,3518,random/repetition_1,random,random,1,1,59,0,loss,variable_encoder_2_4/repetition_3
36,3519,variable_encoder_2_4/repetition_3,ff7c9e64890348edad17616988967f76,variable_encoder_2_4,3,0,64,3,win,random/repetition_1
36,3519,random/repetition_1,random,random,1,1,37,1,loss,variable_encoder_2_4/repetition_3
36,3520,random/repetition_1,random,random,1,0,44,2,loss,variable_encoder_2_4/repetition_3
36,3520,variable_encoder_2_4/repetition_3,ff7c9e64890348edad17616988967f76,variable_encoder_2_4,3,1,65,5,win,random/repetition_1
36,3521,variable_encoder_2_4/repetition_3,ff7c9e64890348edad17616988967f76,variable_encoder_2_4,3,0,61,3,win,random/repetition_1
36,3521,random/repetition_1,random,random,1,1,54,0,loss,variable_encoder_2_4/repetition_3
36,3522,random/repetition_1,random,random,1,0,37,5,loss,variable_encoder_2_4/repetition_3
36,3522,variable_encoder_2_4/repetition_3,ff7c9e64890348edad17616988967f76,variable_encoder_2_4,3,1,72,3,win,random/repetition_1
36,3523,random/repetition_1,random,random,1,0,40,2,loss,variable_encoder_2_4/repetition_3
36,3523,variable_encoder_2_4/repetition_3,ff7c9e64890348edad17616988967f76,variable_encoder_2_4,3,1,61,3,win,random/repetition_1
36,3524,random/repetition_1,random,random,1,0,38,2,loss,variable_encoder_2_4/repetition_3
36,3524,variable_encoder_2_4/repetition_3,ff7c9e64890348edad17616988967f76,variable_encoder_2_4,3,1,56,4,win,random/repetition_1
36,3525,random/repetition_1,random,random,1,0,31,4,loss,variable_encoder_2_4/repetition_3
36,3525,variable_encoder_2_4/repetition_3,ff7c9e64890348edad17616988967f76,variable_encoder_2_4,3,1,52,4,win,random/repetition_1
36,3526,variable_encoder_2_4/repetition_3,ff7c9e64890348edad17616988967f76,variable_encoder_2_4,3,0,61,4,win,random/repetition_1
36,3526,random/repetition_1,random,random,1,1,43,1,loss,variable_encoder_2_4/repetition_3
36,3527,random/repetition_1,random,random,1,0,41,3,loss,variable_encoder_2_4/repetition_3
36,3527,variable_encoder_2_4/repetition_3,ff7c9e64890348edad17616988967f76,variable_encoder_2_4,3,1,58,3,win,random/repetition_1
36,3528,random/repetition_1,random,random,1,0,34,3,loss,variable_encoder_2_4/repetition_3
36,3528,variable_encoder_2_4/repetition_3,ff7c9e64890348edad17616988967f76,variable_encoder_2_4,3,1,59,4,win,random/repetition_1
36,3529,random/repetition_1,random,random,1,0,48,1,loss,variable_encoder_2_4/repetition_3
36,3529,variable_encoder_2_4/repetition_3,ff7c9e64890348edad17616988967f76,variable_encoder_2_4,3,1,56,1,win,random/repetition_1
36,3530,variable_encoder_2_4/repetition_3,ff7c9e64890348edad17616988967f76,variable_encoder_2_4,3,0,59,2,win,random/repetition_1
36,3530,random/repetition_1,random,random,1,1,41,2,loss,variable_encoder_2_4/repetition_3
36,3531,variable_encoder_2_4/repetition_3,ff7c9e64890348edad17616988967f76,variable_encoder_2_4,3,0,72,3,win,random/repetition_1
36,3531,random/repetition_1,random,random,1,1,36,1,loss,variable_encoder_2_4/repetition_3
36,3532,random/repetition_1,random,random,1,0,44,2,loss,variable_encoder_2_4/repetition_3
36,3532,variable_encoder_2_4/repetition_3,ff7c9e64890348edad17616988967f76,variable_encoder_2_4,3,1,79,3,win,random/repetition_1
36,3533,variable_encoder_2_4/repetition_3,ff7c9e64890348edad17616988967f76,variable_encoder_2_4,3,0,60,4,win,random/repetition_1
36,3533,random/repetition_1,random,random,1,1,42,2,loss,variable_encoder_2_4/repetition_3
36,3534,variable_encoder_2_4/repetition_3,ff7c9e64890348edad17616988967f76,variable_encoder_2_4,3,0,59,2,win,random/repetition_1
36,3534,random/repetition_1,random,random,1,1,40,2,loss,variable_encoder_2_4/repetition_3
36,3535,random/repetition_1,random,random,1,0,42,2,loss,variable_encoder_2_4/repetition_3
36,3535,variable_encoder_2_4/repetition_3,ff7c9e64890348edad17616988967f76,variable_encoder_2_4,3,1,72,1,win,random/repetition_1
36,3536,random/repetition_1,random,random,1,0,38,1,loss,variable_encoder_2_4/repetition_3
36,3536,variable_encoder_2_4/repetition_3,ff7c9e64890348edad17616988967f76,variable_encoder_2_4,3,1,63,4,win,random/repetition_1
36,3537,variable_encoder_2_4/repetition_3,ff7c9e64890348edad17616988967f76,variable_encoder_2_4,3,0,65,4,win,random/repetition_1
36,3537,random/repetition_1,random,random,1,1,46,2,loss,variable_encoder_2_4/repetition_3
36,3538,random/repetition_1,random,random,1,0,33,3,loss,variable_encoder_2_4/repetition_3
36,3538,variable_encoder_2_4/repetition_3,ff7c9e64890348edad17616988967f76,variable_encoder_2_4,3,1,57,3,win,random/repetition_1
36,3539,variable_encoder_2_4/repetition_3,ff7c9e64890348edad17616988967f76,variable_encoder_2_4,3,0,75,2,win,random/repetition_1
36,3539,random/repetition_1,random,random,1,1,48,2,loss,variable_encoder_2_4/repetition_3
36,3540,variable_encoder_2_4/repetition_3,ff7c9e64890348edad17616988967f76,variable_encoder_2_4,3,0,63,5,win,random/repetition_1
36,3540,random/repetition_1,random,random,1,1,51,2,loss,variable_encoder_2_4/repetition_3
36,3541,random/repetition_1,random,random,1,0,44,1,loss,variable_encoder_2_4/repetition_3
36,3541,variable_encoder_2_4/repetition_3,ff7c9e64890348edad17616988967f76,variable_encoder_2_4,3,1,71,4,win,random/repetition_1
36,3542,random/repetition_1,random,random,1,0,36,3,loss,variable_encoder_2_4/repetition_3
36,3542,variable_encoder_2_4/repetition_3,ff7c9e64890348edad17616988967f76,variable_encoder_2_4,3,1,72,5,win,random/repetition_1
36,3543,random/repetition_1,random,random,1,0,36,3,loss,variable_encoder_2_4/repetition_3
36,3543,variable_encoder_2_4/repetition_3,ff7c9e64890348edad17616988967f76,variable_encoder_2_4,3,1,67,3,win,random/repetition_1
36,3544,variable_encoder_2_4/repetition_3,ff7c9e64890348edad17616988967f76,variable_encoder_2_4,3,0,63,4,win,random/repetition_1
36,3544,random/repetition_1,random,random,1,1,43,3,loss,variable_encoder_2_4/repetition_3
36,3545,random/repetition_1,random,random,1,0,40,3,loss,variable_encoder_2_4/repetition_3
36,3545,variable_encoder_2_4/repetition_3,ff7c9e64890348edad17616988967f76,variable_encoder_2_4,3,1,60,6,win,random/repetition_1
36,3546,random/repetition_1,random,random,1,0,46,3,loss,variable_encoder_2_4/repetition_3
36,3546,variable_encoder_2_4/repetition_3,ff7c9e64890348edad17616988967f76,variable_encoder_2_4,3,1,59,1,win,random/repetition_1
36,3547,variable_encoder_2_4/repetition_3,ff7c9e64890348edad17616988967f76,variable_encoder_2_4,3,0,70,2,win,random/repetition_1
36,3547,random/repetition_1,random,random,1,1,48,2,loss,variable_encoder_2_4/repetition_3
36,3548,variable_encoder_2_4/repetition_3,ff7c9e64890348edad17616988967f76,variable_encoder_2_4,3,0,71,2,win,random/repetition_1
36,3548,random/repetition_1,random,random,1,1,32,2,loss,variable_encoder_2_4/repetition_3
36,3549,random/repetition_1,random,random,1,0,57,3,loss,variable_encoder_2_4/repetition_3
36,3549,variable_encoder_2_4/repetition_3,ff7c9e64890348edad17616988967f76,variable_encoder_2_4,3,1,62,3,win,random/repetition_1
36,3550,variable_encoder_2_4/repetition_3,ff7c9e64890348edad17616988967f76,variable_encoder_2_4,3,0,57,4,win,random/repetition_1
36,3550,random/repetition_1,random,random,1,1,39,0,loss,variable_encoder_2_4/repetition_3
36,3551,random/repetition_1,random,random,1,0,43,1,loss,variable_encoder_2_4/repetition_3
36,3551,variable_encoder_2_4/repetition_3,ff7c9e64890348edad17616988967f76,variable_encoder_2_4,3,1,67,3,win,random/repetition_1
36,3552,variable_encoder_2_4/repetition_3,ff7c9e64890348edad17616988967f76,variable_encoder_2_4,3,0,65,3,win,random/repetition_1
36,3552,random/repetition_1,random,random,1,1,54,3,loss,variable_encoder_2_4/repetition_3
36,3553,variable_encoder_2_4/repetition_3,ff7c9e64890348edad17616988967f76,variable_encoder_2_4,3,0,65,6,win,random/repetition_1
36,3553,random/repetition_1,random,random,1,1,41,2,loss,variable_encoder_2_4/repetition_3
36,3554,variable_encoder_2_4/repetition_3,ff7c9e64890348edad17616988967f76,variable_encoder_2_4,3,0,68,3,win,random/repetition_1
36,3554,random/repetition_1,random,random,1,1,49,3,loss,variable_encoder_2_4/repetition_3
36,3555,random/repetition_1,random,random,1,0,41,3,loss,variable_encoder_2_4/repetition_3
36,3555,variable_encoder_2_4/repetition_3,ff7c9e64890348edad17616988967f76,variable_encoder_2_4,3,1,60,3,win,random/repetition_1
36,3556,random/repetition_1,random,random,1,0,33,3,loss,variable_encoder_2_4/repetition_3
36,3556,variable_encoder_2_4/repetition_3,ff7c9e64890348edad17616988967f76,variable_encoder_2_4,3,1,58,2,win,random/repetition_1
36,3557,random/repetition_1,random,random,1,0,27,2,loss,variable_encoder_2_4/repetition_3
36,3557,variable_encoder_2_4/repetition_3,ff7c9e64890348edad17616988967f76,variable_encoder_2_4,3,1,69,3,win,random/repetition_1
36,3558,random/repetition_1,random,random,1,0,54,3,loss,variable_encoder_2_4/repetition_3
36,3558,variable_encoder_2_4/repetition_3,ff7c9e64890348edad17616988967f76,variable_encoder_2_4,3,1,57,3,win,random/repetition_1
36,3559,variable_encoder_2_4/repetition_3,ff7c9e64890348edad17616988967f76,variable_encoder_2_4,3,0,70,2,win,random/repetition_1
36,3559,random/repetition_1,random,random,1,1,31,2,loss,variable_encoder_2_4/repetition_3
36,3560,variable_encoder_2_4/repetition_3,ff7c9e64890348edad17616988967f76,variable_encoder_2_4,3,0,80,4,win,random/repetition_1
36,3560,random/repetition_1,random,random,1,1,37,0,loss,variable_encoder_2_4/repetition_3
36,3561,variable_encoder_2_4/repetition_3,ff7c9e64890348edad17616988967f76,variable_encoder_2_4,3,0,62,3,win,random/repetition_1
36,3561,random/repetition_1,random,random,1,1,48,1,loss,variable_encoder_2_4/repetition_3
36,3562,variable_encoder_2_4/repetition_3,ff7c9e64890348edad17616988967f76,variable_encoder_2_4,3,0,55,2,win,random/repetition_1
36,3562,random/repetition_1,random,random,1,1,45,3,loss,variable_encoder_2_4/repetition_3
36,3563,variable_encoder_2_4/repetition_3,ff7c9e64890348edad17616988967f76,variable_encoder_2_4,3,0,69,4,win,random/repetition_1
36,3563,random/repetition_1,random,random,1,1,51,2,loss,variable_encoder_2_4/repetition_3
36,3564,variable_encoder_2_4/repetition_3,ff7c9e64890348edad17616988967f76,variable_encoder_2_4,3,0,60,4,win,random/repetition_1
36,3564,random/repetition_1,random,random,1,1,29,2,loss,variable_encoder_2_4/repetition_3
36,3565,random/repetition_1,random,random,1,0,32,2,loss,variable_encoder_2_4/repetition_3
36,3565,variable_encoder_2_4/repetition_3,ff7c9e64890348edad17616988967f76,variable_encoder_2_4,3,1,57,3,win,random/repetition_1
36,3566,variable_encoder_2_4/repetition_3,ff7c9e64890348edad17616988967f76,variable_encoder_2_4,3,0,54,1,win,random/repetition_1
36,3566,random/repetition_1,random,random,1,1,47,1,loss,variable_encoder_2_4/repetition_3
36,3567,random/repetition_1,random,random,1,0,42,4,loss,variable_encoder_2_4/repetition_3
36,3567,variable_encoder_2_4/repetition_3,ff7c9e64890348edad17616988967f76,variable_encoder_2_4,3,1,71,2,win,random/repetition_1
36,3568,variable_encoder_2_4/repetition_3,ff7c9e64890348edad17616988967f76,variable_encoder_2_4,3,0,63,3,win,random/repetition_1
36,3568,random/repetition_1,random,random,1,1,41,3,loss,variable_encoder_2_4/repetition_3
36,3569,random/repetition_1,random,random,1,0,41,2,loss,variable_encoder_2_4/repetition_3
36,3569,variable_encoder_2_4/repetition_3,ff7c9e64890348edad17616988967f76,variable_encoder_2_4,3,1,63,4,win,random/repetition_1
36,3570,random/repetition_1,random,random,1,0,50,3,loss,variable_encoder_2_4/repetition_3
36,3570,variable_encoder_2_4/repetition_3,ff7c9e64890348edad17616988967f76,variable_encoder_2_4,3,1,68,1,win,random/repetition_1
36,3571,variable_encoder_2_4/repetition_3,ff7c9e64890348edad17616988967f76,variable_encoder_2_4,3,0,59,4,win,random/repetition_1
36,3571,random/repetition_1,random,random,1,1,40,3,loss,variable_encoder_2_4/repetition_3
36,3572,variable_encoder_2_4/repetition_3,ff7c9e64890348edad17616988967f76,variable_encoder_2_4,3,0,64,5,win,random/repetition_1
36,3572,random/repetition_1,random,random,1,1,34,3,loss,variable_encoder_2_4/repetition_3
36,3573,random/repetition_1,random,random,1,0,43,2,loss,variable_encoder_2_4/repetition_3
36,3573,variable_encoder_2_4/repetition_3,ff7c9e64890348edad17616988967f76,variable_encoder_2_4,3,1,62,2,win,random/repetition_1
36,3574,random/repetition_1,random,random,1,0,20,2,loss,variable_encoder_2_4/repetition_3
36,3574,variable_encoder_2_4/repetition_3,ff7c9e64890348edad17616988967f76,variable_encoder_2_4,3,1,60,3,win,random/repetition_1
36,3575,random/repetition_1,random,random,1,0,26,2,loss,variable_encoder_2_4/repetition_3
36,3575,variable_encoder_2_4/repetition_3,ff7c9e64890348edad17616988967f76,variable_encoder_2_4,3,1,70,4,win,random/repetition_1
36,3576,variable_encoder_2_4/repetition_3,ff7c9e64890348edad17616988967f76,variable_encoder_2_4,3,0,63,4,win,random/repetition_1
36,3576,random/repetition_1,random,random,1,1,39,1,loss,variable_encoder_2_4/repetition_3
36,3577,variable_encoder_2_4/repetition_3,ff7c9e64890348edad17616988967f76,variable_encoder_2_4,3,0,51,4,win,random/repetition_1
36,3577,random/repetition_1,random,random,1,1,33,2,loss,variable_encoder_2_4/repetition_3
36,3578,variable_encoder_2_4/repetition_3,ff7c9e64890348edad17616988967f76,variable_encoder_2_4,3,0,68,4,win,random/repetition_1
36,3578,random/repetition_1,random,random,1,1,41,2,loss,variable_encoder_2_4/repetition_3
36,3579,random/repetition_1,random,random,1,0,42,2,loss,variable_encoder_2_4/repetition_3
36,3579,variable_encoder_2_4/repetition_3,ff7c9e64890348edad17616988967f76,variable_encoder_2_4,3,1,72,2,win,random/repetition_1
36,3580,random/repetition_1,random,random,1,0,39,3,loss,variable_encoder_2_4/repetition_3
36,3580,variable_encoder_2_4/repetition_3,ff7c9e64890348edad17616988967f76,variable_encoder_2_4,3,1,61,4,win,random/repetition_1
36,3581,random/repetition_1,random,random,1,0,48,2,loss,variable_encoder_2_4/repetition_3
36,3581,variable_encoder_2_4/repetition_3,ff7c9e64890348edad17616988967f76,variable_encoder_2_4,3,1,57,5,win,random/repetition_1
36,3582,variable_encoder_2_4/repetition_3,ff7c9e64890348edad17616988967f76,variable_encoder_2_4,3,0,65,4,win,random/repetition_1
36,3582,random/repetition_1,random,random,1,1,34,2,loss,variable_encoder_2_4/repetition_3
36,3583,random/repetition_1,random,random,1,0,45,2,loss,variable_encoder_2_4/repetition_3
36,3583,variable_encoder_2_4/repetition_3,ff7c9e64890348edad17616988967f76,variable_encoder_2_4,3,1,69,4,win,random/repetition_1
36,3584,variable_encoder_2_4/repetition_3,ff7c9e64890348edad17616988967f76,variable_encoder_2_4,3,0,56,3,win,random/repetition_1
36,3584,random/repetition_1,random,random,1,1,53,3,loss,variable_encoder_2_4/repetition_3
36,3585,random/repetition_1,random,random,1,0,39,1,loss,variable_encoder_2_4/repetition_3
36,3585,variable_encoder_2_4/repetition_3,ff7c9e64890348edad17616988967f76,variable_encoder_2_4,3,1,63,2,win,random/repetition_1
36,3586,random/repetition_1,random,random,1,0,41,3,loss,variable_encoder_2_4/repetition_3
36,3586,variable_encoder_2_4/repetition_3,ff7c9e64890348edad17616988967f76,variable_encoder_2_4,3,1,67,3,win,random/repetition_1
36,3587,variable_encoder_2_4/repetition_3,ff7c9e64890348edad17616988967f76,variable_encoder_2_4,3,0,71,2,win,random/repetition_1
36,3587,random/repetition_1,random,random,1,1,56,3,loss,variable_encoder_2_4/repetition_3
36,3588,variable_encoder_2_4/repetition_3,ff7c9e64890348edad17616988967f76,variable_encoder_2_4,3,0,57,1,win,random/repetition_1
36,3588,random/repetition_1,random,random,1,1,40,4,loss,variable_encoder_2_4/repetition_3
36,3589,variable_encoder_2_4/repetition_3,ff7c9e64890348edad17616988967f76,variable_encoder_2_4,3,0,63,5,win,random/repetition_1
36,3589,random/repetition_1,random,random,1,1,39,2,loss,variable_encoder_2_4/repetition_3
36,3590,random/repetition_1,random,random,1,0,40,2,loss,variable_encoder_2_4/repetition_3
36,3590,variable_encoder_2_4/repetition_3,ff7c9e64890348edad17616988967f76,variable_encoder_2_4,3,1,61,1,win,random/repetition_1
36,3591,variable_encoder_2_4/repetition_3,ff7c9e64890348edad17616988967f76,variable_encoder_2_4,3,0,68,4,win,random/repetition_1
36,3591,random/repetition_1,random,random,1,1,37,1,loss,variable_encoder_2_4/repetition_3
36,3592,random/repetition_1,random,random,1,0,34,2,loss,variable_encoder_2_4/repetition_3
36,3592,variable_encoder_2_4/repetition_3,ff7c9e64890348edad17616988967f76,variable_encoder_2_4,3,1,61,5,win,random/repetition_1
36,3593,random/repetition_1,random,random,1,0,29,5,loss,variable_encoder_2_4/repetition_3
36,3593,variable_encoder_2_4/repetition_3,ff7c9e64890348edad17616988967f76,variable_encoder_2_4,3,1,58,2,win,random/repetition_1
36,3594,variable_encoder_2_4/repetition_3,ff7c9e64890348edad17616988967f76,variable_encoder_2_4,3,0,70,3,win,random/repetition_1
36,3594,random/repetition_1,random,random,1,1,40,2,loss,variable_encoder_2_4/repetition_3
36,3595,random/repetition_1,random,random,1,0,40,1,loss,variable_encoder_2_4/repetition_3
36,3595,variable_encoder_2_4/repetition_3,ff7c9e64890348edad17616988967f76,variable_encoder_2_4,3,1,72,4,win,random/repetition_1
36,3596,variable_encoder_2_4/repetition_3,ff7c9e64890348edad17616988967f76,variable_encoder_2_4,3,0,70,2,win,random/repetition_1
36,3596,random/repetition_1,random,random,1,1,34,1,loss,variable_encoder_2_4/repetition_3
36,3597,random/repetition_1,random,random,1,0,37,3,loss,variable_encoder_2_4/repetition_3
36,3597,variable_encoder_2_4/repetition_3,ff7c9e64890348edad17616988967f76,variable_encoder_2_4,3,1,71,6,win,random/repetition_1
36,3598,random/repetition_1,random,random,1,0,42,1,loss,variable_encoder_2_4/repetition_3
36,3598,variable_encoder_2_4/repetition_3,ff7c9e64890348edad17616988967f76,variable_encoder_2_4,3,1,82,3,win,random/repetition_1
36,3599,random/repetition_1,random,random,1,0,32,3,loss,variable_encoder_2_4/repetition_3
36,3599,variable_encoder_2_4/repetition_3,ff7c9e64890348edad17616988967f76,variable_encoder_2_4,3,1,64,4,win,random/repetition_1
36,3600,random/repetition_1,random,random,1,0,34,2,loss,variable_encoder_2_4/repetition_3
36,3600,variable_encoder_2_4/repetition_3,ff7c9e64890348edad17616988967f76,variable_encoder_2_4,3,1,44,7,win,random/repetition_1
